date,temperature_2m,relative_humidity_2m,precipitation,wind_speed_10m,wind_direction_10m,soil_moisture_0_to_7cm
2019-06-02 16:00:00+00:00,25.3,95.0539,2.3,3.396233,237.99466,0.435
2019-06-02 17:00:00+00:00,24.5,99.701164,2.0,3.0758414,249.44386,0.428
2019-06-02 18:00:00+00:00,24.4,99.70097,0.1,3.6,270.0,0.424
2019-06-02 19:00:00+00:00,24.25,100.0,0.0,4.3349743,265.23645,0.421
2019-06-02 20:00:00+00:00,24.1,100.0,0.0,4.73506,261.2539,0.419
2019-06-02 21:00:00+00:00,24.5,97.9245,0.0,9.931042,226.46873,0.417
2019-06-02 22:00:00+00:00,23.95,97.91604,0.2,8.707237,209.7448,0.417
2019-06-02 23:00:00+00:00,24.05,97.62322,0.0,9.19939,210.57915,0.415
2019-06-03 00:00:00+00:00,24.65,97.92681,0.1,7.928177,219.47243,0.417
2019-06-03 01:00:00+00:00,25.6,95.34895,0.1,5.634891,206.56499,0.415
2019-06-03 02:00:00+00:00,27.05,89.90597,0.1,3.0547013,224.9999,0.414
2019-06-03 03:00:00+00:00,28.7,82.874504,0.2,3.7585104,253.30067,0.413
2019-06-03 04:00:00+00:00,28.4,85.338104,0.3,5.8048253,262.8751,0.413
2019-06-03 05:00:00+00:00,29.55,78.665344,0.2,6.162207,276.70975,0.412
2019-06-03 06:00:00+00:00,29.25,76.084656,0.3,6.696387,233.74606,0.411
2019-06-03 07:00:00+00:00,26.3,91.47835,6.3,7.9932966,144.16226,0.433
2019-06-03 08:00:00+00:00,26.05,95.08079,0.6,1.5273507,224.9999,0.43
2019-06-03 09:00:00+00:00,26.05,93.67486,0.3,3.2399998,180.0,0.427
2019-06-03 10:00:00+00:00,25.4,97.93827,0.9,3.2599385,173.6599,0.429
2019-06-03 11:00:00+00:00,24.85,100.0,0.9,2.9024127,150.2552,0.435
2019-06-03 12:00:00+00:00,25.45,97.357056,0.8,2.3051248,128.65984,0.417
2019-06-03 13:00:00+00:00,25.45,99.99999,0.7,2.9024127,240.2552,0.423
2019-06-03 14:00:00+00:00,25.4,100.0,2.4,4.072935,224.9999,0.438
2019-06-03 15:00:00+00:00,24.45,100.0,10.5,3.7585104,196.69933,0.436
2019-06-03 16:00:00+00:00,24.55,100.0,5.1,3.6179552,174.2895,0.439
2019-06-03 17:00:00+00:00,24.3,100.0,11.9,4.072935,224.9999,0.439
2019-06-03 18:00:00+00:00,24.2,100.0,11.6,5.315336,208.30066,0.439
2019-06-03 19:00:00+00:00,24.15,100.0,4.4,4.2136917,199.9832,0.439
2019-06-03 20:00:00+00:00,24.05,100.0,3.3,2.6208394,195.94547,0.434
2019-06-03 21:00:00+00:00,24.15,100.0,1.9,3.9763298,275.19434,0.436
2019-06-03 22:00:00+00:00,23.65,100.0,1.8,4.3349743,221.63345,0.435
2019-06-03 23:00:00+00:00,24.0,100.0,2.0,6.193674,215.53777,0.439
2019-06-04 00:00:00+00:00,24.6,100.0,1.8,2.0991426,210.96368,0.438
2019-06-04 01:00:00+00:00,24.95,100.0,1.8,6.28713,246.3706,0.434
2019-06-04 02:00:00+00:00,25.15,99.99999,1.4,7.771331,256.60748,0.437
2019-06-04 03:00:00+00:00,25.4,99.703186,0.8,9.746631,265.76367,0.436
2019-06-04 04:00:00+00:00,25.5,100.0,0.8,8.049845,259.69522,0.435
2019-06-04 05:00:00+00:00,25.95,99.40951,0.6,5.0142193,248.96242,0.433
2019-06-04 06:00:00+00:00,26.25,97.66146,0.5,4.072935,224.9999,0.431
2019-06-04 07:00:00+00:00,26.35,97.37445,0.8,4.5820518,224.9999,0.434
2019-06-04 08:00:00+00:00,25.9,99.1151,0.4,4.379589,279.46225,0.431
2019-06-04 09:00:00+00:00,25.4,100.0,0.3,5.315336,298.30066,0.429
2019-06-04 10:00:00+00:00,24.8,100.0,0.5,4.3498964,294.44394,0.431
2019-06-04 11:00:00+00:00,24.4,100.0,0.5,4.5536795,251.56496,0.433
2019-06-04 12:00:00+00:00,25.7,94.50228,0.5,3.0758414,200.55612,0.425
2019-06-04 13:00:00+00:00,24.45,99.70103,0.5,1.2979984,146.3099,0.428
2019-06-04 14:00:00+00:00,24.0,100.0,0.0,3.0547013,135.0001,0.424
2019-06-04 15:00:00+00:00,23.95,100.0,0.0,3.319036,167.4712,0.422
2019-06-04 16:00:00+00:00,23.4,100.0,0.0,4.3349743,184.76355,0.419
2019-06-04 17:00:00+00:00,23.0,100.0,0.0,3.0758414,159.44388,0.417
2019-06-04 18:00:00+00:00,23.5,100.0,0.0,2.5455842,135.0001,0.415
2019-06-04 19:00:00+00:00,23.5,100.0,0.0,2.0991426,149.03632,0.414
2019-06-04 20:00:00+00:00,24.15,95.876274,0.0,1.484318,165.96373,0.412
2019-06-04 21:00:00+00:00,24.3,94.446106,0.0,2.8799999,180.0,0.411
2019-06-04 22:00:00+00:00,24.1,95.58587,0.0,5.4477882,187.59456,0.41
2019-06-04 23:00:00+00:00,24.5,95.598785,0.0,6.2145634,190.00792,0.409
2019-06-05 00:00:00+00:00,25.5,94.49428,0.0,3.6179552,174.2895,0.407
2019-06-05 01:00:00+00:00,27.35,85.99957,0.0,4.1046314,142.12495,0.406
2019-06-05 02:00:00+00:00,28.65,78.070595,0.2,4.0249224,116.56499,0.406
2019-06-05 03:00:00+00:00,29.7,72.16353,0.4,5.5887027,75.068535,0.407
2019-06-05 04:00:00+00:00,30.25,70.3389,0.5,5.00128,59.743652,0.408
2019-06-05 05:00:00+00:00,31.15,65.61925,0.3,3.8268526,48.814175,0.407
2019-06-05 06:00:00+00:00,31.1,66.20294,0.3,3.096837,54.46224,0.407
2019-06-05 07:00:00+00:00,30.85,67.55824,0.1,3.8773184,158.19853,0.405
2019-06-05 08:00:00+00:00,28.9,83.390495,0.8,6.379216,163.61038,0.409
2019-06-05 09:00:00+00:00,28.7,81.65177,0.0,6.9247384,152.10283,0.407
2019-06-05 10:00:00+00:00,27.5,88.34992,0.0,4.39436,124.992096,0.406
2019-06-05 11:00:00+00:00,26.55,92.04021,0.0,3.6,90.0,0.405
2019-06-05 12:00:00+00:00,26.2,90.92709,0.0,7.69592,100.784256,0.414
2019-06-05 13:00:00+00:00,26.1,90.64894,0.3,6.6185193,112.38018,0.414
2019-06-05 14:00:00+00:00,25.95,90.910965,0.0,6.379216,106.38962,0.412
2019-06-05 15:00:00+00:00,25.6,92.26222,0.0,4.6938252,94.39862,0.411
2019-06-05 16:00:00+00:00,25.15,95.619644,0.0,3.7585104,106.699326,0.409
2019-06-05 17:00:00+00:00,24.8,97.05314,0.0,3.6179552,5.7105074,0.408
2019-06-05 18:00:00+00:00,24.25,100.0,2.2,4.1046314,15.255177,0.429
2019-06-05 19:00:00+00:00,24.3,100.0,0.5,4.1046314,344.7448,0.428
2019-06-05 20:00:00+00:00,24.15,100.0,0.1,4.32,360.0,0.424
2019-06-05 21:00:00+00:00,23.85,100.0,0.1,4.6102495,38.65983,0.421
2019-06-05 22:00:00+00:00,24.1,100.0,0.0,3.6179552,95.7105,0.419
2019-06-05 23:00:00+00:00,24.75,97.92832,0.1,3.9763298,95.19434,0.418
2019-06-06 00:00:00+00:00,26.05,94.79811,0.1,3.0547013,44.999897,0.414
2019-06-06 01:00:00+00:00,27.35,92.906364,0.1,1.9386592,21.801476,0.413
2019-06-06 02:00:00+00:00,28.85,85.635765,0.3,1.5273507,44.999897,0.413
2019-06-06 03:00:00+00:00,29.0,85.90356,0.6,2.7416782,66.801384,0.415
2019-06-06 04:00:00+00:00,28.5,85.095505,0.7,4.452954,75.96373,0.417
2019-06-06 05:00:00+00:00,29.25,79.56479,0.8,2.5455842,44.999897,0.42
2019-06-06 06:00:00+00:00,28.45,80.893974,0.5,6.9527545,111.25058,0.421
2019-06-06 07:00:00+00:00,26.85,91.239845,1.7,5.8603754,79.380394,0.431
2019-06-06 08:00:00+00:00,26.85,93.15695,0.6,2.16,90.0,0.429
2019-06-06 09:00:00+00:00,26.5,97.08968,1.6,2.0991426,149.03632,0.432
2019-06-06 10:00:00+00:00,26.1,97.08115,0.4,4.5536795,71.564964,0.429
2019-06-06 11:00:00+00:00,25.75,97.36286,0.0,2.4149535,63.435013,0.426
2019-06-06 12:00:00+00:00,25.9,96.214645,0.0,5.8048253,82.875084,0.416
2019-06-06 13:00:00+00:00,25.55,97.35903,0.0,6.151683,110.55613,0.415
2019-06-06 14:00:00+00:00,25.2,97.35219,0.0,4.1046314,127.875046,0.413
2019-06-06 15:00:00+00:00,24.8,97.05314,0.0,3.6,126.86999,0.412
2019-06-06 16:00:00+00:00,24.55,97.632,0.0,2.8116899,129.80553,0.41
2019-06-06 17:00:00+00:00,24.3,97.62761,0.0,2.6208394,164.05453,0.409
2019-06-06 18:00:00+00:00,24.35,97.33551,0.0,2.0991426,149.03632,0.408
2019-06-06 19:00:00+00:00,24.65,95.030396,0.0,2.7416782,113.19862,0.407
2019-06-06 20:00:00+00:00,24.75,94.180466,0.0,3.319036,139.39879,0.406
2019-06-06 21:00:00+00:00,24.2,94.442024,1.5,5.991594,122.73522,0.423
2019-06-06 22:00:00+00:00,23.8,100.0,0.1,5.3517847,109.653915,0.421
2019-06-06 23:00:00+00:00,24.25,97.626724,0.1,5.8048253,119.74479,0.419
2019-06-07 00:00:00+00:00,25.2,95.05029,0.1,4.6102495,128.65984,0.421
2019-06-07 01:00:00+00:00,26.85,93.15695,0.2,1.8,180.0,0.42
2019-06-07 02:00:00+00:00,27.8,91.29865,0.3,1.9386592,201.80147,0.419
2019-06-07 03:00:00+00:00,28.35,90.26328,0.4,1.08,270.0,0.419
2019-06-07 04:00:00+00:00,27.9,94.0345,0.6,2.5455842,81.86999,0.42
2019-06-07 05:00:00+00:00,27.65,92.64777,0.6,3.319036,102.5288,0.422
2019-06-07 06:00:00+00:00,28.05,88.91915,0.2,2.7416782,113.19862,0.42
2019-06-07 07:00:00+00:00,27.45,89.9343,0.4,4.68,90.0,0.42
2019-06-07 08:00:00+00:00,27.0,93.1643,0.2,2.4149535,116.56499,0.418
2019-06-07 09:00:00+00:00,26.65,95.667244,0.4,2.1897945,189.46225,0.419
2019-06-07 10:00:00+00:00,26.1,93.95671,1.3,2.1897945,80.53775,0.425
2019-06-07 11:00:00+00:00,25.4,96.77694,0.1,3.219938,63.435013,0.422
2019-06-07 12:00:00+00:00,25.4,98.81729,0.3,3.096837,144.46223,0.424
2019-06-07 13:00:00+00:00,25.75,96.78519,0.0,5.3517847,137.72638,0.421
2019-06-07 14:00:00+00:00,25.45,97.06721,0.0,3.7585104,163.30067,0.419
2019-06-07 15:00:00+00:00,24.75,100.0,0.0,4.1046314,142.12495,0.417
2019-06-07 16:00:00+00:00,24.6,100.0,0.0,3.5455887,156.0375,0.416
2019-06-07 17:00:00+00:00,24.4,100.0,0.9,2.5959969,146.3099,0.427
2019-06-07 18:00:00+00:00,24.3,100.0,0.7,3.6179552,174.2895,0.43
2019-06-07 19:00:00+00:00,24.05,100.0,0.2,4.379589,170.53775,0.427
2019-06-07 20:00:00+00:00,23.85,100.0,0.3,2.5959969,146.3099,0.427
2019-06-07 21:00:00+00:00,23.6,100.0,0.2,3.4152596,161.56496,0.425
2019-06-07 22:00:00+00:00,23.5,100.0,0.1,2.5455842,171.86998,0.423
2019-06-07 23:00:00+00:00,24.15,96.74717,0.0,2.8799999,180.0,0.421
2019-06-08 00:00:00+00:00,25.2,96.77217,0.0,5.95906,244.98314,0.424
2019-06-08 01:00:00+00:00,26.5,96.23116,0.2,5.8603754,280.6196,0.422
2019-06-08 02:00:00+00:00,27.85,90.22902,0.3,5.4477882,277.59454,0.421
2019-06-08 03:00:00+00:00,28.05,84.54503,0.4,7.9526596,264.80566,0.421
2019-06-08 04:00:00+00:00,27.3,88.59698,0.5,6.439876,206.56499,0.421
2019-06-08 05:00:00+00:00,26.45,89.594925,0.3,6.28713,203.6294,0.42
2019-06-08 06:00:00+00:00,27.35,85.487404,0.2,6.638072,229.39879,0.419
2019-06-08 07:00:00+00:00,27.4,91.544685,0.4,6.439876,206.56499,0.419
2019-06-08 08:00:00+00:00,26.15,93.122536,0.3,4.6800003,202.6199,0.419
2019-06-08 09:00:00+00:00,26.0,93.67253,0.1,4.39436,214.9921,0.417
2019-06-08 10:00:00+00:00,25.8,95.92577,0.3,4.3498964,204.44394,0.417
2019-06-08 11:00:00+00:00,25.5,96.20355,0.3,3.6,233.13002,0.418
2019-06-08 12:00:00+00:00,25.0,95.61485,0.2,5.0911684,188.13002,0.421
2019-06-08 13:00:00+00:00,25.15,95.90638,0.0,5.4477882,187.59456,0.419
2019-06-08 14:00:00+00:00,25.0,96.76745,0.0,6.489992,199.44012,0.417
2019-06-08 15:00:00+00:00,24.9,97.05532,0.0,5.771239,183.57626,0.415
2019-06-08 16:00:00+00:00,24.75,97.34337,0.0,4.3349743,221.63345,0.414
2019-06-08 17:00:00+00:00,24.75,97.6355,0.0,6.638072,229.39879,0.413
2019-06-08 18:00:00+00:00,24.7,97.6346,0.0,5.6233797,230.19447,0.411
2019-06-08 19:00:00+00:00,24.4,98.80849,0.1,5.815978,201.80147,0.411
2019-06-08 20:00:00+00:00,24.3,98.807594,0.2,6.4096174,218.15727,0.411
2019-06-08 21:00:00+00:00,23.95,100.0,0.5,4.5536795,198.43504,0.415
2019-06-08 22:00:00+00:00,23.85,100.0,0.7,3.2399998,180.0,0.423
2019-06-08 23:00:00+00:00,23.95,100.0,0.5,3.563818,224.9999,0.427
2019-06-09 00:00:00+00:00,24.1,100.0,0.7,3.219938,153.43501,0.427
2019-06-09 01:00:00+00:00,24.2,100.0,1.4,2.2768397,161.56496,0.437
2019-06-09 02:00:00+00:00,24.45,100.0,2.1,1.484318,194.03627,0.439
2019-06-09 03:00:00+00:00,24.7,100.0,2.3,1.609969,206.56499,0.439
2019-06-09 04:00:00+00:00,25.05,100.0,2.2,1.9386592,248.19853,0.435
2019-06-09 05:00:00+00:00,25.15,99.99999,1.6,1.08,270.0,0.434
2019-06-09 06:00:00+00:00,25.9,90.90772,0.5,3.96,180.0,0.43
2019-06-09 07:00:00+00:00,25.95,88.75499,0.1,3.2599385,186.3401,0.425
2019-06-09 08:00:00+00:00,26.1,88.23542,0.0,3.2399998,180.0,0.422
2019-06-09 09:00:00+00:00,25.65,92.54187,0.0,2.968636,194.03627,0.419
2019-06-09 10:00:00+00:00,25.15,95.619644,0.0,2.9024127,209.7448,0.417
2019-06-09 11:00:00+00:00,24.35,98.21667,0.0,3.5455887,203.9625,0.415
2019-06-09 12:00:00+00:00,24.5,97.63112,0.0,4.379589,189.46225,0.412
2019-06-09 13:00:00+00:00,24.15,97.91912,0.0,2.3051248,141.34016,0.411
2019-06-09 14:00:00+00:00,24.4,95.595566,0.0,2.0991426,149.03632,0.41
2019-06-09 15:00:00+00:00,24.3,95.88081,0.0,5.8048253,172.87508,0.409
2019-06-09 16:00:00+00:00,24.0,96.74356,0.0,6.924738,188.97255,0.408
2019-06-09 17:00:00+00:00,23.8,97.324715,0.0,6.0347,197.35411,0.407
2019-06-09 18:00:00+00:00,23.6,97.91062,0.0,5.8048253,187.12492,0.406
2019-06-09 19:00:00+00:00,23.4,98.204094,0.0,5.0528407,184.08554,0.405
2019-06-09 20:00:00+00:00,22.95,98.496376,0.0,3.319036,167.4712,0.404
2019-06-09 21:00:00+00:00,22.35,98.79006,0.0,5.1544156,167.90526,0.403
2019-06-09 22:00:00+00:00,22.35,97.89108,0.0,3.96,180.0,0.403
2019-06-09 23:00:00+00:00,23.8,95.287445,0.0,3.7064266,209.0545,0.402
2019-06-10 00:00:00+00:00,25.0,90.30252,0.0,2.3051248,231.34016,0.401
2019-06-10 01:00:00+00:00,27.1,79.75282,0.0,2.5455842,261.87,0.399
2019-06-10 02:00:00+00:00,28.95,70.73865,0.0,3.2599385,263.6599,0.398
2019-06-10 03:00:00+00:00,30.15,65.81115,0.0,3.6,270.0,0.396
2019-06-10 04:00:00+00:00,31.5,62.60625,0.0,3.7585104,286.6993,0.393
2019-06-10 05:00:00+00:00,32.05,61.234394,0.0,3.5455887,293.9625,0.391
2019-06-10 06:00:00+00:00,32.35,60.023388,0.0,3.8268526,318.81415,0.389
2019-06-10 07:00:00+00:00,31.9,60.284645,0.0,3.2399998,360.0,0.387
2019-06-10 08:00:00+00:00,31.15,64.44557,0.1,4.1046314,52.124958,0.386
2019-06-10 09:00:00+00:00,29.8,75.94269,0.0,6.2145634,100.00792,0.385
2019-06-10 10:00:00+00:00,28.3,82.5819,0.0,5.8603754,132.5104,0.385
2019-06-10 11:00:00+00:00,27.25,85.47745,0.0,5.692099,124.69522,0.385
2019-06-10 12:00:00+00:00,26.8,89.62057,0.0,7.289444,110.22495,0.388
2019-06-10 13:00:00+00:00,26.7,89.346115,0.0,5.6002855,135.0001,0.388
2019-06-10 14:00:00+00:00,26.1,93.12002,0.0,2.7416782,156.80138,0.388
2019-06-10 15:00:00+00:00,26.05,91.73711,0.0,1.835647,101.3099,0.388
2019-06-10 16:00:00+00:00,25.4,95.34221,3.4,6.1305785,40.236294,0.422
2019-06-10 17:00:00+00:00,24.75,100.0,0.4,3.5455887,66.037506,0.422
2019-06-10 18:00:00+00:00,24.45,100.0,1.4,2.968636,75.96373,0.433
2019-06-10 19:00:00+00:00,24.3,100.0,1.5,2.5455842,81.86999,0.438
2019-06-10 20:00:00+00:00,24.15,100.0,1.1,2.4149535,116.56499,0.433
2019-06-10 21:00:00+00:00,24.05,100.0,0.9,2.52,360.0,0.432
2019-06-10 22:00:00+00:00,24.25,100.0,0.1,1.5273507,44.999897,0.427
2019-06-10 23:00:00+00:00,24.6,97.92605,0.0,1.2979984,123.690094,0.423
2019-06-11 00:00:00+00:00,25.65,95.06646,0.1,3.319036,310.60123,0.426
2019-06-11 01:00:00+00:00,26.35,92.30365,0.4,2.5959969,326.3099,0.423
2019-06-11 02:00:00+00:00,26.6,90.68203,0.2,3.319036,347.4712,0.421
2019-06-11 03:00:00+00:00,27.35,86.77289,0.3,3.219938,26.564985,0.42
2019-06-11 04:00:00+00:00,28.7,79.72822,0.2,3.219938,26.564985,0.417
2019-06-11 05:00:00+00:00,29.4,75.880745,0.1,5.1165614,50.710617,0.414
2019-06-11 06:00:00+00:00,29.25,76.084656,0.3,4.452954,104.03627,0.414
2019-06-11 07:00:00+00:00,29.2,75.623024,0.2,5.0911684,135.0001,0.412
2019-06-11 08:00:00+00:00,28.15,84.30437,1.2,5.6233797,140.19447,0.418
2019-06-11 09:00:00+00:00,27.7,90.75418,0.1,2.8116899,129.80553,0.415
2019-06-11 10:00:00+00:00,27.05,95.67979,0.0,2.5455842,135.0001,0.413
2019-06-11 11:00:00+00:00,26.35,95.94203,0.0,4.1046314,105.25517,0.411
2019-06-11 12:00:00+00:00,26.3,96.51154,0.0,5.315336,118.30067,0.404
2019-06-11 13:00:00+00:00,26.3,94.52613,0.0,6.1305785,130.23628,0.403
2019-06-11 14:00:00+00:00,25.75,95.63878,0.0,6.3690495,137.29063,0.402
2019-06-11 15:00:00+00:00,25.3,96.774574,0.0,6.4096174,141.84273,0.401
2019-06-11 16:00:00+00:00,25.15,96.482025,0.0,5.315336,151.69934,0.401
2019-06-11 17:00:00+00:00,24.75,97.34337,0.0,3.6179552,174.2895,0.4
2019-06-11 18:00:00+00:00,24.55,97.632,0.0,3.8773184,201.80147,0.399
2019-06-11 19:00:00+00:00,24.45,98.21801,0.0,5.4833565,203.19862,0.398
2019-06-11 20:00:00+00:00,24.25,98.51087,0.0,3.319036,192.5288,0.398
2019-06-11 21:00:00+00:00,24.0,98.508095,0.0,3.5455887,203.9625,0.397
2019-06-11 22:00:00+00:00,24.2,98.21469,0.0,2.9024127,209.7448,0.396
2019-06-11 23:00:00+00:00,25.2,94.76591,0.1,4.2136917,250.0168,0.397
2019-06-12 00:00:00+00:00,26.4,89.32366,0.3,7.145796,220.91429,0.399
2019-06-12 01:00:00+00:00,27.3,87.28739,0.1,4.8965297,233.97253,0.398
2019-06-12 02:00:00+00:00,28.25,85.07006,0.1,3.5455887,246.0375,0.398
2019-06-12 03:00:00+00:00,28.8,82.15094,0.2,2.52,270.0,0.398
2019-06-12 04:00:00+00:00,29.85,75.050446,0.2,1.8,270.0,0.397
2019-06-12 05:00:00+00:00,28.8,84.37351,3.4,7.754637,158.19853,0.431
2019-06-12 06:00:00+00:00,27.55,90.20838,9.0,6.439876,153.43501,0.431
2019-06-12 07:00:00+00:00,27.5,94.017334,2.3,4.802999,167.00539,0.439
2019-06-12 08:00:00+00:00,27.05,92.34203,3.3,1.609969,206.56499,0.432
2019-06-12 09:00:00+00:00,26.75,96.522934,0.5,2.2768397,71.564964,0.43
2019-06-12 10:00:00+00:00,26.05,97.3687,0.3,0.71999997,360.0,0.428
2019-06-12 11:00:00+00:00,26.05,96.79225,0.1,1.0182338,135.0001,0.425
2019-06-12 12:00:00+00:00,25.6,100.0,0.0,4.198285,59.03632,0.424
2019-06-12 13:00:00+00:00,25.8,100.0,0.2,1.9386592,68.19853,0.424
2019-06-12 14:00:00+00:00,25.55,99.99999,0.4,1.4399999,90.0,0.426
2019-06-12 15:00:00+00:00,25.2,100.0,0.1,2.8116899,39.805527,0.425
2019-06-12 16:00:00+00:00,24.8,99.70185,0.9,3.8939953,56.3099,0.433
2019-06-12 17:00:00+00:00,24.6,100.0,0.1,2.9024127,97.12492,0.429
2019-06-12 18:00:00+00:00,24.7,100.0,0.2,2.2768397,18.435053,0.428
2019-06-12 19:00:00+00:00,24.7,100.0,0.1,3.2599385,276.3401,0.426
2019-06-12 20:00:00+00:00,24.8,97.34439,0.0,5.8603754,222.5104,0.423
2019-06-12 21:00:00+00:00,24.35,98.51197,0.0,7.653705,221.18582,0.42
2019-06-12 22:00:00+00:00,24.15,98.21406,0.0,7.289444,200.22495,0.418
2019-06-12 23:00:00+00:00,24.35,97.62848,0.0,6.193674,215.53777,0.416
2019-06-13 00:00:00+00:00,24.8,95.60842,0.0,6.1305785,229.76372,0.43
2019-06-13 01:00:00+00:00,26.15,89.8417,0.1,8.39657,210.96368,0.427
2019-06-13 02:00:00+00:00,27.25,82.95484,0.1,9.585739,214.28693,0.423
2019-06-13 03:00:00+00:00,28.15,82.07296,0.1,7.9036193,210.0685,0.42
2019-06-13 04:00:00+00:00,28.15,83.306145,0.1,7.2,233.13002,0.418
2019-06-13 05:00:00+00:00,28.3,81.60266,0.2,5.8603754,222.5104,0.417
2019-06-13 06:00:00+00:00,28.45,80.17253,0.2,5.3999996,216.86998,0.415
2019-06-13 07:00:00+00:00,28.75,76.92469,0.1,6.638072,220.60121,0.413
2019-06-13 08:00:00+00:00,28.5,77.118385,0.1,6.638072,220.60121,0.411
2019-06-13 09:00:00+00:00,27.5,86.014046,0.1,4.829907,206.56499,0.411
2019-06-13 10:00:00+00:00,25.95,97.94661,1.7,3.096837,144.46223,0.422
2019-06-13 11:00:00+00:00,25.45,97.93904,2.5,1.4399999,90.0,0.438
2019-06-13 12:00:00+00:00,25.95,93.950165,1.6,7.6367526,224.9999,0.431
2019-06-13 13:00:00+00:00,25.85,93.94581,0.0,6.696387,216.25392,0.426
2019-06-13 14:00:00+00:00,25.35,95.91232,0.0,6.830519,198.43504,0.423
2019-06-13 15:00:00+00:00,25.05,96.76866,0.0,6.489992,199.44012,0.42
2019-06-13 16:00:00+00:00,24.8,97.34439,0.0,5.815978,201.80147,0.418
2019-06-13 17:00:00+00:00,24.6,97.632866,0.0,6.28713,203.6294,0.416
2019-06-13 18:00:00+00:00,24.55,97.632,0.0,7.2,216.86998,0.414
2019-06-13 19:00:00+00:00,24.45,98.21801,0.0,6.489992,213.6901,0.413
2019-06-13 20:00:00+00:00,24.4,98.21739,0.0,7.4128532,209.0545,0.412
2019-06-13 21:00:00+00:00,24.35,98.21667,0.0,6.792466,212.00534,0.411
2019-06-13 22:00:00+00:00,24.35,97.92221,0.0,6.9153743,218.65984,0.41
2019-06-13 23:00:00+00:00,24.85,95.03766,0.0,7.928177,219.47243,0.409
2019-06-14 00:00:00+00:00,25.3,93.360054,0.0,10.00256,239.74365,0.419
2019-06-14 01:00:00+00:00,26.65,86.190125,0.0,8.39657,239.0363,0.416
2019-06-14 02:00:00+00:00,28.15,78.233406,0.0,5.4833565,246.80138,0.414
2019-06-14 03:00:00+00:00,29.25,74.28363,0.0,4.1046314,254.74483,0.412
2019-06-14 04:00:00+00:00,29.95,71.99117,0.1,3.0758414,249.44386,0.41
2019-06-14 05:00:00+00:00,30.95,67.57784,0.0,4.2136917,250.0168,0.407
2019-06-14 06:00:00+00:00,31.5,65.10241,0.1,4.829907,243.43501,0.405
2019-06-14 07:00:00+00:00,31.45,65.68047,0.0,4.5536795,251.56496,0.403
2019-06-14 08:00:00+00:00,30.4,69.52792,0.1,5.6233797,219.80553,0.401
2019-06-14 09:00:00+00:00,28.7,86.38375,0.4,4.32,180.0,0.403
2019-06-14 10:00:00+00:00,27.65,93.19605,0.0,2.0991426,120.96369,0.402
2019-06-14 11:00:00+00:00,26.6,95.9494,0.2,3.8939953,123.6901,0.402
2019-06-14 12:00:00+00:00,26.65,88.2806,0.8,6.9153743,141.34016,0.388
2019-06-14 13:00:00+00:00,26.6,89.60592,0.0,6.9247384,117.89718,0.388
2019-06-14 14:00:00+00:00,26.05,92.563225,0.0,6.151683,110.55613,0.388
2019-06-14 15:00:00+00:00,25.5,92.81169,0.0,3.7064266,119.05451,0.388
2019-06-14 16:00:00+00:00,25.3,91.692696,0.0,3.219938,116.56499,0.388
2019-06-14 17:00:00+00:00,25.1,93.07031,2.0,2.8116899,309.8055,0.404
2019-06-14 18:00:00+00:00,24.55,100.0,4.7,4.452954,255.96373,0.438
2019-06-14 19:00:00+00:00,24.55,100.0,1.2,2.968636,255.96373,0.431
2019-06-14 20:00:00+00:00,24.35,100.0,0.4,5.991594,212.73521,0.429
2019-06-14 21:00:00+00:00,24.1,100.0,0.6,4.379589,189.46225,0.43
2019-06-14 22:00:00+00:00,24.0,100.0,0.5,1.9386592,158.19853,0.43
2019-06-14 23:00:00+00:00,24.1,100.0,2.8,3.396233,327.99466,0.439
2019-06-15 00:00:00+00:00,24.4,100.0,1.0,5.0528407,184.08554,0.435
2019-06-15 01:00:00+00:00,24.45,100.0,3.1,4.5536795,161.56496,0.43
2019-06-15 02:00:00+00:00,24.05,100.0,2.4,6.130579,183.3664,0.434
2019-06-15 03:00:00+00:00,24.05,100.0,3.7,6.6185193,202.38017,0.437
2019-06-15 04:00:00+00:00,24.4,100.0,2.3,6.439876,206.56499,0.432
2019-06-15 05:00:00+00:00,24.85,99.701935,1.9,7.386582,226.97493,0.435
2019-06-15 06:00:00+00:00,25.15,99.99999,1.7,5.634891,243.43501,0.436
2019-06-15 07:00:00+00:00,25.6,100.0,1.1,5.904439,232.43134,0.436
2019-06-15 08:00:00+00:00,25.75,100.0,0.5,3.7585104,196.69933,0.432
2019-06-15 09:00:00+00:00,25.75,100.0,0.3,3.4152596,198.43504,0.428
2019-06-15 10:00:00+00:00,25.3,100.0,0.3,1.835647,168.69011,0.426
2019-06-15 11:00:00+00:00,24.7,100.0,0.4,2.5959969,123.690094,0.427
2019-06-15 12:00:00+00:00,24.8,98.22266,0.4,3.9763298,95.19434,0.427
2019-06-15 13:00:00+00:00,24.95,100.0,0.3,2.2768397,198.43504,0.427
2019-06-15 14:00:00+00:00,24.7,100.0,0.1,3.096837,215.53777,0.424
2019-06-15 15:00:00+00:00,24.5,100.0,0.0,2.5455842,135.0001,0.421
2019-06-15 16:00:00+00:00,24.35,100.0,0.0,2.5959969,146.3099,0.419
2019-06-15 17:00:00+00:00,24.0,100.0,0.0,2.6208394,164.05453,0.417
2019-06-15 18:00:00+00:00,23.85,100.0,0.0,3.4152596,161.56496,0.415
2019-06-15 19:00:00+00:00,23.85,100.0,0.0,2.16,180.0,0.414
2019-06-15 20:00:00+00:00,23.95,100.0,0.0,1.0182338,135.0001,0.413
2019-06-15 21:00:00+00:00,24.0,100.0,1.5,1.8,233.13002,0.429
2019-06-15 22:00:00+00:00,24.0,100.0,0.2,3.6,270.0,0.428
2019-06-15 23:00:00+00:00,24.5,97.338455,0.1,1.0182338,135.0001,0.425
2019-06-16 00:00:00+00:00,25.2,96.19518,0.0,2.0364676,224.9999,0.409
2019-06-16 01:00:00+00:00,26.5,90.40514,0.0,2.2768397,288.43503,0.408
2019-06-16 02:00:00+00:00,27.75,81.04737,0.1,2.9024127,277.1249,0.407
2019-06-16 03:00:00+00:00,29.35,71.66978,0.0,2.5455842,278.13,0.405
2019-06-16 04:00:00+00:00,30.5,65.48603,0.0,3.2599385,263.6599,0.403
2019-06-16 05:00:00+00:00,31.35,63.908005,0.0,4.0249224,243.43501,0.401
2019-06-16 06:00:00+00:00,31.4,64.49787,0.0,5.4833565,203.19862,0.398
2019-06-16 07:00:00+00:00,30.4,66.66182,0.2,6.489992,176.82024,0.398
2019-06-16 08:00:00+00:00,30.1,68.22871,0.1,4.802999,167.00539,0.397
2019-06-16 09:00:00+00:00,29.65,75.242905,0.0,5.5887027,165.06853,0.395
2019-06-16 10:00:00+00:00,27.7,86.804825,0.0,4.452954,165.96373,0.395
2019-06-16 11:00:00+00:00,27.7,80.07361,0.7,2.0991426,210.96368,0.399
2019-06-16 12:00:00+00:00,26.4,84.36989,0.3,6.9153743,141.34016,0.389
2019-06-16 13:00:00+00:00,26.35,85.38728,0.0,6.1305785,130.23628,0.388
2019-06-16 14:00:00+00:00,26.3,82.59465,0.0,7.2,126.86999,0.388
2019-06-16 15:00:00+00:00,25.9,79.106804,0.0,6.1094027,135.0001,0.388
2019-06-16 16:00:00+00:00,25.15,85.00714,0.0,3.8773184,158.19853,0.388
2019-06-16 17:00:00+00:00,25.15,84.74917,0.2,3.2599385,263.6599,0.389
2019-06-16 18:00:00+00:00,24.85,91.3897,1.4,7.24486,296.56497,0.399
2019-06-16 19:00:00+00:00,24.25,100.0,1.9,6.12,298.0724,0.421
2019-06-16 20:00:00+00:00,24.15,100.0,0.1,4.6102495,321.34018,0.418
2019-06-16 21:00:00+00:00,24.1,100.0,0.1,4.072935,315.0001,0.416
2019-06-16 22:00:00+00:00,23.9,100.0,0.1,3.319036,229.39879,0.414
2019-06-16 23:00:00+00:00,24.4,100.0,0.2,4.829907,206.56499,0.414
2019-06-17 00:00:00+00:00,24.45,97.04553,1.8,4.5820518,224.9999,0.433
2019-06-17 01:00:00+00:00,24.35,100.0,0.7,6.439876,206.56499,0.43
2019-06-17 02:00:00+00:00,24.65,96.469086,0.4,7.208994,177.13765,0.425
2019-06-17 03:00:00+00:00,25.5,91.4296,0.3,7.5942082,211.42952,0.422
2019-06-17 04:00:00+00:00,26.75,84.15389,0.1,6.763786,205.2011,0.419
2019-06-17 05:00:00+00:00,28.2,78.24049,0.1,5.2416787,195.94547,0.416
2019-06-17 06:00:00+00:00,29.05,73.80601,0.1,5.1544156,192.09474,0.413
2019-06-17 07:00:00+00:00,29.45,74.31633,0.0,4.8433046,221.98714,0.411
2019-06-17 08:00:00+00:00,27.6,85.5123,0.9,4.5536795,161.56496,0.414
2019-06-17 09:00:00+00:00,26.3,92.300934,0.5,6.4799995,90.0,0.415
2019-06-17 10:00:00+00:00,25.7,96.49619,0.2,2.968636,75.96373,0.414
2019-06-17 11:00:00+00:00,25.3,100.0,0.4,2.3051248,38.65983,0.415
2019-06-17 12:00:00+00:00,25.2,98.52133,0.1,2.3051248,141.34016,0.405
2019-06-17 13:00:00+00:00,25.4,96.77694,0.0,4.6800003,112.61991,0.404
2019-06-17 14:00:00+00:00,24.75,98.22198,0.0,4.2136917,109.98319,0.403
2019-06-17 15:00:00+00:00,24.75,97.34337,0.0,3.0547013,135.0001,0.402
2019-06-17 16:00:00+00:00,24.25,98.51087,0.0,3.6,143.13002,0.401
2019-06-17 17:00:00+00:00,24.05,98.80537,0.0,3.4152596,161.56496,0.4
2019-06-17 18:00:00+00:00,23.7,99.100464,0.0,3.96,180.0,0.399
2019-06-17 19:00:00+00:00,23.7,98.208046,0.0,3.6179552,185.7105,0.399
2019-06-17 20:00:00+00:00,23.65,97.91139,0.0,4.6102495,218.65984,0.398
2019-06-17 21:00:00+00:00,23.95,97.327644,0.0,3.0758414,200.55612,0.397
2019-06-17 22:00:00+00:00,23.9,97.62059,0.0,1.609969,153.43501,0.396
2019-06-17 23:00:00+00:00,24.75,96.18265,0.0,2.4149535,206.56499,0.396
2019-06-18 00:00:00+00:00,25.55,94.21411,0.1,5.154415,294.77512,0.398
2019-06-18 01:00:00+00:00,26.85,87.50893,0.0,3.319036,229.39879,0.397
2019-06-18 02:00:00+00:00,28.1,80.36678,0.0,3.563818,224.9999,0.396
2019-06-18 03:00:00+00:00,29.0,74.68994,0.1,3.2599385,263.6599,0.395
2019-06-18 04:00:00+00:00,29.85,70.90186,0.0,3.0758414,249.44386,0.393
2019-06-18 05:00:00+00:00,30.65,68.952255,0.0,3.4152596,251.56496,0.391
2019-06-18 06:00:00+00:00,31.25,67.43445,0.0,4.6938252,274.39862,0.389
2019-06-18 07:00:00+00:00,30.8,68.36365,0.0,4.802999,282.99463,0.387
2019-06-18 08:00:00+00:00,30.1,68.84778,0.0,2.0991426,300.96368,0.386
2019-06-18 09:00:00+00:00,29.4,77.48234,0.0,4.8965297,126.027466,0.385
2019-06-18 10:00:00+00:00,27.6,85.76764,0.0,9.0,126.86999,0.384
2019-06-18 11:00:00+00:00,26.3,90.933556,0.0,8.39657,120.96369,0.384
2019-06-18 12:00:00+00:00,26.05,89.02976,0.0,10.009036,127.694305,0.375
2019-06-18 13:00:00+00:00,26.0,85.86857,0.0,9.449572,130.36446,0.375
2019-06-18 14:00:00+00:00,25.75,86.62535,0.0,7.8954163,136.8476,0.375
2019-06-18 15:00:00+00:00,25.5,87.920135,0.0,7.24486,153.43501,0.375
2019-06-18 16:00:00+00:00,25.15,89.76959,0.2,3.7585104,286.6993,0.376
2019-06-18 17:00:00+00:00,24.9,94.754524,0.4,6.12,298.0724,0.379
2019-06-18 18:00:00+00:00,24.85,96.76386,0.2,6.193674,324.46225,0.38
2019-06-18 19:00:00+00:00,24.75,97.05206,0.1,3.563818,44.999897,0.381
2019-06-18 20:00:00+00:00,24.3,97.04227,0.2,3.2599385,276.3401,0.381
2019-06-18 21:00:00+00:00,24.75,95.606834,0.4,4.3498964,294.44394,0.384
2019-06-18 22:00:00+00:00,24.25,99.70061,0.9,6.193674,324.46225,0.394
2019-06-18 23:00:00+00:00,24.05,100.0,1.5,6.8777895,312.8789,0.413
2019-06-19 00:00:00+00:00,24.8,96.184044,2.3,9.255571,283.49576,0.402
2019-06-19 01:00:00+00:00,25.0,96.478134,0.2,7.208994,272.86234,0.401
2019-06-19 02:00:00+00:00,24.85,96.47429,0.2,5.4119864,266.186,0.401
2019-06-19 03:00:00+00:00,25.15,95.33372,0.4,3.8939953,236.3099,0.402
2019-06-19 04:00:00+00:00,25.4,92.80652,0.4,5.991594,237.26477,0.403
2019-06-19 05:00:00+00:00,25.9,96.78872,0.2,5.904439,217.56866,0.402
2019-06-19 06:00:00+00:00,27.0,90.43899,0.1,6.696387,216.25392,0.4
2019-06-19 07:00:00+00:00,27.75,83.01238,0.0,7.2,216.86998,0.398
2019-06-19 08:00:00+00:00,28.3,77.320625,0.1,7.8954163,204.22774,0.396
2019-06-19 09:00:00+00:00,27.7,81.28449,0.0,6.9247384,207.89717,0.395
2019-06-19 10:00:00+00:00,26.65,87.49153,0.0,6.5693827,189.46225,0.393
2019-06-19 11:00:00+00:00,25.65,92.264984,0.9,4.32,180.0,0.398
2019-06-19 12:00:00+00:00,25.1,94.19522,1.8,3.8773184,158.19853,0.392
2019-06-19 13:00:00+00:00,25.4,93.08533,0.0,5.3999996,143.13002,0.391
2019-06-19 14:00:00+00:00,25.0,95.32858,0.0,3.6,143.13002,0.391
2019-06-19 15:00:00+00:00,24.8,95.60842,0.0,3.8939953,146.3099,0.39
2019-06-19 16:00:00+00:00,24.35,96.75192,0.0,3.4152596,161.56496,0.39
2019-06-19 17:00:00+00:00,24.2,97.040085,0.6,3.0758414,249.44386,0.394
2019-06-19 18:00:00+00:00,24.2,98.21469,0.8,4.452954,284.03625,0.398
2019-06-19 19:00:00+00:00,24.0,100.0,0.1,4.802999,257.00537,0.398
2019-06-19 20:00:00+00:00,23.95,100.0,0.1,4.198285,239.0363,0.397
2019-06-19 21:00:00+00:00,24.1,97.62409,0.0,7.145796,220.91429,0.396
2019-06-19 22:00:00+00:00,23.9,98.210754,0.0,6.28713,203.6294,0.395
2019-06-19 23:00:00+00:00,24.1,97.62409,0.0,6.989936,214.50858,0.394
2019-06-20 00:00:00+00:00,25.65,89.53603,0.0,9.290511,215.53777,0.396
2019-06-20 01:00:00+00:00,27.0,82.18086,0.0,10.086427,214.82455,0.395
2019-06-20 02:00:00+00:00,28.1,75.90654,0.0,8.913181,226.63654,0.394
2019-06-20 03:00:00+00:00,28.8,73.54254,0.1,8.287822,235.6196,0.392
2019-06-20 04:00:00+00:00,29.45,74.539185,0.1,7.42159,247.1663,0.391
2019-06-20 05:00:00+00:00,30.15,73.32901,0.1,7.342588,258.6901,0.39
2019-06-20 06:00:00+00:00,27.2,88.58897,4.3,10.163227,247.06787,0.434
2019-06-20 07:00:00+00:00,25.8,94.22459,1.4,8.287822,182.4895,0.425
2019-06-20 08:00:00+00:00,26.0,93.952385,0.2,7.7043357,217.40543,0.42
2019-06-20 09:00:00+00:00,26.35,91.208694,0.0,5.6920996,198.43504,0.416
2019-06-20 10:00:00+00:00,25.7,95.06825,0.0,4.3349743,184.76355,0.413
2019-06-20 11:00:00+00:00,24.65,98.515274,0.0,5.154415,204.77512,0.411
2019-06-20 12:00:00+00:00,25.95,91.183624,0.0,7.5685663,115.34614,0.397
2019-06-20 13:00:00+00:00,25.7,91.44182,0.0,7.2,126.86999,0.396
2019-06-20 14:00:00+00:00,25.35,90.872086,0.0,6.1305785,139.76372,0.395
2019-06-20 15:00:00+00:00,25.1,91.13004,0.0,5.6233797,140.19447,0.395
2019-06-20 16:00:00+00:00,24.6,94.17412,0.0,3.6179552,174.2895,0.394
2019-06-20 17:00:00+00:00,24.15,96.1658,0.0,4.1046314,195.25517,0.393
2019-06-20 18:00:00+00:00,23.9,97.033516,0.0,3.9763298,185.19434,0.392
2019-06-20 19:00:00+00:00,23.9,96.74118,0.0,3.96,180.0,0.391
2019-06-20 20:00:00+00:00,23.65,97.02803,0.0,4.1046314,164.74483,0.391
2019-06-20 21:00:00+00:00,23.15,97.90362,0.0,3.396233,147.99466,0.39
2019-06-20 22:00:00+00:00,23.45,97.31773,0.0,2.0364676,135.0001,0.39
2019-06-20 23:00:00+00:00,24.55,93.60593,0.0,2.0991426,149.03632,0.389
2019-06-21 00:00:00+00:00,26.25,88.24775,0.0,1.8,233.13002,0.385
2019-06-21 01:00:00+00:00,27.75,79.12317,0.0,3.096837,215.53777,0.384
2019-06-21 02:00:00+00:00,29.1,71.40969,0.0,4.1046314,217.87505,0.383
2019-06-21 03:00:00+00:00,30.15,65.019066,0.0,5.6002855,224.9999,0.381
2019-06-21 04:00:00+00:00,30.85,62.08751,0.1,6.8777895,227.12111,0.38
2019-06-21 05:00:00+00:00,31.5,60.194298,0.1,6.8777895,222.87889,0.378
2019-06-21 06:00:00+00:00,31.65,59.683613,0.0,8.669949,221.63345,0.377
2019-06-21 07:00:00+00:00,31.4,60.537495,0.1,8.78872,214.9921,0.375
2019-06-21 08:00:00+00:00,30.85,64.18859,0.1,7.968939,198.43504,0.374
2019-06-21 09:00:00+00:00,30.15,72.02615,0.0,5.3517847,199.65392,0.373
2019-06-21 10:00:00+00:00,28.65,83.85873,0.0,2.9024127,172.87508,0.373
2019-06-21 11:00:00+00:00,27.35,88.07523,0.0,6.8777895,132.87889,0.372
2019-06-21 12:00:00+00:00,26.45,83.8682,0.0,7.386582,136.97493,0.364
2019-06-21 13:00:00+00:00,26.45,84.12137,0.0,6.989936,124.50858,0.364
2019-06-21 14:00:00+00:00,26.2,86.66707,0.0,8.587338,123.02387,0.364
2019-06-21 15:00:00+00:00,25.95,86.38314,0.0,8.404285,133.26433,0.364
2019-06-21 16:00:00+00:00,25.7,86.35951,0.0,7.7043357,142.59457,0.364
2019-06-21 17:00:00+00:00,25.45,87.650795,0.0,7.7879906,146.3099,0.364
2019-06-21 18:00:00+00:00,25.3,88.70345,0.0,6.9899354,191.88864,0.364
2019-06-21 19:00:00+00:00,24.85,91.66586,0.1,6.193674,215.53777,0.365
2019-06-21 20:00:00+00:00,24.5,94.45413,0.3,4.1046314,254.74483,0.367
2019-06-21 21:00:00+00:00,24.2,96.167175,0.2,3.219938,243.43501,0.368
2019-06-21 22:00:00+00:00,23.75,98.20873,0.1,3.8773184,201.80147,0.369
2019-06-21 23:00:00+00:00,24.5,97.63112,0.0,0.5091169,224.9999,0.369
2019-06-22 00:00:00+00:00,26.85,84.41794,0.0,1.2979984,236.3099,0.365
2019-06-22 01:00:00+00:00,28.0,78.68354,0.1,1.609969,243.43501,0.365
2019-06-22 02:00:00+00:00,28.6,78.06339,0.4,1.5273507,315.0001,0.367
2019-06-22 03:00:00+00:00,29.2,75.396935,0.2,3.396233,327.99466,0.367
2019-06-22 04:00:00+00:00,28.95,78.34714,0.1,4.896529,342.8972,0.367
2019-06-22 05:00:00+00:00,29.8,74.151634,0.1,4.8965297,53.972538,0.366
2019-06-22 06:00:00+00:00,29.4,77.71356,0.3,2.1897945,99.46225,0.367
2019-06-22 07:00:00+00:00,26.8,93.70891,7.1,5.8048253,262.8751,0.428
2019-06-22 08:00:00+00:00,26.6,94.53794,0.4,1.9386592,291.80148,0.421
2019-06-22 09:00:00+00:00,26.75,94.8244,0.0,1.9386592,248.19853,0.415
2019-06-22 10:00:00+00:00,26.45,96.229774,0.0,4.8433046,228.01286,0.411
2019-06-22 11:00:00+00:00,25.8,98.23575,0.0,4.6102495,218.65984,0.408
2019-06-22 12:00:00+00:00,26.05,95.64829,0.0,3.8939953,146.3099,0.403
2019-06-22 13:00:00+00:00,25.55,97.64939,0.0,5.0911684,135.0001,0.401
2019-06-22 14:00:00+00:00,25.7,97.36191,0.0,4.198285,120.96369,0.4
2019-06-22 15:00:00+00:00,25.65,96.49488,0.0,7.386582,133.02507,0.399
2019-06-22 16:00:00+00:00,25.3,95.33881,0.0,6.763786,154.7989,0.398
2019-06-22 17:00:00+00:00,24.7,96.18122,0.0,3.7585104,196.69933,0.397
2019-06-22 18:00:00+00:00,24.5,97.9245,0.7,7.2,233.13002,0.4
2019-06-22 19:00:00+00:00,24.3,97.921455,1.4,6.763786,205.2011,0.415
2019-06-22 20:00:00+00:00,23.85,100.0,0.8,5.6920996,198.43504,0.422
2019-06-22 21:00:00+00:00,23.55,100.0,0.5,3.9763298,185.19434,0.422
2019-06-22 22:00:00+00:00,23.35,100.0,0.8,4.198285,210.96368,0.427
2019-06-22 23:00:00+00:00,23.95,97.03462,0.7,5.692099,214.69522,0.427
2019-06-23 00:00:00+00:00,24.95,93.343216,0.0,5.3517847,227.72638,0.42
2019-06-23 01:00:00+00:00,26.75,85.941574,0.0,5.3517847,227.72638,0.417
2019-06-23 02:00:00+00:00,27.95,83.532425,0.1,4.198285,239.0363,0.415
2019-06-23 03:00:00+00:00,29.2,79.795006,0.1,4.3498964,245.55606,0.412
2019-06-23 04:00:00+00:00,30.6,74.72482,0.1,5.4119864,266.186,0.41
2019-06-23 05:00:00+00:00,30.95,74.11944,0.1,5.8603754,259.3804,0.408
2019-06-23 06:00:00+00:00,30.8,74.53568,0.1,4.3498964,245.55606,0.406
2019-06-23 07:00:00+00:00,30.35,71.63176,0.6,6.489992,176.82024,0.408
2019-06-23 08:00:00+00:00,27.7,92.377396,1.1,2.968636,194.03627,0.414
2019-06-23 09:00:00+00:00,27.1,92.61884,2.3,3.6,180.0,0.434
2019-06-23 10:00:00+00:00,26.45,97.66487,0.3,2.4149535,206.56499,0.427
2019-06-23 11:00:00+00:00,26.3,97.085434,0.0,2.4149535,206.56499,0.422
2019-06-23 12:00:00+00:00,25.95,97.077934,0.2,5.8603754,100.619606,0.389
2019-06-23 13:00:00+00:00,25.9,93.38872,0.0,5.991594,122.73522,0.389
2019-06-23 14:00:00+00:00,25.55,92.536514,0.0,6.489992,123.6901,0.389
2019-06-23 15:00:00+00:00,25.5,91.98026,0.1,7.2,143.13002,0.389
2019-06-23 16:00:00+00:00,25.15,93.6336,0.2,7.2359104,174.2895,0.39
2019-06-23 17:00:00+00:00,24.9,95.03945,0.1,7.2359104,185.7105,0.39
2019-06-23 18:00:00+00:00,24.5,96.46518,0.1,5.771239,176.42374,0.391
2019-06-23 19:00:00+00:00,24.15,97.03899,0.2,3.0758414,159.44388,0.392
2019-06-23 20:00:00+00:00,24.45,94.73724,0.1,0.5091169,44.999897,0.392
2019-06-23 21:00:00+00:00,23.95,97.03462,0.1,2.5959969,56.309914,0.393
2019-06-23 22:00:00+00:00,23.8,97.91375,0.0,4.510787,118.61037,0.392
2019-06-23 23:00:00+00:00,24.8,95.32178,0.0,3.671294,101.3099,0.392
2019-06-24 00:00:00+00:00,25.95,95.93019,0.0,1.1384199,71.564964,0.39
2019-06-24 01:00:00+00:00,27.0,94.833755,0.1,0.5091169,44.999897,0.39
2019-06-24 02:00:00+00:00,28.0,89.70764,0.2,1.0182338,224.9999,0.391
2019-06-24 03:00:00+00:00,28.9,83.63795,0.1,3.6179552,275.7105,0.391
2019-06-24 04:00:00+00:00,29.5,81.26713,0.1,4.510787,298.61035,0.39
2019-06-24 05:00:00+00:00,29.9,75.5071,0.1,5.6002855,315.0001,0.389
2019-06-24 06:00:00+00:00,28.4,79.68799,0.6,8.4963045,143.61555,0.391
2019-06-24 07:00:00+00:00,27.8,82.523155,0.7,6.696387,126.25393,0.395
2019-06-24 08:00:00+00:00,28.3,81.60266,0.0,2.7416782,113.19862,0.394
2019-06-24 09:00:00+00:00,28.1,84.29902,0.0,2.2768397,108.43504,0.393
2019-06-24 10:00:00+00:00,26.65,93.702095,0.4,3.2599385,83.659904,0.394
2019-06-24 11:00:00+00:00,26.1,95.93462,0.0,3.319036,40.601215,0.394
2019-06-24 12:00:00+00:00,26.0,96.79106,0.0,5.506941,78.6901,0.399
2019-06-24 13:00:00+00:00,25.95,96.50257,0.0,5.7599998,90.0,0.398
2019-06-24 14:00:00+00:00,25.5,97.06828,0.0,5.4119864,93.814,0.397
2019-06-24 15:00:00+00:00,25.05,96.47948,0.0,4.452954,104.03627,0.396
2019-06-24 16:00:00+00:00,24.7,96.7603,0.0,3.7585104,106.699326,0.396
2019-06-24 17:00:00+00:00,24.5,97.04663,0.0,3.219938,116.56499,0.395
2019-06-24 18:00:00+00:00,24.35,97.04334,0.0,3.319036,130.60121,0.394
2019-06-24 19:00:00+00:00,24.0,98.21206,0.0,2.0364676,135.0001,0.394
2019-06-24 20:00:00+00:00,23.8,98.20943,0.0,2.5959969,146.3099,0.393
2019-06-24 21:00:00+00:00,23.7,97.61702,0.0,2.3051248,141.34016,0.393
2019-06-24 22:00:00+00:00,23.75,97.03022,0.0,2.0991426,149.03632,0.392
2019-06-24 23:00:00+00:00,24.7,93.89521,0.0,3.5455887,156.0375,0.392
2019-06-25 00:00:00+00:00,26.15,90.38137,0.0,0.8049845,116.56499,0.388
2019-06-25 01:00:00+00:00,27.9,81.79778,0.0,1.0182338,315.0001,0.388
2019-06-25 02:00:00+00:00,29.05,79.775024,0.0,2.0991426,329.03632,0.386
2019-06-25 03:00:00+00:00,29.85,78.00987,0.0,3.8773184,338.19852,0.385
2019-06-25 04:00:00+00:00,30.4,76.48728,0.0,5.6233797,320.1945,0.384
2019-06-25 05:00:00+00:00,30.6,72.96899,0.1,9.511088,330.5242,0.382
2019-06-25 06:00:00+00:00,28.35,81.608765,1.6,7.5685663,115.34614,0.392
2019-06-25 07:00:00+00:00,27.65,85.00871,0.6,9.793058,162.89719,0.395
2019-06-25 08:00:00+00:00,28.15,81.584175,0.1,8.699793,155.55606,0.394
2019-06-25 09:00:00+00:00,27.7,86.54698,0.1,4.6102495,141.34016,0.393
2019-06-25 10:00:00+00:00,26.45,90.40176,0.9,2.6208394,164.05453,0.399
2019-06-25 11:00:00+00:00,25.55,96.78048,0.1,3.396233,147.99466,0.399
2019-06-25 12:00:00+00:00,25.5,94.49428,0.1,6.3690495,132.70937,0.384
2019-06-25 13:00:00+00:00,25.45,93.0878,0.0,7.2,143.13002,0.383
2019-06-25 14:00:00+00:00,25.1,94.19522,0.0,5.154415,155.22488,0.383
2019-06-25 15:00:00+00:00,24.4,96.4626,0.0,4.379589,170.53775,0.382
2019-06-25 16:00:00+00:00,24.1,97.33059,0.0,4.802999,167.00539,0.382
2019-06-25 17:00:00+00:00,24.1,96.45477,0.0,3.096837,125.537766,0.382
2019-06-25 18:00:00+00:00,24.55,95.31324,0.0,2.3051248,321.34018,0.382
2019-06-25 19:00:00+00:00,24.15,96.74717,0.0,0.35999998,90.0,0.381
2019-06-25 20:00:00+00:00,24.15,96.1658,0.0,0.35999998,90.0,0.381
2019-06-25 21:00:00+00:00,23.7,97.02914,0.0,2.1897945,170.53775,0.381
2019-06-25 22:00:00+00:00,23.7,97.02914,0.0,2.7416782,156.80138,0.38
2019-06-25 23:00:00+00:00,24.6,94.74302,0.0,2.2768397,198.43504,0.38
2019-06-26 00:00:00+00:00,25.9,91.180534,0.1,2.968636,255.96373,0.378
2019-06-26 01:00:00+00:00,27.3,83.45971,0.2,3.319036,220.60121,0.379
2019-06-26 02:00:00+00:00,28.2,78.47574,0.2,4.829907,206.56499,0.38
2019-06-26 03:00:00+00:00,29.4,71.67865,0.1,4.3349743,221.63345,0.379
2019-06-26 04:00:00+00:00,30.15,68.23838,0.2,4.072935,224.9999,0.379
2019-06-26 05:00:00+00:00,30.85,64.77233,0.2,3.219938,206.56499,0.378
2019-06-26 06:00:00+00:00,31.0,63.641438,0.1,3.4152596,198.43504,0.377
2019-06-26 07:00:00+00:00,30.85,65.36069,0.1,2.2768397,161.56496,0.376
2019-06-26 08:00:00+00:00,30.3,68.47298,0.0,3.8773184,158.19853,0.375
2019-06-26 09:00:00+00:00,28.35,85.08023,0.4,4.896529,107.10281,0.377
2019-06-26 10:00:00+00:00,27.6,88.35805,0.0,6.297428,120.963684,0.376
2019-06-26 11:00:00+00:00,26.7,87.49587,0.0,6.989936,124.50858,0.376
2019-06-26 12:00:00+00:00,26.5,84.12681,0.0,10.703569,137.72638,0.365
2019-06-26 13:00:00+00:00,26.3,83.851715,0.0,9.387651,147.52882,0.365
2019-06-26 14:00:00+00:00,25.75,86.62535,0.0,6.9247384,152.10283,0.365
2019-06-26 15:00:00+00:00,25.4,88.71141,0.0,7.42159,157.1663,0.365
2019-06-26 16:00:00+00:00,25.25,89.77681,0.0,5.771239,183.57626,0.365
2019-06-26 17:00:00+00:00,24.8,92.217674,0.0,5.154415,204.77512,0.365
2019-06-26 18:00:00+00:00,24.35,94.73343,0.0,4.0249224,206.56499,0.365
2019-06-26 19:00:00+00:00,23.8,96.73877,0.0,5.00128,210.25635,0.365
2019-06-26 20:00:00+00:00,24.6,93.045265,0.0,2.3051248,231.34016,0.365
2019-06-26 21:00:00+00:00,24.05,97.036804,0.1,4.73506,278.74606,0.365
2019-06-26 22:00:00+00:00,24.55,95.31324,0.0,4.896529,197.10281,0.366
2019-06-26 23:00:00+00:00,25.0,94.474266,0.0,6.1305785,220.23628,0.366
2019-06-27 00:00:00+00:00,26.25,88.77866,0.0,7.386582,226.97493,0.38
2019-06-27 01:00:00+00:00,27.45,82.23482,0.0,7.7879906,236.3099,0.379
2019-06-27 02:00:00+00:00,28.45,77.80823,0.1,6.618519,224.9999,0.378
2019-06-27 03:00:00+00:00,29.4,73.64301,0.1,5.3517847,222.27362,0.377
2019-06-27 04:00:00+00:00,30.05,70.7255,0.1,4.1046314,232.12495,0.375
2019-06-27 05:00:00+00:00,30.65,68.952255,0.1,4.5536795,251.56496,0.374
2019-06-27 06:00:00+00:00,30.75,68.354034,0.0,5.6920996,251.56496,0.372
2019-06-27 07:00:00+00:00,30.35,69.936775,0.0,5.154415,245.22488,0.37
2019-06-27 08:00:00+00:00,29.3,74.291824,0.0,4.5536795,198.43504,0.369
2019-06-27 09:00:00+00:00,26.55,87.74535,0.9,10.739833,166.42955,0.375
2019-06-27 10:00:00+00:00,25.85,92.00032,0.0,5.4119864,183.814,0.374
2019-06-27 11:00:00+00:00,25.35,94.48828,0.1,5.2416787,164.05453,0.374
2019-06-27 12:00:00+00:00,25.5,96.20355,0.0,6.0347,162.64589,0.37
2019-06-27 13:00:00+00:00,25.5,94.212036,0.0,7.42159,157.1663,0.369
2019-06-27 14:00:00+00:00,25.15,93.35288,0.0,7.342588,168.69011,0.369
2019-06-27 15:00:00+00:00,24.8,94.18256,0.0,6.130579,183.3664,0.369
2019-06-27 16:00:00+00:00,24.5,95.8868,0.0,5.0142193,201.03758,0.369
2019-06-27 17:00:00+00:00,24.15,97.625,0.1,3.7064266,209.0545,0.37
2019-06-27 18:00:00+00:00,23.95,97.91604,0.2,3.8268526,228.81418,0.371
2019-06-27 19:00:00+00:00,24.35,97.33551,0.1,5.315336,241.69934,0.371
2019-06-27 20:00:00+00:00,24.45,96.46389,0.2,5.904439,232.43134,0.372
2019-06-27 21:00:00+00:00,23.85,97.32565,1.1,7.24486,243.43501,0.383
2019-06-27 22:00:00+00:00,23.3,100.0,1.3,6.696387,216.25392,0.399
2019-06-27 23:00:00+00:00,23.75,97.91291,0.1,7.5170207,196.69933,0.397
2019-06-28 00:00:00+00:00,24.65,97.04989,0.0,9.220499,231.34016,0.388
2019-06-28 01:00:00+00:00,25.8,94.22459,0.1,6.792466,237.99466,0.387
2019-06-28 02:00:00+00:00,27.4,86.51913,0.0,6.12,241.92761,0.386
2019-06-28 03:00:00+00:00,28.35,82.09699,0.0,6.8399997,270.0,0.384
2019-06-28 04:00:00+00:00,28.9,78.80925,0.1,11.304229,279.16226,0.383
2019-06-28 05:00:00+00:00,27.35,88.07523,2.3,2.5455842,135.0001,0.4
2019-06-28 06:00:00+00:00,26.65,86.44905,2.6,5.00128,120.256355,0.421
2019-06-28 07:00:00+00:00,26.8,91.23678,0.5,3.8773184,111.801476,0.418
2019-06-28 08:00:00+00:00,27.6,84.24549,0.1,1.9386592,201.80147,0.413
2019-06-28 09:00:00+00:00,27.6,87.05442,0.6,3.5455887,156.0375,0.413
2019-06-28 10:00:00+00:00,26.0,96.50384,0.3,2.8116899,219.80553,0.41
2019-06-28 11:00:00+00:00,25.7,97.36191,0.0,2.5455842,224.9999,0.407
2019-06-28 12:00:00+00:00,25.3,97.936775,0.0,3.5455887,156.0375,0.367
2019-06-28 13:00:00+00:00,25.2,97.64332,0.0,5.1165614,140.71062,0.367
2019-06-28 14:00:00+00:00,24.9,97.05532,0.0,6.8777895,132.87889,0.367
2019-06-28 15:00:00+00:00,24.75,92.77276,0.0,6.6087217,150.64235,0.367
2019-06-28 16:00:00+00:00,24.6,89.458,0.0,7.42159,165.96373,0.367
2019-06-28 17:00:00+00:00,24.0,92.1727,0.0,4.379589,170.53775,0.367
2019-06-28 18:00:00+00:00,23.7,93.28271,0.0,4.3349743,175.23645,0.366
2019-06-28 19:00:00+00:00,23.4,94.12302,0.0,4.379589,189.46225,0.366
2019-06-28 20:00:00+00:00,23.1,94.97375,0.0,4.452954,194.03627,0.366
2019-06-28 21:00:00+00:00,22.85,95.25442,0.0,4.379589,189.46225,0.366
2019-06-28 22:00:00+00:00,22.4,96.41001,0.0,5.0911684,188.13002,0.366
2019-06-28 23:00:00+00:00,23.75,91.87883,0.0,4.6102495,218.65984,0.366
2019-06-29 00:00:00+00:00,25.65,84.28932,0.0,2.3051248,231.34016,0.366
2019-06-29 01:00:00+00:00,27.15,76.451096,0.0,3.8773184,201.80147,0.365
2019-06-29 02:00:00+00:00,28.75,68.381035,0.0,4.829907,206.56499,0.363
2019-06-29 03:00:00+00:00,30.15,61.933533,0.0,6.792466,212.00534,0.362
2019-06-29 04:00:00+00:00,31.0,57.394585,0.0,8.707237,209.7448,0.36
2019-06-29 05:00:00+00:00,31.55,54.44577,0.0,8.225035,203.19861,0.358
2019-06-29 06:00:00+00:00,31.75,53.666245,0.0,8.766573,199.17911,0.356
2019-06-29 07:00:00+00:00,31.9,52.886192,0.0,8.557102,194.62091,0.354
2019-06-29 08:00:00+00:00,30.65,60.001423,0.0,9.3669195,177.79745,0.353
2019-06-29 09:00:00+00:00,29.15,69.08348,0.0,10.00256,149.74365,0.352
2019-06-29 10:00:00+00:00,27.7,72.69113,0.0,10.883676,145.78424,0.352
2019-06-29 11:00:00+00:00,26.75,75.00596,0.0,12.10157,157.249,0.352
2019-06-29 12:00:00+00:00,26.0,79.120674,0.0,12.57426,156.3706,0.351
2019-06-29 13:00:00+00:00,25.45,81.24702,0.0,11.165805,159.22766,0.351
2019-06-29 14:00:00+00:00,24.9,83.4413,0.0,9.904906,160.90642,0.351
2019-06-29 15:00:00+00:00,24.55,84.68591,0.0,9.360001,157.3801,0.351
2019-06-29 16:00:00+00:00,24.3,85.701035,0.0,8.473393,167.73524,0.351
2019-06-29 17:00:00+00:00,23.05,92.40077,0.0,5.815978,201.80147,0.351
2019-06-29 18:00:00+00:00,22.55,94.0864,0.0,5.8603754,227.4896,0.351
2019-06-29 19:00:00+00:00,22.2,96.11024,0.0,5.4477882,262.40546,0.351
2019-06-29 20:00:00+00:00,22.05,96.69625,0.0,6.6185193,247.61981,0.351
2019-06-29 21:00:00+00:00,21.9,96.69256,0.0,6.193674,215.53777,0.351
2019-06-29 22:00:00+00:00,21.95,95.80886,0.0,5.634891,206.56499,0.351
2019-06-29 23:00:00+00:00,23.8,91.04722,0.0,3.219938,206.56499,0.351
2019-06-30 00:00:00+00:00,25.6,83.52039,0.0,1.609969,243.43501,0.35
2019-06-30 01:00:00+00:00,27.25,76.23488,0.0,0.0,270.0,0.349
2019-06-30 02:00:00+00:00,28.85,68.40038,0.0,0.35999998,270.0,0.348
2019-06-30 03:00:00+00:00,30.2,61.007202,0.0,1.484318,255.96373,0.346
2019-06-30 04:00:00+00:00,31.15,57.605743,0.0,1.9386592,248.19853,0.344
2019-06-30 05:00:00+00:00,31.9,54.365147,0.0,2.4149535,243.43501,0.342
2019-06-30 06:00:00+00:00,32.2,52.15549,0.0,1.8,233.13002,0.34
2019-06-30 07:00:00+00:00,32.0,52.26545,0.0,2.0991426,239.0363,0.339
2019-06-30 08:00:00+00:00,31.7,54.482605,0.0,2.16,270.0,0.338
2019-06-30 09:00:00+00:00,29.85,76.40389,0.0,2.6208394,74.054535,0.337
2019-06-30 10:00:00+00:00,28.1,77.7574,0.0,10.483357,105.945465,0.337
2019-06-30 11:00:00+00:00,26.9,76.64535,0.0,12.768586,139.574,0.337
2019-06-30 12:00:00+00:00,26.35,76.09537,0.0,12.10157,157.249,0.338
2019-06-30 13:00:00+00:00,26.0,76.273926,0.0,9.585739,145.71307,0.338
2019-06-30 14:00:00+00:00,25.45,78.08203,0.0,7.42159,157.1663,0.338
2019-06-30 15:00:00+00:00,25.1,79.725136,0.0,6.130579,176.6336,0.338
2019-06-30 16:00:00+00:00,24.95,81.931984,0.0,6.1305785,220.23628,0.338
2019-06-30 17:00:00+00:00,24.6,86.517815,0.0,5.00128,210.25635,0.338
2019-06-30 18:00:00+00:00,24.15,91.3464,0.0,2.52,180.0,0.339
2019-06-30 19:00:00+00:00,24.35,88.35834,0.0,1.1384199,161.56496,0.339
2019-06-30 20:00:00+00:00,23.65,94.41971,0.0,2.8116899,140.19447,0.339
2019-06-30 21:00:00+00:00,24.05,89.96267,0.0,2.4149535,206.56499,0.339
2019-06-30 22:00:00+00:00,23.7,93.85069,0.0,2.2768397,161.56496,0.339
2019-06-30 23:00:00+00:00,24.55,90.81987,0.0,3.8939953,213.6901,0.339
2019-07-01 00:00:00+00:00,25.75,87.4128,0.0,5.00128,239.74365,0.342
2019-07-01 01:00:00+00:00,26.5,83.36952,0.0,5.00128,239.74365,0.342
2019-07-01 02:00:00+00:00,28.25,74.568245,0.0,4.6938257,237.52882,0.341
2019-07-01 03:00:00+00:00,29.75,65.53014,0.1,6.1305785,229.76372,0.34
2019-07-01 04:00:00+00:00,30.35,63.695618,0.1,6.3690495,222.70937,0.339
2019-07-01 05:00:00+00:00,31.1,62.8985,0.0,5.815978,201.80147,0.337
2019-07-01 06:00:00+00:00,31.4,62.77364,0.0,5.937272,194.03627,0.336
2019-07-01 07:00:00+00:00,30.85,63.995052,0.0,6.763786,205.2011,0.334
2019-07-01 08:00:00+00:00,28.3,78.72558,0.4,9.178235,131.82008,0.337
2019-07-01 09:00:00+00:00,26.9,90.70181,0.7,2.7416782,156.80138,0.341
2019-07-01 10:00:00+00:00,26.2,95.08612,1.2,6.379216,106.38962,0.35
2019-07-01 11:00:00+00:00,25.7,94.2204,0.1,4.379589,170.53775,0.35
2019-07-01 12:00:00+00:00,25.55,99.407776,0.0,2.5959969,236.3099,0.367
2019-07-01 13:00:00+00:00,25.15,99.99999,0.0,1.8,143.13002,0.366
2019-07-01 14:00:00+00:00,25.1,100.0,0.0,3.0758414,110.55613,0.365
2019-07-01 15:00:00+00:00,24.9,100.0,0.0,2.8799999,90.0,0.365
2019-07-01 16:00:00+00:00,24.55,100.0,0.0,2.6208394,105.945465,0.364
2019-07-01 17:00:00+00:00,24.65,97.63376,0.0,4.198285,120.96369,0.363
2019-07-01 18:00:00+00:00,23.95,98.21138,0.0,2.968636,104.03627,0.363
2019-07-01 19:00:00+00:00,24.3,97.334564,0.0,2.6208394,164.05453,0.362
2019-07-01 20:00:00+00:00,24.6,95.314896,0.0,2.16,180.0,0.361
2019-07-01 21:00:00+00:00,24.45,96.46389,0.0,3.563818,224.9999,0.361
2019-07-01 22:00:00+00:00,24.5,97.04663,0.0,2.9024127,209.7448,0.36
2019-07-01 23:00:00+00:00,25.05,96.76866,0.0,4.5536795,198.43504,0.36
2019-07-02 00:00:00+00:00,24.65,98.515274,0.0,4.5536795,251.56496,0.365
2019-07-02 01:00:00+00:00,25.15,97.35123,0.2,4.2136917,250.0168,0.366
2019-07-02 02:00:00+00:00,25.8,93.94365,0.1,2.5455842,261.87,0.366
2019-07-02 03:00:00+00:00,26.6,88.27651,0.1,5.506941,258.6901,0.365
2019-07-02 04:00:00+00:00,26.7,87.23428,0.0,5.04,270.0,0.364
2019-07-02 05:00:00+00:00,26.65,87.229904,0.0,4.1046314,285.25516,0.364
2019-07-02 06:00:00+00:00,26.5,90.675415,0.0,1.835647,258.6901,0.363
2019-07-02 07:00:00+00:00,28.1,78.4616,0.0,3.0547013,224.9999,0.361
2019-07-02 08:00:00+00:00,28.9,73.11762,0.0,1.5273507,315.0001,0.36
2019-07-02 09:00:00+00:00,27.55,82.24682,0.0,8.0899935,327.72437,0.359
2019-07-02 10:00:00+00:00,26.55,85.151024,0.0,7.172949,342.47433,0.359
2019-07-02 11:00:00+00:00,26.1,88.500755,0.5,3.8939953,326.3099,0.362
2019-07-02 12:00:00+00:00,26.9,84.17015,0.5,1.835647,78.6901,0.357
2019-07-02 13:00:00+00:00,25.8,92.827156,0.1,2.3051248,141.34016,0.357
2019-07-02 14:00:00+00:00,25.35,93.6428,0.0,2.4149535,116.56499,0.357
2019-07-02 15:00:00+00:00,25.35,92.248344,0.0,4.452954,104.03627,0.356
2019-07-02 16:00:00+00:00,25.35,91.14586,0.0,5.4477882,97.59455,0.356
2019-07-02 17:00:00+00:00,24.95,93.343216,0.0,5.04,90.0,0.356
2019-07-02 18:00:00+00:00,24.5,95.8868,0.0,3.8773184,111.801476,0.355
2019-07-02 19:00:00+00:00,24.25,97.04118,0.1,3.4152596,161.56496,0.356
2019-07-02 20:00:00+00:00,24.2,96.74834,0.0,3.7585104,163.30067,0.355
2019-07-02 21:00:00+00:00,24.2,96.74834,0.0,3.319036,192.5288,0.355
2019-07-02 22:00:00+00:00,23.9,97.32668,0.0,5.154415,204.77512,0.355
2019-07-02 23:00:00+00:00,24.9,94.47029,0.0,0.5091169,135.0001,0.354
2019-07-03 00:00:00+00:00,26.3,90.391594,0.1,0.35999998,90.0,0.359
2019-07-03 01:00:00+00:00,27.1,85.718636,0.1,1.609969,333.43503,0.358
2019-07-03 02:00:00+00:00,28.2,78.24049,0.0,2.0991426,329.03632,0.357
2019-07-03 03:00:00+00:00,29.5,70.838524,0.0,2.9024127,330.25522,0.356
2019-07-03 04:00:00+00:00,30.15,70.53184,0.1,5.4477882,352.40543,0.354
2019-07-03 05:00:00+00:00,28.9,76.48772,1.8,9.779817,6.3401003,0.366
2019-07-03 06:00:00+00:00,27.55,85.50733,0.0,9.290511,35.537766,0.366
2019-07-03 07:00:00+00:00,27.0,89.10267,1.0,5.8603754,79.380394,0.371
2019-07-03 08:00:00+00:00,25.35,95.34046,5.1,6.8399997,90.0,0.422
2019-07-03 09:00:00+00:00,25.45,95.91532,0.5,7.289444,69.775055,0.416
2019-07-03 10:00:00+00:00,25.35,96.77572,0.1,5.0911684,81.86999,0.41
2019-07-03 11:00:00+00:00,24.65,97.92681,0.0,3.9763298,95.19434,0.405
2019-07-03 12:00:00+00:00,25.7,92.822014,0.0,5.5887027,75.068535,0.363
2019-07-03 13:00:00+00:00,24.9,97.05532,0.0,4.0249224,79.69521,0.362
2019-07-03 14:00:00+00:00,24.75,97.34337,0.0,3.2399998,90.0,0.361
2019-07-03 15:00:00+00:00,24.7,97.34242,0.0,3.2599385,83.659904,0.361
2019-07-03 16:00:00+00:00,24.35,97.62848,0.0,3.0758414,110.55613,0.36
2019-07-03 17:00:00+00:00,24.2,97.62583,0.0,1.8,143.13002,0.36
2019-07-03 18:00:00+00:00,24.1,97.62409,0.0,1.484318,165.96373,0.359
2019-07-03 19:00:00+00:00,24.0,97.328606,0.0,4.0249224,169.6952,0.359
2019-07-03 20:00:00+00:00,23.9,97.033516,0.0,4.379589,170.53775,0.358
2019-07-03 21:00:00+00:00,23.9,96.44956,0.0,5.0911684,188.13002,0.358
2019-07-03 22:00:00+00:00,23.85,97.32565,0.6,5.1544156,192.09474,0.361
2019-07-03 23:00:00+00:00,24.0,97.0357,0.0,5.771239,183.57626,0.361
2019-07-04 00:00:00+00:00,24.7,96.7603,0.0,5.00128,210.25635,0.362
2019-07-04 01:00:00+00:00,25.7,92.5445,0.0,4.8965297,233.97253,0.362
2019-07-04 02:00:00+00:00,26.05,92.563225,0.1,4.1046314,232.12495,0.361
2019-07-04 03:00:00+00:00,25.8,93.66344,0.1,3.319036,220.60121,0.361
2019-07-04 04:00:00+00:00,26.5,88.532974,0.0,3.8268526,228.81418,0.361
2019-07-04 05:00:00+00:00,28.15,77.76467,0.0,4.802999,257.00537,0.36
2019-07-04 06:00:00+00:00,29.65,71.07915,0.0,3.6179552,275.7105,0.358
2019-07-04 07:00:00+00:00,29.9,67.37144,0.0,3.6179552,264.2895,0.356
2019-07-04 08:00:00+00:00,29.85,66.753136,0.0,3.2599385,276.3401,0.354
2019-07-04 09:00:00+00:00,28.75,75.09974,0.0,0.35999998,180.0,0.353
2019-07-04 10:00:00+00:00,27.3,93.73145,0.0,2.1897945,99.46225,0.352
2019-07-04 11:00:00+00:00,25.65,96.49488,0.0,3.7064266,119.05451,0.352
2019-07-04 12:00:00+00:00,25.3,93.360054,0.0,6.638072,130.60121,0.344
2019-07-04 13:00:00+00:00,25.6,87.39963,0.2,7.653705,131.18582,0.345
2019-07-04 14:00:00+00:00,25.25,90.04791,0.5,8.0899935,122.27562,0.349
2019-07-04 15:00:00+00:00,24.65,92.76754,0.2,8.534353,117.64589,0.35
2019-07-04 16:00:00+00:00,24.3,95.017715,1.5,6.28713,103.24053,0.366
2019-07-04 17:00:00+00:00,24.25,96.45868,0.1,6.28713,76.75947,0.366
2019-07-04 18:00:00+00:00,24.15,97.33162,0.1,5.6920996,71.564964,0.366
2019-07-04 19:00:00+00:00,23.95,98.21138,0.0,3.0758414,69.44387,0.365
2019-07-04 20:00:00+00:00,23.95,97.327644,0.0,3.9763298,84.805664,0.364
2019-07-04 21:00:00+00:00,23.7,97.91217,0.0,3.2599385,83.659904,0.363
2019-07-04 22:00:00+00:00,23.6,98.50366,0.0,3.9763298,84.805664,0.363
2019-07-04 23:00:00+00:00,23.85,98.21005,0.0,5.0528407,85.91447,0.362
2019-07-05 00:00:00+00:00,25.0,98.225266,0.0,5.6002855,44.999897,0.359
2019-07-05 01:00:00+00:00,26.15,94.801895,0.0,3.5455887,66.037506,0.359
2019-07-05 02:00:00+00:00,27.1,85.97543,0.2,2.16,90.0,0.359
2019-07-05 03:00:00+00:00,28.4,76.4115,0.2,1.2979984,56.309914,0.359
2019-07-05 04:00:00+00:00,29.35,71.025085,0.2,1.9386592,21.801476,0.358
2019-07-05 05:00:00+00:00,30.15,67.21767,0.1,3.6179552,354.2895,0.357
2019-07-05 06:00:00+00:00,30.45,65.87236,0.1,4.32,360.0,0.356
2019-07-05 07:00:00+00:00,30.4,66.86304,0.2,4.379589,9.462248,0.355
2019-07-05 08:00:00+00:00,29.8,70.25632,0.0,3.6,53.13002,0.354
2019-07-05 09:00:00+00:00,29.15,75.389084,0.0,5.815978,111.801476,0.353
2019-07-05 10:00:00+00:00,27.55,80.53661,0.0,7.42159,112.833694,0.352
2019-07-05 11:00:00+00:00,26.35,84.11054,0.0,7.8625183,105.945465,0.351
2019-07-05 12:00:00+00:00,26.2,89.04131,0.0,8.557102,104.62092,0.349
2019-07-05 13:00:00+00:00,26.15,87.18539,0.0,7.8954163,114.22774,0.349
2019-07-05 14:00:00+00:00,25.7,88.468445,0.0,7.9932966,125.837746,0.348
2019-07-05 15:00:00+00:00,25.35,89.78402,0.0,8.39657,120.96369,0.348
2019-07-05 16:00:00+00:00,25.15,89.76959,0.0,8.669949,138.36655,0.348
2019-07-05 17:00:00+00:00,24.9,88.94048,0.0,7.9036193,149.9315,0.347
2019-07-05 18:00:00+00:00,24.45,90.53851,0.0,5.634891,153.43501,0.347
2019-07-05 19:00:00+00:00,23.55,94.41564,0.0,6.439876,153.43501,0.347
2019-07-05 20:00:00+00:00,23.5,93.27297,0.0,5.04,180.0,0.346
2019-07-05 21:00:00+00:00,23.5,92.42546,0.0,3.7585104,163.30067,0.346
2019-07-05 22:00:00+00:00,23.1,94.110115,0.0,3.4152596,161.56496,0.346
2019-07-05 23:00:00+00:00,24.5,89.72227,0.0,2.2768397,198.43504,0.346
2019-07-06 00:00:00+00:00,26.35,83.352516,0.0,2.52,270.0,0.345
2019-07-06 01:00:00+00:00,27.75,78.41198,0.0,2.52,270.0,0.344
2019-07-06 02:00:00+00:00,29.15,70.13649,0.1,1.8,233.13002,0.343
2019-07-06 03:00:00+00:00,29.85,66.149536,0.2,1.9386592,158.19853,0.343
2019-07-06 04:00:00+00:00,30.1,67.81871,0.4,4.198285,149.03632,0.344
2019-07-06 05:00:00+00:00,30.85,66.55146,0.0,4.896529,197.10281,0.342
2019-07-06 06:00:00+00:00,30.0,70.29307,0.0,5.6233797,129.80553,0.34
2019-07-06 07:00:00+00:00,29.85,72.189674,0.1,5.8048253,172.87508,0.339
2019-07-06 08:00:00+00:00,28.5,77.35013,0.1,4.8965297,126.027466,0.339
2019-07-06 09:00:00+00:00,26.9,91.24299,0.5,0.8049845,153.43501,0.342
2019-07-06 10:00:00+00:00,26.6,93.978455,0.0,3.0547013,135.0001,0.342
2019-07-06 11:00:00+00:00,25.85,96.50002,0.0,4.6938252,175.60138,0.342
2019-07-06 12:00:00+00:00,25.8,96.78638,0.0,4.072935,135.0001,0.342
2019-07-06 13:00:00+00:00,25.9,94.792465,0.0,7.127636,135.0001,0.342
2019-07-06 14:00:00+00:00,25.5,92.53382,0.0,7.289445,147.09476,0.342
2019-07-06 15:00:00+00:00,25.1,91.13004,0.0,5.8048253,150.2552,0.341
2019-07-06 16:00:00+00:00,24.85,91.114204,0.0,5.815978,158.19853,0.341
2019-07-06 17:00:00+00:00,24.55,92.76234,0.0,5.937272,165.96373,0.341
2019-07-06 18:00:00+00:00,23.9,95.57939,0.0,4.3349743,175.23645,0.341
2019-07-06 19:00:00+00:00,23.65,96.15169,0.0,3.9763298,174.80566,0.34
2019-07-06 20:00:00+00:00,23.2,97.31276,0.0,5.0911684,188.13002,0.34
2019-07-06 21:00:00+00:00,23.45,96.145966,0.0,4.2136917,199.9832,0.34
2019-07-06 22:00:00+00:00,23.55,95.56802,0.0,5.1165614,230.71062,0.34
2019-07-06 23:00:00+00:00,25.0,93.62668,0.0,5.0142193,248.96242,0.34
2019-07-07 00:00:00+00:00,26.25,90.65888,0.0,2.5455842,261.87,0.339
2019-07-07 01:00:00+00:00,27.75,81.53475,0.0,1.08,270.0,0.338
2019-07-07 02:00:00+00:00,29.2,72.29347,0.0,2.9024127,187.12492,0.337
2019-07-07 03:00:00+00:00,30.1,66.40066,0.1,3.319036,192.5288,0.336
2019-07-07 04:00:00+00:00,31.15,60.665005,0.1,3.4152596,198.43504,0.335
2019-07-07 05:00:00+00:00,31.95,57.095932,0.1,3.9763298,185.19434,0.334
2019-07-07 06:00:00+00:00,32.1,55.758354,0.1,5.3517847,160.34608,0.332
2019-07-07 07:00:00+00:00,31.8,56.71401,0.0,5.3517847,160.34608,0.331
2019-07-07 08:00:00+00:00,31.5,58.04051,0.0,5.2416787,164.05453,0.329
2019-07-07 09:00:00+00:00,30.75,65.34011,0.0,5.1544156,167.90526,0.328
2019-07-07 10:00:00+00:00,28.65,75.76403,0.0,4.8433046,138.01286,0.328
2019-07-07 11:00:00+00:00,27.3,77.17215,0.0,9.085988,146.3099,0.328
2019-07-07 12:00:00+00:00,26.95,73.45335,0.0,13.37825,156.19405,0.326
2019-07-07 13:00:00+00:00,26.0,77.2127,0.0,12.904882,157.01126,0.326
2019-07-07 14:00:00+00:00,25.2,81.962616,0.0,11.631956,158.19853,0.326
2019-07-07 15:00:00+00:00,24.55,85.72585,0.0,10.028439,158.96242,0.326
2019-07-07 16:00:00+00:00,24.0,88.329575,0.0,8.427383,160.0168,0.326
2019-07-07 17:00:00+00:00,23.65,89.38666,0.0,7.69592,169.21574,0.326
2019-07-07 18:00:00+00:00,23.4,89.91604,0.0,8.287822,177.5105,0.326
2019-07-07 19:00:00+00:00,22.95,91.83183,0.0,6.519877,186.3401,0.326
2019-07-07 20:00:00+00:00,22.4,93.505135,0.0,4.6938252,175.60138,0.326
2019-07-07 21:00:00+00:00,22.05,94.06471,0.0,4.379589,170.53775,0.326
2019-07-07 22:00:00+00:00,21.6,94.335236,0.0,6.5693827,189.46225,0.326
2019-07-07 23:00:00+00:00,23.05,90.99888,0.0,3.8939953,236.3099,0.326
2019-07-08 00:00:00+00:00,25.0,83.962875,0.0,0.35999998,270.0,0.325
2019-07-08 01:00:00+00:00,26.85,77.10487,0.0,1.2979984,213.6901,0.324
2019-07-08 02:00:00+00:00,28.45,70.86213,0.0,1.9386592,248.19853,0.323
2019-07-08 03:00:00+00:00,29.55,62.945385,0.1,3.7064266,240.94548,0.322
2019-07-08 04:00:00+00:00,30.5,58.339516,0.0,4.0249224,243.43501,0.321
2019-07-08 05:00:00+00:00,31.1,54.83856,0.0,3.6,216.86998,0.319
2019-07-08 06:00:00+00:00,31.5,53.275608,0.0,3.0758414,200.55612,0.318
2019-07-08 07:00:00+00:00,31.6,52.325584,0.0,3.671294,191.30989,0.316
2019-07-08 08:00:00+00:00,31.45,53.59177,0.0,3.8268526,221.18582,0.315
2019-07-08 09:00:00+00:00,30.4,66.0613,0.0,2.9024127,262.8751,0.314
2019-07-08 10:00:00+00:00,28.15,84.80738,0.0,6.849467,86.98728,0.314
2019-07-08 11:00:00+00:00,26.95,78.53555,0.0,9.107359,108.43504,0.314
2019-07-08 12:00:00+00:00,26.7,71.41383,0.0,11.480557,131.18582,0.312
2019-07-08 13:00:00+00:00,25.75,68.42832,0.0,8.39657,149.03632,0.312
2019-07-08 14:00:00+00:00,25.2,69.39382,0.0,8.217153,151.1893,0.312
2019-07-08 15:00:00+00:00,24.7,70.38873,0.0,8.4963045,143.61555,0.312
2019-07-08 16:00:00+00:00,24.2,72.30155,0.0,7.7879906,146.3099,0.312
2019-07-08 17:00:00+00:00,23.45,78.518196,0.0,5.0142193,158.96242,0.312
2019-07-08 18:00:00+00:00,22.8,84.76103,0.0,6.849467,176.98727,0.312
2019-07-08 19:00:00+00:00,23.1,82.978226,0.0,5.154415,204.77512,0.312
2019-07-08 20:00:00+00:00,22.75,85.81048,0.0,4.3498964,204.44394,0.312
2019-07-08 21:00:00+00:00,22.5,87.933235,0.0,4.6102495,218.65984,0.312
2019-07-08 22:00:00+00:00,22.4,89.01682,0.0,4.5536795,198.43504,0.312
2019-07-08 23:00:00+00:00,23.6,86.15852,0.0,2.3051248,231.34016,0.312
2019-07-09 00:00:00+00:00,25.9,82.04796,0.0,3.319036,319.39877,0.312
2019-07-09 01:00:00+00:00,27.25,77.16467,0.0,2.8116899,320.1945,0.312
2019-07-09 02:00:00+00:00,28.65,70.04385,0.0,2.3051248,308.65982,0.311
2019-07-09 03:00:00+00:00,29.9,63.406242,0.0,2.8116899,320.1945,0.309
2019-07-09 04:00:00+00:00,30.7,58.565044,0.1,3.5455887,336.0375,0.308
2019-07-09 05:00:00+00:00,31.05,57.05637,0.2,4.896529,342.8972,0.308
2019-07-09 06:00:00+00:00,31.2,56.744015,0.0,5.2416787,344.05453,0.307
2019-07-09 07:00:00+00:00,31.35,56.089718,0.0,2.968636,345.9637,0.305
2019-07-09 08:00:00+00:00,31.1,57.068256,0.0,1.8,36.86999,0.304
2019-07-09 09:00:00+00:00,29.6,69.58742,0.0,6.12,90.0,0.304
2019-07-09 10:00:00+00:00,27.95,79.38876,0.0,4.5536795,108.43504,0.303
2019-07-09 11:00:00+00:00,27.05,81.69355,0.0,4.829907,116.56499,0.303
2019-07-09 12:00:00+00:00,26.85,78.759674,0.0,8.714677,128.2902,0.298
2019-07-09 13:00:00+00:00,26.4,79.65837,0.0,9.220499,128.65984,0.298
2019-07-09 14:00:00+00:00,25.85,82.541405,0.0,8.217153,151.1893,0.298
2019-07-09 15:00:00+00:00,25.2,86.31205,0.0,7.8954163,155.77226,0.298
2019-07-09 16:00:00+00:00,24.85,87.86492,0.0,7.754637,158.19853,0.298
2019-07-09 17:00:00+00:00,24.4,90.26105,0.0,5.7599998,180.0,0.298
2019-07-09 18:00:00+00:00,23.9,92.72828,0.0,6.130579,176.6336,0.298
2019-07-09 19:00:00+00:00,23.6,94.41765,0.0,5.3517847,160.34608,0.298
2019-07-09 20:00:00+00:00,23.3,96.14173,0.0,3.319036,192.5288,0.299
2019-07-09 21:00:00+00:00,23.1,97.31075,0.0,4.0249224,259.69522,0.299
2019-07-09 22:00:00+00:00,23.85,94.14226,0.0,2.5959969,213.6901,0.299
2019-07-09 23:00:00+00:00,24.6,91.65091,0.0,3.396233,212.00534,0.299
2019-07-10 00:00:00+00:00,25.6,86.6114,0.0,6.1305785,229.76372,0.298
2019-07-10 01:00:00+00:00,27.05,80.22914,0.0,6.489992,236.3099,0.298
2019-07-10 02:00:00+00:00,27.95,75.42616,0.0,7.289445,237.09476,0.297
2019-07-10 03:00:00+00:00,28.0,75.20653,0.0,6.4096174,218.15727,0.297
2019-07-10 04:00:00+00:00,26.6,80.90093,0.5,6.162207,173.29025,0.3
2019-07-10 05:00:00+00:00,25.55,89.2595,0.9,5.495161,148.39255,0.306
2019-07-10 06:00:00+00:00,25.6,92.539154,0.8,4.510787,151.38963,0.312
2019-07-10 07:00:00+00:00,25.2,99.7027,0.7,4.1046314,105.25517,0.317
2019-07-10 08:00:00+00:00,25.85,93.38632,0.4,4.3349743,94.76356,0.32
2019-07-10 09:00:00+00:00,25.85,95.07362,0.1,4.0249224,79.69521,0.321
2019-07-10 10:00:00+00:00,25.5,95.9168,0.0,5.8048253,97.12492,0.321
2019-07-10 11:00:00+00:00,24.8,96.473,0.2,7.8625183,105.945465,0.322
2019-07-10 12:00:00+00:00,25.35,95.62604,0.3,7.92,90.0,0.303
2019-07-10 13:00:00+00:00,25.2,91.13639,0.0,7.8954163,114.22774,0.303
2019-07-10 14:00:00+00:00,24.6,90.82313,0.0,7.5942082,121.42952,0.303
2019-07-10 15:00:00+00:00,24.15,92.181175,0.0,7.491114,125.21768,0.303
2019-07-10 16:00:00+00:00,23.75,94.13798,0.0,5.315336,118.30067,0.303
2019-07-10 17:00:00+00:00,23.7,94.13583,0.0,6.2145634,100.00792,0.303
2019-07-10 18:00:00+00:00,23.5,94.98844,0.0,4.829907,116.56499,0.303
2019-07-10 19:00:00+00:00,22.6,97.00482,0.0,6.193674,125.537766,0.303
2019-07-10 20:00:00+00:00,22.55,96.70848,0.0,5.6002855,135.0001,0.303
2019-07-10 21:00:00+00:00,22.55,97.003716,0.0,5.1165614,129.28938,0.303
2019-07-10 22:00:00+00:00,22.45,97.59478,0.0,4.1046314,127.875046,0.303
2019-07-10 23:00:00+00:00,23.35,95.5615,0.0,4.39436,124.992096,0.303
2019-07-11 00:00:00+00:00,24.95,91.395836,0.0,2.968636,165.96373,0.303
2019-07-11 01:00:00+00:00,26.7,82.64172,0.0,2.6208394,195.94547,0.303
2019-07-11 02:00:00+00:00,28.4,73.92044,0.0,1.0182338,224.9999,0.302
2019-07-11 03:00:00+00:00,29.25,67.652176,0.0,2.4149535,26.564985,0.301
2019-07-11 04:00:00+00:00,29.35,66.45061,0.1,4.510787,28.610369,0.3
2019-07-11 05:00:00+00:00,29.2,67.028885,0.1,4.6102495,38.65983,0.3
2019-07-11 06:00:00+00:00,29.3,67.662025,0.0,3.0758414,20.556128,0.299
2019-07-11 07:00:00+00:00,29.65,67.1185,0.0,2.2768397,71.564964,0.298
2019-07-11 08:00:00+00:00,29.8,66.34011,0.0,3.96,90.0,0.297
2019-07-11 09:00:00+00:00,28.45,73.7059,0.0,7.2,90.0,0.297
2019-07-11 10:00:00+00:00,27.1,80.4781,0.0,5.4119864,93.814,0.297
2019-07-11 11:00:00+00:00,26.1,84.083336,0.0,5.0911684,98.13002,0.297
2019-07-11 12:00:00+00:00,25.5,89.52493,0.0,8.699793,114.44395,0.299
2019-07-11 13:00:00+00:00,25.2,91.13639,0.0,6.9527545,111.25058,0.299
2019-07-11 14:00:00+00:00,24.75,91.93702,0.0,6.6185193,112.38018,0.299
2019-07-11 15:00:00+00:00,24.3,93.03021,0.0,6.87779,96.00892,0.299
2019-07-11 16:00:00+00:00,23.95,94.146515,0.0,6.489992,93.17977,0.299
2019-07-11 17:00:00+00:00,23.75,94.71031,0.0,5.937272,104.03627,0.299
2019-07-11 18:00:00+00:00,23.45,95.56475,0.0,4.3498964,114.44395,0.299
2019-07-11 19:00:00+00:00,23.15,96.137474,0.0,3.8773184,111.801476,0.299
2019-07-11 20:00:00+00:00,22.8,97.00926,0.0,4.3349743,131.63345,0.299
2019-07-11 21:00:00+00:00,22.55,97.89426,0.0,3.671294,168.69011,0.299
2019-07-11 22:00:00+00:00,22.55,97.89426,0.0,2.6208394,195.94547,0.299
2019-07-11 23:00:00+00:00,23.6,94.704506,0.0,4.32,180.0,0.299
2019-07-12 00:00:00+00:00,25.3,87.903175,0.0,3.6,216.86998,0.298
2019-07-12 01:00:00+00:00,27.25,78.57799,0.0,4.198285,239.0363,0.298
2019-07-12 02:00:00+00:00,28.5,71.086464,0.0,4.1046314,232.12495,0.297
2019-07-12 03:00:00+00:00,29.45,65.867714,0.0,3.563818,224.9999,0.296
2019-07-12 04:00:00+00:00,30.15,64.43047,0.0,3.6,216.86998,0.295
2019-07-12 05:00:00+00:00,30.7,63.770134,0.0,4.3498964,245.55606,0.294
2019-07-12 06:00:00+00:00,30.05,63.825294,0.0,5.0911684,224.9999,0.292
2019-07-12 07:00:00+00:00,27.25,80.98391,0.9,4.6938257,237.52882,0.298
2019-07-12 08:00:00+00:00,27.05,82.4345,0.1,5.3999996,143.13002,0.298
2019-07-12 09:00:00+00:00,26.5,84.89013,0.0,3.319036,139.39879,0.298
2019-07-12 10:00:00+00:00,26.1,89.301056,0.0,2.8799999,270.0,0.298
2019-07-12 11:00:00+00:00,24.95,95.04126,0.0,4.3349743,228.36655,0.298
2019-07-12 12:00:00+00:00,25.05,96.47948,0.0,4.8433046,138.01286,0.282
2019-07-12 13:00:00+00:00,25.05,95.616455,0.0,3.0758414,200.55612,0.282
2019-07-12 14:00:00+00:00,24.7,97.34242,0.0,2.8116899,230.19447,0.282
2019-07-12 15:00:00+00:00,24.15,98.80626,0.0,3.671294,281.3099,0.282
2019-07-12 16:00:00+00:00,24.4,98.80849,0.3,4.2136917,289.9832,0.284
2019-07-12 17:00:00+00:00,24.0,98.508095,0.0,4.2136917,250.0168,0.285
2019-07-12 18:00:00+00:00,24.35,97.33551,0.0,6.489992,236.3099,0.285
2019-07-12 19:00:00+00:00,24.15,96.456085,0.0,6.1094027,224.9999,0.285
2019-07-12 20:00:00+00:00,23.9,97.033516,0.0,5.3517847,222.27362,0.285
2019-07-12 21:00:00+00:00,23.8,97.03133,0.0,5.991594,212.73521,0.285
2019-07-12 22:00:00+00:00,23.7,97.32269,0.0,6.696387,216.25392,0.285
2019-07-12 23:00:00+00:00,24.0,95.87169,0.0,7.491114,215.21768,0.285
2019-07-13 00:00:00+00:00,24.35,93.59661,0.0,8.942214,229.89915,0.286
2019-07-13 01:00:00+00:00,25.5,87.12721,0.1,7.771331,256.60748,0.287
2019-07-13 02:00:00+00:00,25.3,90.86884,1.3,5.0911684,261.87,0.299
2019-07-13 03:00:00+00:00,26.65,89.342415,0.3,4.6102495,218.65984,0.301
2019-07-13 04:00:00+00:00,27.0,85.196815,0.4,2.5959969,213.6901,0.303
2019-07-13 05:00:00+00:00,28.0,83.78747,0.3,3.6,270.0,0.305
2019-07-13 06:00:00+00:00,27.85,77.25395,0.3,6.6185193,157.61983,0.306
2019-07-13 07:00:00+00:00,27.05,81.69355,0.1,4.2136917,160.0168,0.306
2019-07-13 08:00:00+00:00,27.4,78.12597,0.0,2.1897945,279.46225,0.305
2019-07-13 09:00:00+00:00,26.55,80.1631,0.2,4.68,270.0,0.306
2019-07-13 10:00:00+00:00,25.4,87.381996,0.3,6.924738,278.97253,0.307
2019-07-13 11:00:00+00:00,24.8,92.217674,0.1,5.8603754,259.3804,0.308
2019-07-13 12:00:00+00:00,24.25,95.59071,0.0,3.8773184,201.80147,0.318
2019-07-13 13:00:00+00:00,24.45,94.73724,0.0,4.39436,235.0079,0.318
2019-07-13 14:00:00+00:00,24.25,96.1686,0.0,4.8965297,216.02747,0.317
2019-07-13 15:00:00+00:00,24.15,96.1658,0.0,4.896529,197.10281,0.317
2019-07-13 16:00:00+00:00,23.8,97.03133,0.0,5.815978,201.80147,0.317
2019-07-13 17:00:00+00:00,23.5,97.31872,0.0,5.3517847,199.65392,0.316
2019-07-13 18:00:00+00:00,23.3,97.60998,0.0,5.6920996,198.43504,0.316
2019-07-13 19:00:00+00:00,23.2,97.60816,0.0,5.815978,201.80147,0.316
2019-07-13 20:00:00+00:00,23.15,97.60732,0.0,5.634891,206.56499,0.315
2019-07-13 21:00:00+00:00,23.15,97.31178,0.0,5.8048253,209.7448,0.315
2019-07-13 22:00:00+00:00,23.1,96.72182,0.0,5.1919937,213.6901,0.315
2019-07-13 23:00:00+00:00,23.55,95.2788,0.0,4.1046314,217.87505,0.315
2019-07-14 00:00:00+00:00,24.05,93.86637,0.0,4.39436,235.0079,0.313
2019-07-14 01:00:00+00:00,24.7,90.82967,0.0,4.8433046,228.01286,0.313
2019-07-14 02:00:00+00:00,26.15,81.5823,0.0,5.1165614,230.71062,0.312
2019-07-14 03:00:00+00:00,28.05,70.3596,0.1,8.435069,219.80553,0.312
2019-07-14 04:00:00+00:00,29.1,63.81725,0.1,7.928177,230.52757,0.311
2019-07-14 05:00:00+00:00,29.85,60.186737,0.1,6.9153743,231.34016,0.31
2019-07-14 06:00:00+00:00,30.55,56.41482,0.1,7.653705,221.18582,0.309
2019-07-14 07:00:00+00:00,29.9,58.738327,0.2,7.968939,198.43504,0.309
2019-07-14 08:00:00+00:00,28.65,64.90412,0.1,7.208994,177.13765,0.308
2019-07-14 09:00:00+00:00,27.8,72.048256,0.0,6.28713,156.3706,0.307
2019-07-14 10:00:00+00:00,26.55,78.47881,0.0,6.638072,139.39879,0.307
2019-07-14 11:00:00+00:00,25.65,80.77877,0.0,8.209263,142.12495,0.307
2019-07-14 12:00:00+00:00,25.05,83.45829,0.0,8.699793,155.55606,0.302
2019-07-14 13:00:00+00:00,24.65,83.4129,0.0,7.5170207,163.30067,0.302
2019-07-14 14:00:00+00:00,24.05,85.15311,0.0,5.154415,155.22488,0.302
2019-07-14 15:00:00+00:00,23.6,86.423294,0.0,4.829907,153.43501,0.302
2019-07-14 16:00:00+00:00,23.35,86.66538,0.0,5.4119864,176.186,0.301
2019-07-14 17:00:00+00:00,22.95,88.24256,0.0,5.8603754,190.6196,0.301
2019-07-14 18:00:00+00:00,22.35,90.67392,0.0,5.3517847,199.65392,0.301
2019-07-14 19:00:00+00:00,21.95,91.49001,0.0,4.73506,188.74608,0.301
2019-07-14 20:00:00+00:00,21.85,90.36062,0.0,6.28713,203.6294,0.301
2019-07-14 21:00:00+00:00,21.55,92.60315,0.0,4.8965297,216.02747,0.301
2019-07-14 22:00:00+00:00,20.65,95.472115,0.0,5.506941,191.30989,0.3
2019-07-14 23:00:00+00:00,22.0,90.930534,0.0,3.8773184,201.80147,0.3
2019-07-15 00:00:00+00:00,24.4,81.61343,0.0,4.6102495,231.34016,0.3
2019-07-15 01:00:00+00:00,26.4,73.585144,0.0,4.8965297,233.97253,0.299
2019-07-15 02:00:00+00:00,28.25,66.2274,0.0,5.495161,238.39255,0.298
2019-07-15 03:00:00+00:00,29.6,58.128418,0.0,8.161764,228.57643,0.296
2019-07-15 04:00:00+00:00,30.55,53.202564,0.0,8.913181,226.63654,0.295
2019-07-15 05:00:00+00:00,31.3,49.724197,0.0,9.178235,228.17992,0.293
2019-07-15 06:00:00+00:00,31.75,47.721214,0.0,8.669949,228.36655,0.291
2019-07-15 07:00:00+00:00,31.75,46.983707,0.0,7.928177,230.52757,0.29
2019-07-15 08:00:00+00:00,31.25,48.18745,0.0,7.8954163,223.1524,0.289
2019-07-15 09:00:00+00:00,30.15,57.90076,0.0,5.904439,217.56866,0.288
2019-07-15 10:00:00+00:00,28.1,68.463745,0.0,5.815978,201.80147,0.287
2019-07-15 11:00:00+00:00,26.7,69.46452,0.0,10.365251,159.67677,0.287
2019-07-15 12:00:00+00:00,25.6,72.5482,0.0,12.074766,153.43501,0.286
2019-07-15 13:00:00+00:00,24.85,76.33011,0.0,9.346143,164.3577,0.285
2019-07-15 14:00:00+00:00,24.25,79.85514,0.0,8.4042845,170.13426,0.285
2019-07-15 15:00:00+00:00,24.0,79.57509,0.0,9.178235,168.69011,0.285
2019-07-15 16:00:00+00:00,23.8,76.880104,0.0,9.028754,175.42616,0.285
2019-07-15 17:00:00+00:00,23.55,79.02158,0.0,9.0,180.0,0.285
2019-07-15 18:00:00+00:00,23.15,83.49888,0.0,6.28713,193.24052,0.285
2019-07-15 19:00:00+00:00,23.0,86.3661,0.0,7.342588,191.30989,0.285
2019-07-15 20:00:00+00:00,22.75,88.77066,0.0,8.707238,187.12492,0.285
2019-07-15 21:00:00+00:00,22.5,90.40557,0.0,8.4042845,189.86574,0.285
2019-07-15 22:00:00+00:00,22.1,92.91801,0.0,4.8965297,216.02747,0.285
2019-07-15 23:00:00+00:00,22.85,90.98588,0.0,5.6002855,224.9999,0.285
2019-07-16 00:00:00+00:00,24.85,84.20274,0.0,4.6938257,212.47118,0.285
2019-07-16 01:00:00+00:00,26.95,75.267044,0.0,5.8048253,209.7448,0.284
2019-07-16 02:00:00+00:00,28.65,67.32839,0.0,6.193674,215.53777,0.284
2019-07-16 03:00:00+00:00,30.05,56.81773,0.1,8.0899935,212.27562,0.284
2019-07-16 04:00:00+00:00,30.9,51.826763,0.1,9.290511,215.53777,0.283
2019-07-16 05:00:00+00:00,31.5,49.161793,0.0,9.931042,223.53127,0.282
2019-07-16 06:00:00+00:00,31.95,46.890366,0.0,11.212135,222.39738,0.28
2019-07-16 07:00:00+00:00,31.4,48.98325,0.0,11.435313,208.1785,0.279
2019-07-16 08:00:00+00:00,30.85,51.653637,0.0,12.261158,176.6336,0.278
2019-07-16 09:00:00+00:00,28.9,63.7745,0.0,13.441071,159.62349,0.277
2019-07-16 10:00:00+00:00,27.55,72.66519,0.0,9.504273,155.37645,0.277
2019-07-16 11:00:00+00:00,26.5,74.28106,0.0,10.948973,152.59251,0.276
2019-07-16 12:00:00+00:00,26.05,74.206505,0.0,9.449572,162.25523,0.274
2019-07-16 13:00:00+00:00,25.5,75.7294,0.0,7.342588,168.69011,0.274
2019-07-16 14:00:00+00:00,25.0,78.49765,0.0,7.771331,166.60748,0.274
2019-07-16 15:00:00+00:00,24.65,81.14544,0.0,8.089993,159.14546,0.274
2019-07-16 16:00:00+00:00,24.35,83.63455,0.0,7.69592,169.21574,0.274
2019-07-16 17:00:00+00:00,24.05,84.37383,0.0,6.5693827,189.46225,0.274
2019-07-16 18:00:00+00:00,23.8,84.86648,0.0,5.6920996,198.43504,0.274
2019-07-16 19:00:00+00:00,23.55,84.57962,0.0,8.12197,192.80426,0.274
2019-07-16 20:00:00+00:00,23.15,86.38044,0.0,5.315336,208.30066,0.274
2019-07-16 21:00:00+00:00,22.65,90.13852,0.0,3.8268526,228.81418,0.274
2019-07-16 22:00:00+00:00,22.3,92.928345,0.0,3.8939953,236.3099,0.274
2019-07-16 23:00:00+00:00,23.45,90.19479,0.0,4.5536795,288.43503,0.274
2019-07-17 00:00:00+00:00,25.2,85.27085,0.0,3.8268526,228.81418,0.274
2019-07-17 01:00:00+00:00,26.85,77.810295,0.0,4.3498964,204.44394,0.273
2019-07-17 02:00:00+00:00,28.4,71.28432,0.0,3.7585104,196.69933,0.273
2019-07-17 03:00:00+00:00,29.45,65.07108,0.0,3.8939953,213.6901,0.272
2019-07-17 04:00:00+00:00,30.35,59.93304,0.0,5.3517847,222.27362,0.271
2019-07-17 05:00:00+00:00,30.95,57.03258,0.0,5.3999996,216.86998,0.27
2019-07-17 06:00:00+00:00,31.3,55.39485,0.0,5.3517847,222.27362,0.269
2019-07-17 07:00:00+00:00,31.4,54.075733,0.0,4.3498964,204.44394,0.268
2019-07-17 08:00:00+00:00,30.45,60.507313,0.0,4.1046314,127.875046,0.267
2019-07-17 09:00:00+00:00,29.45,69.98045,0.0,6.12,118.072395,0.267
2019-07-17 10:00:00+00:00,28.05,72.751595,0.0,9.422101,136.54811,0.266
2019-07-17 11:00:00+00:00,26.85,74.566,0.0,10.799999,143.13002,0.266
2019-07-17 12:00:00+00:00,26.6,75.671394,0.0,11.885453,144.86572,0.269
2019-07-17 13:00:00+00:00,25.9,78.62569,0.0,10.805998,150.01845,0.269
2019-07-17 14:00:00+00:00,25.2,83.22145,0.0,8.699793,155.55606,0.269
2019-07-17 15:00:00+00:00,24.7,86.26435,0.0,8.557102,165.37909,0.269
2019-07-17 16:00:00+00:00,23.75,91.043976,0.0,5.0528407,175.91446,0.269
2019-07-17 17:00:00+00:00,22.85,94.386955,0.0,6.130579,183.3664,0.269
2019-07-17 18:00:00+00:00,22.9,93.81477,0.0,5.0142193,201.03758,0.269
2019-07-17 19:00:00+00:00,23.1,92.96932,0.0,3.6179552,185.7105,0.269
2019-07-17 20:00:00+00:00,23.05,92.9668,0.0,3.563818,224.9999,0.269
2019-07-17 21:00:00+00:00,22.35,95.52871,0.0,2.4149535,153.43501,0.269
2019-07-17 22:00:00+00:00,21.7,97.282616,0.0,1.609969,116.56499,0.269
2019-07-17 23:00:00+00:00,22.95,92.96168,0.0,2.5455842,98.13002,0.269
2019-07-18 00:00:00+00:00,25.55,83.008965,0.0,0.8049845,206.56499,0.272
2019-07-18 01:00:00+00:00,26.75,78.74563,0.0,2.0364676,44.999897,0.272
2019-07-18 02:00:00+00:00,28.7,71.55429,0.0,2.5455842,351.87,0.271
2019-07-18 03:00:00+00:00,30.15,62.502113,0.1,2.16,360.0,0.27
2019-07-18 04:00:00+00:00,30.75,59.296555,0.1,2.6208394,15.945477,0.269
2019-07-18 05:00:00+00:00,31.3,57.465527,0.1,2.7416782,23.198618,0.269
2019-07-18 06:00:00+00:00,31.45,57.67641,0.0,2.4149535,26.564985,0.268
2019-07-18 07:00:00+00:00,31.7,57.385,0.0,3.396233,32.005356,0.267
2019-07-18 08:00:00+00:00,30.95,60.252605,0.0,4.8433046,41.98713,0.266
2019-07-18 09:00:00+00:00,29.6,73.676346,0.0,3.8939953,56.3099,0.266
2019-07-18 10:00:00+00:00,28.5,76.19742,0.0,6.379216,106.38962,0.266
2019-07-18 11:00:00+00:00,27.45,77.42821,0.0,7.7043357,127.40543,0.266
2019-07-18 12:00:00+00:00,27.05,81.69355,0.0,7.145796,139.08571,0.263
2019-07-18 13:00:00+00:00,26.6,84.13766,0.0,7.6367526,135.0001,0.263
2019-07-18 14:00:00+00:00,26.15,85.88322,0.0,7.145796,130.91429,0.263
2019-07-18 15:00:00+00:00,25.85,86.63464,0.0,7.127636,135.0001,0.263
2019-07-18 16:00:00+00:00,25.5,87.920135,0.0,5.904439,142.43134,0.263
2019-07-18 17:00:00+00:00,24.7,93.05031,0.0,4.802999,167.00539,0.263
2019-07-18 18:00:00+00:00,24.65,92.76754,0.0,4.0249224,190.3048,0.263
2019-07-18 19:00:00+00:00,25.05,90.03379,0.0,0.35999998,180.0,0.263
2019-07-18 20:00:00+00:00,23.75,96.44561,0.0,3.671294,78.6901,0.263
2019-07-18 21:00:00+00:00,23.85,96.15733,0.0,4.0249224,79.69521,0.263
2019-07-18 22:00:00+00:00,23.85,95.577774,0.0,3.2599385,96.340096,0.263
2019-07-18 23:00:00+00:00,24.85,91.94281,0.0,5.0528407,94.08554,0.263
2019-07-19 00:00:00+00:00,26.7,84.91084,0.0,3.2599385,83.659904,0.263
2019-07-19 01:00:00+00:00,28.3,77.55325,0.0,4.379589,80.53775,0.263
2019-07-19 02:00:00+00:00,29.45,74.539185,0.1,4.6800003,67.3801,0.263
2019-07-19 03:00:00+00:00,30.55,71.24044,0.1,4.198285,59.03632,0.262
2019-07-19 04:00:00+00:00,31.15,69.4602,0.1,4.829907,63.435013,0.262
2019-07-19 05:00:00+00:00,30.1,72.88392,0.3,7.928178,92.60251,0.263
2019-07-19 06:00:00+00:00,29.8,74.59589,0.0,6.924738,81.02746,0.262
2019-07-19 07:00:00+00:00,30.25,67.643936,0.0,6.489992,86.82024,0.261
2019-07-19 08:00:00+00:00,30.25,66.430885,0.1,9.339208,62.447273,0.262
2019-07-19 09:00:00+00:00,28.6,78.06339,0.1,8.534353,27.645891,0.262
2019-07-19 10:00:00+00:00,27.4,86.51913,0.0,3.671294,11.3098955,0.262
2019-07-19 11:00:00+00:00,26.0,94.232925,0.0,4.6102495,38.65983,0.262
2019-07-19 12:00:00+00:00,26.15,94.23916,0.0,4.452954,75.96373,0.257
2019-07-19 13:00:00+00:00,26.3,94.80753,0.0,5.1544156,102.09474,0.257
2019-07-19 14:00:00+00:00,25.95,93.950165,0.0,7.2805495,98.530685,0.257
2019-07-19 15:00:00+00:00,25.5,92.81169,0.0,7.42159,104.03627,0.257
2019-07-19 16:00:00+00:00,24.95,95.04126,0.0,7.289444,110.22495,0.257
2019-07-19 17:00:00+00:00,24.45,96.75432,0.0,5.3517847,109.653915,0.257
2019-07-19 18:00:00+00:00,24.05,97.62322,0.0,4.0249224,100.30479,0.257
2019-07-19 19:00:00+00:00,23.8,97.91375,0.0,3.4152596,108.43504,0.257
2019-07-19 20:00:00+00:00,23.75,97.91291,0.0,3.8939953,123.6901,0.257
2019-07-19 21:00:00+00:00,23.1,98.796844,0.0,5.3517847,137.72638,0.257
2019-07-19 22:00:00+00:00,23.1,98.49806,0.0,5.3999996,143.13002,0.257
2019-07-19 23:00:00+00:00,24.6,95.314896,0.0,2.9024127,119.74479,0.257
2019-07-20 00:00:00+00:00,26.55,88.53701,0.0,3.319036,77.4712,0.257
2019-07-20 01:00:00+00:00,28.45,78.27613,0.1,7.9932966,54.16227,0.257
2019-07-20 02:00:00+00:00,29.65,70.8657,0.1,9.178235,48.179924,0.256
2019-07-20 03:00:00+00:00,30.7,65.13303,0.1,9.422101,46.54811,0.256
2019-07-20 04:00:00+00:00,31.15,63.099552,0.2,8.78872,55.0079,0.257
2019-07-20 05:00:00+00:00,31.65,61.145554,0.3,8.534353,62.354122,0.258
2019-07-20 06:00:00+00:00,31.8,60.444485,0.1,8.209263,74.74483,0.258
2019-07-20 07:00:00+00:00,31.85,60.455723,0.1,8.287822,87.5105,0.257
2019-07-20 08:00:00+00:00,30.9,64.78275,0.2,9.793059,126.027466,0.258
2019-07-20 09:00:00+00:00,29.55,72.13738,0.1,11.246759,140.19447,0.259
2019-07-20 10:00:00+00:00,28.25,77.08114,0.0,12.88981,144.09018,0.258
2019-07-20 11:00:00+00:00,26.95,82.17484,0.0,11.183201,146.82147,0.258
2019-07-20 12:00:00+00:00,26.55,84.38595,0.0,10.97262,138.99101,0.261
2019-07-20 13:00:00+00:00,26.0,86.90991,0.0,9.220499,141.34016,0.261
2019-07-20 14:00:00+00:00,25.5,89.7949,0.0,7.7879906,146.3099,0.261
2019-07-20 15:00:00+00:00,25.1,91.68076,0.0,7.7043357,142.59457,0.261
2019-07-20 16:00:00+00:00,24.65,93.89302,0.0,5.3517847,137.72638,0.261
2019-07-20 17:00:00+00:00,23.75,96.44561,0.0,6.3690495,132.70937,0.261
2019-07-20 18:00:00+00:00,24.15,94.72575,0.0,3.319036,77.4712,0.261
2019-07-20 19:00:00+00:00,23.7,97.32269,0.0,3.7585104,73.300674,0.261
2019-07-20 20:00:00+00:00,23.95,97.91604,0.0,3.6179552,84.2895,0.261
2019-07-20 21:00:00+00:00,24.05,97.62322,0.0,5.771239,93.57626,0.261
2019-07-20 22:00:00+00:00,24.0,97.91679,0.0,5.7599998,90.0,0.261
2019-07-20 23:00:00+00:00,24.65,96.469086,0.0,5.5887027,75.068535,0.261
2019-07-21 00:00:00+00:00,26.2,90.384766,0.0,3.6179552,84.2895,0.261
2019-07-21 01:00:00+00:00,27.45,85.24245,0.2,3.219938,63.435013,0.261
2019-07-21 02:00:00+00:00,28.6,77.36488,0.2,3.6,36.86999,0.262
2019-07-21 03:00:00+00:00,29.35,73.634636,0.2,4.6938257,32.471172,0.263
2019-07-21 04:00:00+00:00,30.75,69.59323,0.1,5.0142193,21.037588,0.263
2019-07-21 05:00:00+00:00,31.15,64.83475,0.0,5.771239,3.5762644,0.262
2019-07-21 06:00:00+00:00,28.8,83.37931,2.2,3.7064266,60.94549,0.28
2019-07-21 07:00:00+00:00,29.25,74.9546,0.4,5.4119864,176.186,0.282
2019-07-21 08:00:00+00:00,29.1,72.49406,0.4,7.9932976,97.76508,0.284
2019-07-21 09:00:00+00:00,27.9,83.52688,0.1,5.771239,86.423744,0.284
2019-07-21 10:00:00+00:00,27.15,87.274155,0.0,5.3517847,132.27362,0.284
2019-07-21 11:00:00+00:00,26.5,86.43493,0.0,6.4096174,128.15727,0.284
2019-07-21 12:00:00+00:00,26.2,86.14707,0.0,7.386582,136.97493,0.28
2019-07-21 13:00:00+00:00,26.0,87.69817,0.0,7.5942082,148.57048,0.28
2019-07-21 14:00:00+00:00,25.7,89.00269,0.0,8.373386,154.5367,0.279
2019-07-21 15:00:00+00:00,25.35,90.32661,0.0,7.771331,166.60748,0.279
2019-07-21 16:00:00+00:00,24.8,92.77536,0.0,4.379589,170.53775,0.279
2019-07-21 17:00:00+00:00,24.5,93.60355,0.0,5.506941,168.69011,0.279
2019-07-21 18:00:00+00:00,24.4,95.02133,0.1,5.937272,345.9637,0.28
2019-07-21 19:00:00+00:00,24.3,97.62761,0.1,3.8939953,33.6901,0.28
2019-07-21 20:00:00+00:00,24.4,97.629395,0.0,2.0991426,59.03632,0.28
2019-07-21 21:00:00+00:00,24.3,97.334564,0.4,1.609969,333.43503,0.283
2019-07-21 22:00:00+00:00,24.2,97.91989,0.1,3.8939953,326.3099,0.284
2019-07-21 23:00:00+00:00,24.6,95.314896,0.0,4.6938257,327.52884,0.284
2019-07-22 00:00:00+00:00,24.6,93.045265,0.1,5.315336,298.30066,0.286
2019-07-22 01:00:00+00:00,25.3,91.417336,0.2,4.6800003,247.3801,0.287
2019-07-22 02:00:00+00:00,26.65,85.9319,0.1,4.39436,214.9921,0.288
2019-07-22 03:00:00+00:00,28.4,73.69756,0.1,3.8773184,248.19853,0.288
2019-07-22 04:00:00+00:00,29.55,67.71111,0.1,4.379589,260.53775,0.288
2019-07-22 05:00:00+00:00,30.15,65.41406,0.4,4.73506,261.2539,0.289
2019-07-22 06:00:00+00:00,29.9,66.76314,0.2,3.6179552,264.2895,0.289
2019-07-22 07:00:00+00:00,29.6,69.58742,0.1,0.35999998,180.0,0.288
2019-07-22 08:00:00+00:00,29.95,67.585075,0.0,3.2399998,180.0,0.287
2019-07-22 09:00:00+00:00,27.4,82.47596,0.5,5.3999996,143.13002,0.29
2019-07-22 10:00:00+00:00,26.2,95.08612,0.1,2.6208394,164.05453,0.291
2019-07-22 11:00:00+00:00,25.9,92.83231,0.0,4.0249224,169.6952,0.291
2019-07-22 12:00:00+00:00,25.3,90.86884,0.0,7.5170207,163.30067,0.285
2019-07-22 13:00:00+00:00,25.1,89.2253,0.0,6.489992,183.17976,0.285
2019-07-22 14:00:00+00:00,24.95,90.0267,0.0,6.519877,186.3401,0.285
2019-07-22 15:00:00+00:00,24.6,91.37426,0.0,5.4477882,172.40544,0.285
2019-07-22 16:00:00+00:00,23.95,94.4319,0.0,4.39436,145.0079,0.285
2019-07-22 17:00:00+00:00,23.9,93.85968,0.0,3.9763298,174.80566,0.284
2019-07-22 18:00:00+00:00,23.65,94.99396,0.0,4.6938257,212.47118,0.284
2019-07-22 19:00:00+00:00,23.4,95.853485,0.0,4.829907,206.56499,0.284
2019-07-22 20:00:00+00:00,23.2,96.431175,0.0,4.5536795,198.43504,0.284
2019-07-22 21:00:00+00:00,22.75,97.30374,0.0,3.8939953,213.6901,0.284
2019-07-22 22:00:00+00:00,22.8,97.00926,0.0,3.8939953,236.3099,0.283
2019-07-22 23:00:00+00:00,23.75,92.43911,0.0,4.8433046,221.98714,0.283
2019-07-23 00:00:00+00:00,24.8,88.127594,0.0,5.8603754,227.4896,0.283
2019-07-23 01:00:00+00:00,26.15,79.38263,0.0,7.145796,220.91429,0.283
2019-07-23 02:00:00+00:00,27.85,70.96872,0.0,8.209263,232.12495,0.282
2019-07-23 03:00:00+00:00,29.3,62.125282,0.1,10.739832,230.44037,0.281
2019-07-23 04:00:00+00:00,30.15,58.7965,0.1,9.726664,231.009,0.28
2019-07-23 05:00:00+00:00,31.0,56.177372,0.1,8.913181,226.63654,0.279
2019-07-23 06:00:00+00:00,31.25,55.043953,0.2,7.386582,223.02507,0.279
2019-07-23 07:00:00+00:00,31.1,55.516323,0.2,6.696387,233.74606,0.279
2019-07-23 08:00:00+00:00,30.85,57.008766,0.0,6.989936,235.49141,0.278
2019-07-23 09:00:00+00:00,30.1,61.922504,0.0,5.1165614,219.28938,0.277
2019-07-23 10:00:00+00:00,28.4,73.69756,0.0,3.671294,168.69011,0.276
2019-07-23 11:00:00+00:00,26.65,82.138756,0.0,6.193674,125.537766,0.276
2019-07-23 12:00:00+00:00,25.9,82.54735,0.0,4.8965297,143.97253,0.28
2019-07-23 13:00:00+00:00,26.1,77.46379,0.0,8.089993,159.14546,0.279
2019-07-23 14:00:00+00:00,25.3,80.98042,0.0,5.937272,165.96373,0.279
2019-07-23 15:00:00+00:00,24.55,84.68591,0.0,6.12,180.0,0.279
2019-07-23 16:00:00+00:00,24.0,87.52454,0.0,5.4119864,176.186,0.279
2019-07-23 17:00:00+00:00,23.75,88.57916,0.0,5.506941,168.69011,0.279
2019-07-23 18:00:00+00:00,23.3,91.29343,0.0,4.3349743,175.23645,0.279
2019-07-23 19:00:00+00:00,22.95,93.53114,0.0,4.68,180.0,0.278
2019-07-23 20:00:00+00:00,22.85,95.25442,0.1,4.1046314,322.12494,0.279
2019-07-23 21:00:00+00:00,23.5,93.55698,0.0,4.452954,284.03625,0.279
2019-07-23 22:00:00+00:00,24.15,89.69671,0.0,1.0182338,135.0001,0.278
2019-07-23 23:00:00+00:00,24.4,89.98765,0.0,2.8116899,230.19447,0.278
2019-07-24 00:00:00+00:00,25.85,81.297516,0.0,5.8048253,262.8751,0.28
2019-07-24 01:00:00+00:00,26.85,74.33886,0.0,4.510787,241.38963,0.28
2019-07-24 02:00:00+00:00,28.2,67.23887,0.0,5.1919937,236.3099,0.279
2019-07-24 03:00:00+00:00,29.4,61.390026,0.1,7.5942082,238.57048,0.278
2019-07-24 04:00:00+00:00,30.55,59.06968,0.1,7.24486,243.43501,0.277
2019-07-24 05:00:00+00:00,31.15,57.43008,0.1,6.439876,243.43501,0.276
2019-07-24 06:00:00+00:00,31.65,56.505672,0.0,4.0249224,243.43501,0.275
2019-07-24 07:00:00+00:00,31.9,56.221905,0.0,1.1384199,198.43504,0.273
2019-07-24 08:00:00+00:00,31.2,58.86023,0.0,1.835647,101.3099,0.272
2019-07-24 09:00:00+00:00,27.35,82.96637,1.0,8.0899935,122.27562,0.278
2019-07-24 10:00:00+00:00,25.65,91.71346,0.8,4.6938252,85.60138,0.284
2019-07-24 11:00:00+00:00,25.55,91.43265,0.2,6.792466,57.99466,0.285
2019-07-24 12:00:00+00:00,26.15,88.239525,0.0,2.8116899,39.805527,0.27
2019-07-24 13:00:00+00:00,25.4,95.62764,0.4,2.2768397,108.43504,0.272
2019-07-24 14:00:00+00:00,25.0,97.34826,0.1,3.7585104,163.30067,0.272
2019-07-24 15:00:00+00:00,24.8,96.184044,0.0,2.9024127,187.12492,0.272
2019-07-24 16:00:00+00:00,24.45,96.46389,0.1,3.7585104,196.69933,0.273
2019-07-24 17:00:00+00:00,24.25,97.33354,0.0,2.1897945,189.46225,0.273
2019-07-24 18:00:00+00:00,23.55,97.90987,0.0,4.0249224,169.6952,0.273
2019-07-24 19:00:00+00:00,23.55,95.56802,0.0,3.7585104,163.30067,0.273
2019-07-24 20:00:00+00:00,23.2,95.26662,0.0,3.6179552,174.2895,0.272
2019-07-24 21:00:00+00:00,23.15,95.26492,0.0,3.8773184,201.80147,0.272
2019-07-24 22:00:00+00:00,23.4,93.837296,0.0,5.0911684,224.9999,0.272
2019-07-24 23:00:00+00:00,24.1,91.34329,0.0,5.3517847,227.72638,0.272
2019-07-25 00:00:00+00:00,25.3,83.48655,0.0,4.510787,208.61037,0.268
2019-07-25 01:00:00+00:00,27.1,73.25493,0.0,4.829907,206.56499,0.268
2019-07-25 02:00:00+00:00,28.9,65.15526,0.0,6.1094027,224.9999,0.267
2019-07-25 03:00:00+00:00,30.1,58.965492,0.2,7.127636,224.9999,0.267
2019-07-25 04:00:00+00:00,30.75,56.636406,0.4,5.6002855,224.9999,0.269
2019-07-25 05:00:00+00:00,31.0,56.696228,0.3,3.319036,220.60121,0.27
2019-07-25 06:00:00+00:00,31.55,55.966595,0.1,2.968636,165.96373,0.269
2019-07-25 07:00:00+00:00,31.25,57.103897,0.0,6.6087217,150.64235,0.268
2019-07-25 08:00:00+00:00,30.75,58.576694,0.0,7.127636,135.0001,0.267
2019-07-25 09:00:00+00:00,29.75,63.373978,0.0,6.792466,122.00535,0.266
2019-07-25 10:00:00+00:00,28.3,69.55418,0.0,7.5685663,115.34614,0.266
2019-07-25 11:00:00+00:00,27.15,72.37439,0.0,9.931042,136.46873,0.265
2019-07-25 12:00:00+00:00,26.65,74.079094,0.0,10.97262,138.99101,0.26
2019-07-25 13:00:00+00:00,26.25,74.239655,0.0,9.504272,142.69597,0.26
2019-07-25 14:00:00+00:00,25.7,76.46154,0.0,9.449572,139.63554,0.26
2019-07-25 15:00:00+00:00,25.35,78.307205,0.0,8.699793,155.55606,0.26
2019-07-25 16:00:00+00:00,25.0,80.94191,0.0,6.2145634,190.00792,0.26
2019-07-25 17:00:00+00:00,24.6,84.17554,0.1,4.6800003,202.6199,0.26
2019-07-25 18:00:00+00:00,24.35,87.02329,0.1,4.5820518,224.9999,0.261
2019-07-25 19:00:00+00:00,24.05,90.51149,0.1,4.510787,241.38963,0.261
2019-07-25 20:00:00+00:00,23.85,92.725655,0.0,3.8268526,221.18582,0.261
2019-07-25 21:00:00+00:00,23.6,94.13157,0.0,3.4152596,198.43504,0.261
2019-07-25 22:00:00+00:00,23.3,95.85043,0.0,2.968636,194.03627,0.261
2019-07-25 23:00:00+00:00,23.8,92.441864,0.0,3.6,180.0,0.261
2019-07-26 00:00:00+00:00,24.95,88.67556,0.0,2.4149535,243.43501,0.263
2019-07-26 01:00:00+00:00,27.15,76.451096,0.0,3.319036,229.39879,0.262
2019-07-26 02:00:00+00:00,28.0,74.30236,0.0,2.7416782,246.80138,0.261
2019-07-26 03:00:00+00:00,28.65,71.54541,0.0,4.6938252,265.60138,0.261
2019-07-26 04:00:00+00:00,29.45,67.282425,0.1,3.8773184,248.19853,0.26
2019-07-26 05:00:00+00:00,27.55,82.24682,4.5,7.771331,103.39252,0.308
2019-07-26 06:00:00+00:00,26.3,90.66221,1.0,5.95906,64.98315,0.315
2019-07-26 07:00:00+00:00,26.35,89.05284,0.1,2.0991426,30.963696,0.315
2019-07-26 08:00:00+00:00,26.5,84.12681,0.1,9.686609,131.98714,0.315
2019-07-26 09:00:00+00:00,25.4,92.80652,0.4,1.9386592,21.801476,0.316
2019-07-26 10:00:00+00:00,25.25,94.76783,0.1,4.198285,329.03632,0.317
2019-07-26 11:00:00+00:00,24.65,97.341446,0.1,3.671294,281.3099,0.316
2019-07-26 12:00:00+00:00,24.95,99.4051,0.0,1.8,126.86999,0.271
2019-07-26 13:00:00+00:00,24.95,99.4051,0.0,2.968636,165.96373,0.271
2019-07-26 14:00:00+00:00,25.05,98.51969,0.2,2.5959969,236.3099,0.272
2019-07-26 15:00:00+00:00,24.95,97.931404,0.2,3.671294,191.30989,0.273
2019-07-26 16:00:00+00:00,24.4,98.512535,0.4,4.73506,171.25392,0.276
2019-07-26 17:00:00+00:00,24.0,98.80488,0.2,3.7064266,209.0545,0.277
2019-07-26 18:00:00+00:00,23.85,97.9145,0.1,3.2399998,180.0,0.277
2019-07-26 19:00:00+00:00,23.7,97.02914,0.0,5.3999996,180.0,0.277
2019-07-26 20:00:00+00:00,23.2,98.20138,0.0,3.5455887,203.9625,0.277
2019-07-26 21:00:00+00:00,23.4,98.204094,0.0,3.7064266,240.94548,0.277
2019-07-26 22:00:00+00:00,23.3,98.5003,0.0,3.8268526,228.81418,0.277
2019-07-26 23:00:00+00:00,23.7,97.61702,0.0,3.7064266,209.0545,0.277
2019-07-27 00:00:00+00:00,25.1,91.95723,0.0,5.3999996,270.0,0.349
2019-07-27 01:00:00+00:00,26.15,85.367134,0.0,4.198285,239.0363,0.346
2019-07-27 02:00:00+00:00,27.1,79.75282,0.0,5.634891,206.56499,0.344
2019-07-27 03:00:00+00:00,28.5,72.60919,0.0,4.8433046,228.01286,0.341
2019-07-27 04:00:00+00:00,29.3,67.662025,0.0,5.1165614,219.28938,0.339
2019-07-27 05:00:00+00:00,30.1,62.681755,0.0,5.00128,210.25635,0.336
2019-07-27 06:00:00+00:00,30.65,60.184593,0.0,6.2145634,259.9921,0.333
2019-07-27 07:00:00+00:00,28.0,75.66219,0.3,11.525623,141.34016,0.333
2019-07-27 08:00:00+00:00,26.5,81.8728,0.0,6.3690495,132.70937,0.331
2019-07-27 09:00:00+00:00,27.1,81.45408,0.0,5.1165614,129.28938,0.33
2019-07-27 10:00:00+00:00,26.55,89.06825,0.0,2.9024127,119.74479,0.328
2019-07-27 11:00:00+00:00,25.45,94.20993,0.0,3.5455887,113.962494,0.327
2019-07-27 12:00:00+00:00,25.0,95.61485,0.0,2.8116899,129.80553,0.325
2019-07-27 13:00:00+00:00,24.7,97.05098,0.0,4.1046314,127.875046,0.324
2019-07-27 14:00:00+00:00,24.85,95.61005,0.0,5.634891,153.43501,0.323
2019-07-27 15:00:00+00:00,24.6,94.74302,0.0,5.8048253,172.87508,0.322
2019-07-27 16:00:00+00:00,24.15,94.72575,0.0,4.32,180.0,0.321
2019-07-27 17:00:00+00:00,23.6,95.28049,0.0,4.1046314,164.74483,0.32
2019-07-27 18:00:00+00:00,23.15,95.845856,0.0,4.3349743,175.23645,0.32
2019-07-27 19:00:00+00:00,22.85,96.42194,0.0,3.7585104,196.69933,0.319
2019-07-27 20:00:00+00:00,23.05,95.551704,0.0,4.6938257,212.47118,0.318
2019-07-27 21:00:00+00:00,23.15,95.554985,0.0,4.829907,206.56499,0.317
2019-07-27 22:00:00+00:00,23.15,95.26492,0.0,5.815978,201.80147,0.317
2019-07-27 23:00:00+00:00,23.9,92.72828,0.0,3.671294,191.30989,0.316
2019-07-28 00:00:00+00:00,25.95,85.604965,0.0,3.671294,191.30989,0.315
2019-07-28 01:00:00+00:00,27.9,74.28593,0.0,9.3669195,177.79745,0.313
2019-07-28 02:00:00+00:00,29.0,68.84588,0.1,8.64,180.0,0.312
2019-07-28 03:00:00+00:00,29.7,65.918785,0.3,8.64,180.0,0.312
2019-07-28 04:00:00+00:00,30.75,63.780773,0.1,6.725354,195.52417,0.311
2019-07-28 05:00:00+00:00,31.1,62.519398,0.1,6.6087217,240.64233,0.31
2019-07-28 06:00:00+00:00,29.5,69.98974,0.2,6.151683,159.44388,0.31
2019-07-28 07:00:00+00:00,27.3,85.73827,1.3,9.83268,66.2505,0.318
2019-07-28 08:00:00+00:00,26.65,93.702095,1.6,1.8,216.86998,0.33
2019-07-28 09:00:00+00:00,26.5,93.41717,0.0,7.6367526,278.13,0.329
2019-07-28 10:00:00+00:00,26.2,92.29539,0.0,4.0249224,243.43501,0.328
2019-07-28 11:00:00+00:00,25.55,93.93271,0.0,4.072935,224.9999,0.327
2019-07-28 12:00:00+00:00,25.0,99.40531,0.0,1.8,126.86999,0.357
2019-07-28 13:00:00+00:00,24.65,99.10686,0.0,4.6102495,128.65984,0.355
2019-07-28 14:00:00+00:00,24.35,98.51197,0.0,5.154415,155.22488,0.352
2019-07-28 15:00:00+00:00,24.2,96.74834,0.0,3.8773184,158.19853,0.351
2019-07-28 16:00:00+00:00,24.1,93.020096,0.0,5.4833565,156.80138,0.349
2019-07-28 17:00:00+00:00,23.7,92.15578,0.0,6.519877,173.6599,0.347
2019-07-28 18:00:00+00:00,23.15,94.112274,0.0,5.0528407,175.91446,0.345
2019-07-28 19:00:00+00:00,22.85,95.83662,0.0,3.671294,168.69011,0.344
2019-07-28 20:00:00+00:00,22.65,97.00594,0.0,4.452954,165.96373,0.342
2019-07-28 21:00:00+00:00,22.6,96.709656,0.0,3.096837,144.46223,0.341
2019-07-28 22:00:00+00:00,22.55,97.89426,0.0,3.7064266,150.9455,0.34
2019-07-28 23:00:00+00:00,23.3,96.43383,0.0,1.8,143.13002,0.339
2019-07-29 00:00:00+00:00,25.15,89.49898,0.0,3.8939953,213.6901,0.337
2019-07-29 01:00:00+00:00,26.65,78.97077,0.0,4.8965297,216.02747,0.336
2019-07-29 02:00:00+00:00,28.25,69.75683,0.0,4.6102495,231.34016,0.333
2019-07-29 03:00:00+00:00,29.8,61.291435,0.1,6.792466,237.99466,0.331
2019-07-29 04:00:00+00:00,30.2,58.628025,0.2,6.12,241.92761,0.33
2019-07-29 05:00:00+00:00,30.75,56.81045,0.2,4.198285,239.0363,0.329
2019-07-29 06:00:00+00:00,31.25,54.707047,0.1,4.802999,257.00537,0.327
2019-07-29 07:00:00+00:00,31.6,52.648815,0.0,5.1544156,282.09473,0.324
2019-07-29 08:00:00+00:00,30.6,58.900913,0.0,5.4833565,293.1986,0.322
2019-07-29 09:00:00+00:00,30.0,63.814625,0.0,4.6102495,308.65982,0.321
2019-07-29 10:00:00+00:00,27.9,77.728294,0.0,3.8268526,311.18582,0.319
2019-07-29 11:00:00+00:00,28.0,70.99596,0.1,2.0364676,224.9999,0.32
2019-07-29 12:00:00+00:00,26.9,74.574196,0.0,8.12197,167.19574,0.315
2019-07-29 13:00:00+00:00,26.0,78.639854,0.3,6.439876,153.43501,0.317
2019-07-29 14:00:00+00:00,25.25,83.227196,0.2,5.8048253,172.87508,0.318
2019-07-29 15:00:00+00:00,24.85,87.59878,0.0,5.2416787,195.94547,0.317
2019-07-29 16:00:00+00:00,24.2,93.025154,0.0,4.73506,188.74608,0.316
2019-07-29 17:00:00+00:00,24.1,92.458176,0.0,3.9763298,174.80566,0.316
2019-07-29 18:00:00+00:00,24.05,92.17556,0.2,3.8939953,213.6901,0.316
2019-07-29 19:00:00+00:00,23.9,94.429886,0.1,2.9024127,277.1249,0.316
2019-07-29 20:00:00+00:00,24.2,92.46363,0.1,1.1384199,161.56496,0.316
2019-07-29 21:00:00+00:00,23.7,95.86261,0.3,2.8799999,90.0,0.317
2019-07-29 22:00:00+00:00,23.65,95.8611,0.1,3.319036,102.5288,0.317
2019-07-29 23:00:00+00:00,24.15,94.72575,0.0,2.0364676,135.0001,0.317
2019-07-30 00:00:00+00:00,25.15,93.6336,0.0,1.2979984,236.3099,0.313
2019-07-30 01:00:00+00:00,26.55,87.74535,0.1,2.0991426,210.96368,0.313
2019-07-30 02:00:00+00:00,27.55,83.9887,0.1,2.5959969,236.3099,0.313
2019-07-30 03:00:00+00:00,28.8,78.79534,0.1,4.2136917,289.9832,0.312
2019-07-30 04:00:00+00:00,29.2,73.60957,0.2,6.9153743,308.65982,0.312
2019-07-30 05:00:00+00:00,28.85,76.70959,0.4,6.162207,353.29025,0.313
2019-07-30 06:00:00+00:00,27.85,79.37514,5.4,8.0899935,57.724377,0.373
2019-07-30 07:00:00+00:00,26.55,90.13909,1.3,8.350138,97.43131,0.381
2019-07-30 08:00:00+00:00,27.15,85.212074,0.2,2.2768397,161.56496,0.378
2019-07-30 09:00:00+00:00,26.5,84.38056,0.7,2.8799999,90.0,0.379
2019-07-30 10:00:00+00:00,25.6,97.94132,0.0,2.5455842,98.13002,0.375
2019-07-30 11:00:00+00:00,25.4,97.93827,0.0,1.9386592,68.19853,0.372
2019-07-30 12:00:00+00:00,25.4,97.35611,0.0,1.2979984,56.309914,0.332
2019-07-30 13:00:00+00:00,24.85,98.81243,0.0,5.6002855,135.0001,0.331
2019-07-30 14:00:00+00:00,24.65,93.89302,0.0,7.4128532,150.9455,0.33
2019-07-30 15:00:00+00:00,24.3,91.07922,0.0,7.4128532,150.9455,0.329
2019-07-30 16:00:00+00:00,24.1,90.24017,0.0,6.6185193,157.61983,0.328
2019-07-30 17:00:00+00:00,23.8,91.32464,0.0,5.4477882,172.40544,0.327
2019-07-30 18:00:00+00:00,23.45,93.55464,0.2,4.39436,214.9921,0.327
2019-07-30 19:00:00+00:00,23.1,96.42854,0.5,5.1919937,236.3099,0.33
2019-07-30 20:00:00+00:00,22.95,96.71819,0.5,2.9024127,187.12492,0.332
2019-07-30 21:00:00+00:00,22.75,97.00816,0.2,4.896529,197.10281,0.333
2019-07-30 22:00:00+00:00,22.9,100.0,0.1,3.8268526,228.81418,0.333
2019-07-30 23:00:00+00:00,23.55,96.14885,0.2,2.6208394,195.94547,0.335
2019-07-31 00:00:00+00:00,24.7,93.33119,0.0,5.1165614,219.28938,0.352
2019-07-31 01:00:00+00:00,25.9,85.59998,0.0,5.8603754,222.5104,0.35
2019-07-31 02:00:00+00:00,27.3,77.64061,0.0,6.379216,196.38962,0.348
2019-07-31 03:00:00+00:00,29.05,69.484215,0.1,6.12,208.07239,0.346
2019-07-31 04:00:00+00:00,30.5,64.50394,0.0,4.072935,224.9999,0.343
2019-07-31 05:00:00+00:00,31.05,62.697872,0.0,3.4152596,251.56496,0.34
2019-07-31 06:00:00+00:00,31.4,60.72113,0.0,4.452954,284.03625,0.337
2019-07-31 07:00:00+00:00,30.95,60.620033,0.0,2.5455842,188.13002,0.335
2019-07-31 08:00:00+00:00,27.55,82.74125,1.0,11.090103,103.13403,0.34
2019-07-31 09:00:00+00:00,27.6,84.75021,0.1,3.2599385,96.340096,0.339
2019-07-31 10:00:00+00:00,26.65,93.14717,0.3,2.1897945,279.46225,0.34
2019-07-31 11:00:00+00:00,25.65,98.23379,0.0,2.5455842,351.87,0.339
2019-07-31 12:00:00+00:00,25.4,97.066124,0.0,7.127636,135.0001,0.338
2019-07-31 13:00:00+00:00,25.5,88.71935,0.0,10.00256,149.74365,0.337
2019-07-31 14:00:00+00:00,25.0,83.962875,0.0,9.360001,157.3801,0.336
2019-07-31 15:00:00+00:00,24.45,86.767685,0.0,8.311245,162.3498,0.335
2019-07-31 16:00:00+00:00,24.0,89.412994,0.0,7.5170207,163.30067,0.334
2019-07-31 17:00:00+00:00,23.55,91.86713,0.0,4.896529,162.89719,0.333
2019-07-31 18:00:00+00:00,22.9,95.54678,0.0,5.7599998,180.0,0.332
2019-07-31 19:00:00+00:00,22.8,95.25272,0.0,5.634891,206.56499,0.332
2019-07-31 20:00:00+00:00,23.6,92.15012,0.0,3.671294,191.30989,0.331
2019-07-31 21:00:00+00:00,23.3,93.26319,0.0,2.9024127,150.2552,0.33
2019-07-31 22:00:00+00:00,22.65,96.710915,0.0,3.4152596,161.56496,0.329
2019-07-31 23:00:00+00:00,23.6,94.41765,0.0,2.7416782,203.19862,0.329
2019-08-01 00:00:00+00:00,25.2,91.41122,0.0,1.1384199,288.43503,0.329
2019-08-01 01:00:00+00:00,26.9,80.209366,0.0,2.0991426,239.0363,0.328
2019-08-01 02:00:00+00:00,28.35,73.4668,0.0,2.0991426,210.96368,0.326
2019-08-01 03:00:00+00:00,29.7,65.918785,0.0,1.8,270.0,0.324
2019-08-01 04:00:00+00:00,30.8,60.035538,0.2,2.8799999,270.0,0.323
2019-08-01 05:00:00+00:00,31.3,57.81716,0.3,2.968636,284.03625,0.323
2019-08-01 06:00:00+00:00,31.65,56.161892,0.1,2.5455842,278.13,0.321
2019-08-01 07:00:00+00:00,31.9,54.69868,0.1,2.1897945,279.46225,0.32
2019-08-01 08:00:00+00:00,30.65,60.001423,0.1,4.0249224,169.6952,0.319
2019-08-01 09:00:00+00:00,29.45,68.93174,0.0,5.0142193,158.96242,0.318
2019-08-01 10:00:00+00:00,27.45,78.606186,0.3,8.287822,145.6196,0.319
2019-08-01 11:00:00+00:00,25.4,92.52847,1.7,6.696387,143.74608,0.332
2019-08-01 12:00:00+00:00,27.05,81.44788,0.9,10.195057,132.13753,0.318
2019-08-01 13:00:00+00:00,26.55,77.530334,0.0,11.681987,146.3099,0.317
2019-08-01 14:00:00+00:00,25.9,77.19775,0.0,11.269782,153.43501,0.317
2019-08-01 15:00:00+00:00,25.4,78.55469,0.0,9.693296,158.19853,0.316
2019-08-01 16:00:00+00:00,25.1,80.21501,0.0,8.311245,175.03035,0.316
2019-08-01 17:00:00+00:00,24.9,81.9259,0.0,7.5599995,180.0,0.315
2019-08-01 18:00:00+00:00,24.9,82.933464,0.0,7.5685663,182.72626,0.315
2019-08-01 19:00:00+00:00,24.6,84.17554,0.0,7.5685663,182.72626,0.314
2019-08-01 20:00:00+00:00,24.35,85.70596,0.0,6.849467,183.01273,0.314
2019-08-01 21:00:00+00:00,24.2,87.27553,0.0,4.3349743,221.63345,0.314
2019-08-01 22:00:00+00:00,23.65,91.873,0.0,3.671294,258.6901,0.313
2019-08-01 23:00:00+00:00,24.55,88.64357,0.0,5.1544156,257.90524,0.313
2019-08-02 00:00:00+00:00,25.35,85.545135,0.0,2.9024127,240.2552,0.317
2019-08-02 01:00:00+00:00,26.65,78.73157,0.0,2.8116899,230.19447,0.316
2019-08-02 02:00:00+00:00,27.9,74.06127,0.0,3.319036,229.39879,0.315
2019-08-02 03:00:00+00:00,29.5,65.678024,0.0,4.198285,210.96368,0.313
2019-08-02 04:00:00+00:00,30.5,60.518593,0.0,5.3517847,222.27362,0.311
2019-08-02 05:00:00+00:00,31.05,60.458645,0.1,5.6002855,224.9999,0.31
2019-08-02 06:00:00+00:00,31.1,61.022934,0.0,5.0911684,224.9999,0.308
2019-08-02 07:00:00+00:00,31.05,60.826916,0.0,4.1046314,195.25517,0.306
2019-08-02 08:00:00+00:00,28.0,79.395584,0.9,9.178235,131.82008,0.312
2019-08-02 09:00:00+00:00,28.0,83.28919,0.0,3.8939953,123.6901,0.311
2019-08-02 10:00:00+00:00,27.2,81.466545,0.9,5.904439,142.43134,0.317
2019-08-02 11:00:00+00:00,26.25,84.86416,0.0,6.489992,160.55988,0.317
2019-08-02 12:00:00+00:00,25.3,98.52241,0.0,4.198285,210.96368,0.31
2019-08-02 13:00:00+00:00,25.0,95.32858,0.0,6.725354,164.47583,0.31
2019-08-02 14:00:00+00:00,24.4,88.631546,0.0,8.473393,167.73524,0.309
2019-08-02 15:00:00+00:00,24.0,86.461205,0.0,6.28713,193.24052,0.309
2019-08-02 16:00:00+00:00,23.05,92.40077,0.0,5.904439,232.43134,0.308
2019-08-02 17:00:00+00:00,23.0,92.39798,0.0,5.3517847,222.27362,0.308
2019-08-02 18:00:00+00:00,23.3,89.90885,0.0,5.154415,204.77512,0.308
2019-08-02 19:00:00+00:00,22.9,90.71072,0.0,4.1046314,195.25517,0.308
2019-08-02 20:00:00+00:00,22.2,94.64987,0.0,4.73506,188.74608,0.307
2019-08-02 21:00:00+00:00,22.05,94.35398,0.0,2.5959969,146.3099,0.307
2019-08-02 22:00:00+00:00,22.35,91.51458,0.0,1.609969,153.43501,0.307
2019-08-02 23:00:00+00:00,22.95,92.395226,0.0,2.968636,194.03627,0.306
2019-08-03 00:00:00+00:00,24.85,91.94281,0.0,4.072935,224.9999,0.306
2019-08-03 01:00:00+00:00,26.5,77.52296,0.0,5.904439,217.56866,0.306
2019-08-03 02:00:00+00:00,28.0,70.99596,0.0,5.692099,214.69522,0.304
2019-08-03 03:00:00+00:00,29.85,64.17191,0.0,4.8965297,233.97253,0.303
2019-08-03 04:00:00+00:00,31.5,56.12582,0.0,6.0347,252.64589,0.301
2019-08-03 05:00:00+00:00,31.55,54.780567,0.3,6.439876,243.43501,0.301
2019-08-03 06:00:00+00:00,31.55,54.112766,0.3,6.297428,239.03632,0.301
2019-08-03 07:00:00+00:00,30.95,56.858185,0.3,6.638072,229.39879,0.302
2019-08-03 08:00:00+00:00,30.55,58.709496,0.2,6.489992,199.44012,0.302
2019-08-03 09:00:00+00:00,29.7,63.750656,0.0,5.8048253,172.87508,0.301
2019-08-03 10:00:00+00:00,28.2,70.60167,0.0,4.6938257,147.52882,0.3
2019-08-03 11:00:00+00:00,27.05,64.76746,0.0,8.78872,145.0079,0.3
2019-08-03 12:00:00+00:00,26.25,69.59369,0.0,9.686609,131.98714,0.292
2019-08-03 13:00:00+00:00,25.6,67.76325,0.0,10.685391,147.38077,0.292
2019-08-03 14:00:00+00:00,25.3,68.340195,0.0,10.464797,153.43501,0.291
2019-08-03 15:00:00+00:00,25.05,71.11444,0.0,10.829958,158.5522,0.291
2019-08-03 16:00:00+00:00,24.75,72.62418,0.0,10.739833,166.42955,0.291
2019-08-03 17:00:00+00:00,24.6,73.27819,0.0,10.594036,170.21767,0.291
2019-08-03 18:00:00+00:00,24.35,75.31256,0.0,8.287822,182.4895,0.291
2019-08-03 19:00:00+00:00,23.45,79.49946,0.0,5.154415,204.77512,0.29
2019-08-03 20:00:00+00:00,22.85,83.983215,0.0,4.1046314,217.87505,0.29
2019-08-03 21:00:00+00:00,22.45,88.20078,0.0,4.2136917,250.0168,0.29
2019-08-03 22:00:00+00:00,22.6,89.582214,0.0,4.68,270.0,0.29
2019-08-03 23:00:00+00:00,23.6,86.688736,0.0,7.127636,224.9999,0.29
2019-08-04 00:00:00+00:00,25.0,82.18887,0.0,8.435069,219.80553,0.29
2019-08-04 01:00:00+00:00,26.35,74.94129,0.0,9.227524,200.55612,0.289
2019-08-04 02:00:00+00:00,28.4,65.051025,0.0,11.090103,193.13403,0.288
2019-08-04 03:00:00+00:00,30.05,55.94789,0.0,9.339208,207.55272,0.287
2019-08-04 04:00:00+00:00,31.25,49.40314,0.0,9.449572,220.36446,0.285
2019-08-04 05:00:00+00:00,32.15,46.507103,0.0,10.296251,233.53067,0.283
2019-08-04 06:00:00+00:00,31.9,48.0584,0.0,12.496718,221.49637,0.282
2019-08-04 07:00:00+00:00,31.05,51.385143,0.0,10.805998,209.98155,0.281
2019-08-04 08:00:00+00:00,31.25,51.436085,0.0,7.24486,206.56499,0.279
2019-08-04 09:00:00+00:00,30.85,54.440838,0.0,6.28713,193.24052,0.278
2019-08-04 10:00:00+00:00,28.5,63.88476,0.0,9.387651,147.52882,0.278
2019-08-04 11:00:00+00:00,27.45,67.502914,0.0,12.413477,150.46132,0.278
2019-08-04 12:00:00+00:00,26.4,73.13528,0.0,11.304229,170.83772,0.278
2019-08-04 13:00:00+00:00,25.5,77.85043,0.0,11.090103,166.86597,0.278
2019-08-04 14:00:00+00:00,25.1,79.725136,0.0,11.440978,167.27565,0.278
2019-08-04 15:00:00+00:00,24.75,81.40725,0.0,9.826088,171.57312,0.278
2019-08-04 16:00:00+00:00,24.65,81.64458,0.0,8.669949,175.23645,0.277
2019-08-04 17:00:00+00:00,24.7,81.40095,0.0,8.287822,182.4895,0.277
2019-08-04 18:00:00+00:00,24.65,81.64458,0.0,8.287822,182.4895,0.277
2019-08-04 19:00:00+00:00,24.3,83.373055,0.0,6.162207,186.70975,0.277
2019-08-04 20:00:00+00:00,24.3,83.88554,0.0,3.563818,224.9999,0.277
2019-08-04 21:00:00+00:00,24.3,84.40079,0.0,4.802999,257.00537,0.277
2019-08-04 22:00:00+00:00,24.2,85.42946,0.0,4.896529,252.89719,0.277
2019-08-04 23:00:00+00:00,24.4,85.71097,0.0,5.3517847,250.34608,0.277
2019-08-05 00:00:00+00:00,25.6,80.772285,0.0,5.04,270.0,0.279
2019-08-05 01:00:00+00:00,25.95,78.393234,0.0,6.130579,273.3664,0.279
2019-08-05 02:00:00+00:00,27.0,73.23788,0.0,5.1165614,219.28938,0.278
2019-08-05 03:00:00+00:00,28.35,66.24777,0.0,5.991594,212.73521,0.277
2019-08-05 04:00:00+00:00,29.95,57.67575,0.0,7.5942082,211.42952,0.276
2019-08-05 05:00:00+00:00,30.5,56.05677,0.0,8.435069,219.80553,0.275
2019-08-05 06:00:00+00:00,31.05,54.490097,0.0,8.707237,209.7448,0.273
2019-08-05 07:00:00+00:00,31.2,54.19273,0.0,9.511088,209.4758,0.272
2019-08-05 08:00:00+00:00,30.45,59.227448,0.0,5.6233797,219.80553,0.271
2019-08-05 09:00:00+00:00,29.55,65.88817,0.0,5.1919937,236.3099,0.271
2019-08-05 10:00:00+00:00,28.65,71.11354,0.0,5.1919937,236.3099,0.271
2019-08-05 11:00:00+00:00,27.5,76.04284,0.0,4.73506,171.25392,0.271
2019-08-05 12:00:00+00:00,26.9,76.180786,0.0,8.557102,157.75093,0.269
2019-08-05 13:00:00+00:00,25.85,76.25069,0.0,10.495713,149.03632,0.269
2019-08-05 14:00:00+00:00,25.35,77.82847,0.0,10.805998,150.01845,0.269
2019-08-05 15:00:00+00:00,25.05,78.988266,0.0,10.315115,150.75127,0.269
2019-08-05 16:00:00+00:00,24.65,82.90428,0.0,8.427383,160.0168,0.269
2019-08-05 17:00:00+00:00,24.15,86.739914,0.0,5.4477882,187.59456,0.269
2019-08-05 18:00:00+00:00,23.85,88.85801,0.0,5.4477882,187.59456,0.269
2019-08-05 19:00:00+00:00,23.8,89.67103,0.0,5.8603754,190.6196,0.269
2019-08-05 20:00:00+00:00,23.45,91.58165,0.0,4.452954,194.03627,0.269
2019-08-05 21:00:00+00:00,23.2,92.69134,0.0,4.39436,214.9921,0.269
2019-08-05 22:00:00+00:00,23.05,93.53587,0.0,4.198285,239.0363,0.269
2019-08-05 23:00:00+00:00,24.0,89.14106,0.0,5.154415,245.22488,0.269
2019-08-06 00:00:00+00:00,25.25,81.71904,0.0,4.6800003,247.3801,0.269
2019-08-06 01:00:00+00:00,26.55,74.28936,0.0,5.1919937,236.3099,0.268
2019-08-06 02:00:00+00:00,28.45,66.67468,0.0,5.991594,237.26477,0.267
2019-08-06 03:00:00+00:00,30.2,59.16972,0.0,8.942214,229.89915,0.266
2019-08-06 04:00:00+00:00,31.3,54.05102,0.0,8.699793,245.55606,0.265
2019-08-06 05:00:00+00:00,32.0,50.525173,0.0,9.178235,258.6901,0.264
2019-08-06 06:00:00+00:00,31.7,51.39177,0.0,11.304229,260.83774,0.262
2019-08-06 07:00:00+00:00,31.2,54.19273,0.0,10.799999,270.0,0.261
2019-08-06 08:00:00+00:00,31.15,53.847897,0.0,9.227524,249.44388,0.26
2019-08-06 09:00:00+00:00,30.35,59.023415,0.0,7.24486,243.43501,0.26
2019-08-06 10:00:00+00:00,28.6,71.97073,0.0,4.072935,224.9999,0.259
2019-08-06 11:00:00+00:00,27.4,74.6558,0.0,4.6938252,175.60138,0.259
2019-08-06 12:00:00+00:00,26.7,74.54142,0.0,5.0142193,158.96242,0.258
2019-08-06 13:00:00+00:00,26.25,76.780075,0.0,7.729527,152.24155,0.258
2019-08-06 14:00:00+00:00,25.4,81.240715,0.0,7.172949,162.47433,0.258
2019-08-06 15:00:00+00:00,24.85,83.94636,0.0,6.9247384,152.10283,0.258
2019-08-06 16:00:00+00:00,24.5,85.72087,0.0,7.342588,168.69011,0.258
2019-08-06 17:00:00+00:00,24.15,87.80508,0.0,6.8399997,180.0,0.258
2019-08-06 18:00:00+00:00,23.75,90.76715,0.0,4.73506,188.74608,0.258
2019-08-06 19:00:00+00:00,23.5,92.14443,0.0,5.0142193,201.03758,0.258
2019-08-06 20:00:00+00:00,23.4,92.70192,0.0,5.3517847,199.65392,0.258
2019-08-06 21:00:00+00:00,23.15,93.25586,0.0,6.151683,200.55612,0.258
2019-08-06 22:00:00+00:00,22.8,93.81027,0.0,6.151683,200.55612,0.258
2019-08-06 23:00:00+00:00,23.35,91.01823,0.0,5.4833565,203.19862,0.258
2019-08-07 00:00:00+00:00,25.2,82.968346,0.0,5.1165614,230.71062,0.259
2019-08-07 01:00:00+00:00,26.85,75.251045,0.0,6.3690495,222.70937,0.259
2019-08-07 02:00:00+00:00,28.6,67.730194,0.0,6.638072,229.39879,0.258
2019-08-07 03:00:00+00:00,30.3,58.83135,0.0,11.246759,230.19447,0.257
2019-08-07 04:00:00+00:00,30.95,54.6334,0.0,10.97262,228.99101,0.256
2019-08-07 05:00:00+00:00,32.15,49.63629,0.0,10.30883,245.22488,0.255
2019-08-07 06:00:00+00:00,32.2,48.586353,0.0,9.565437,250.20103,0.254
2019-08-07 07:00:00+00:00,31.85,50.331005,0.0,8.373386,244.5367,0.253
2019-08-07 08:00:00+00:00,31.8,50.318157,0.0,9.504273,245.37645,0.252
2019-08-07 09:00:00+00:00,31.15,56.558758,0.0,5.6920996,251.56496,0.251
2019-08-07 10:00:00+00:00,29.5,64.48966,0.0,5.1165614,230.71062,0.251
2019-08-07 11:00:00+00:00,28.15,67.02345,0.0,6.2145634,169.99208,0.251
2019-08-07 12:00:00+00:00,26.75,74.095726,0.0,9.826088,151.55717,0.249
2019-08-07 13:00:00+00:00,25.9,78.86594,0.0,9.178235,154.44008,0.249
2019-08-07 14:00:00+00:00,25.55,80.519936,0.0,7.69592,169.21574,0.249
2019-08-07 15:00:00+00:00,25.25,81.71904,0.0,8.28,180.0,0.249
2019-08-07 16:00:00+00:00,24.8,84.45447,0.0,8.049845,169.6952,0.249
2019-08-07 17:00:00+00:00,24.55,86.25,0.0,8.287822,182.4895,0.249
2019-08-07 18:00:00+00:00,23.9,89.951935,0.0,4.896529,197.10281,0.249
2019-08-07 19:00:00+00:00,23.8,89.94477,0.0,5.2416787,195.94547,0.249
2019-08-07 20:00:00+00:00,23.4,91.858345,0.0,5.154415,204.77512,0.249
2019-08-07 21:00:00+00:00,23.3,92.13312,0.0,5.495161,238.39255,0.249
2019-08-07 22:00:00+00:00,23.05,93.53587,0.0,6.792466,237.99466,0.249
2019-08-07 23:00:00+00:00,23.8,90.494514,0.0,5.6002855,224.9999,0.249
2019-08-08 00:00:00+00:00,25.55,83.51476,0.0,5.1165614,230.71062,0.25
2019-08-08 01:00:00+00:00,27.8,71.39336,0.0,7.42159,202.8337,0.25
2019-08-08 02:00:00+00:00,28.8,66.94895,0.0,7.8954163,223.1524,0.249
2019-08-08 03:00:00+00:00,30.05,60.97358,0.1,10.44,226.39711,0.248
2019-08-08 04:00:00+00:00,30.8,57.34721,0.1,11.212135,227.60262,0.248
2019-08-08 05:00:00+00:00,31.35,54.899754,0.1,11.019764,231.63248,0.248
2019-08-08 06:00:00+00:00,31.5,53.60421,0.2,10.948973,242.5925,0.248
2019-08-08 07:00:00+00:00,31.25,54.20507,0.1,10.787993,244.2901,0.248
2019-08-08 08:00:00+00:00,30.8,56.648407,0.0,9.504272,232.69597,0.247
2019-08-08 09:00:00+00:00,30.2,60.450775,0.0,6.6087217,209.35765,0.246
2019-08-08 10:00:00+00:00,28.45,66.87879,0.0,8.557102,157.75093,0.246
2019-08-08 11:00:00+00:00,27.4,71.32143,0.0,11.090103,144.24602,0.246
2019-08-08 12:00:00+00:00,26.55,72.713844,0.0,12.287555,148.17259,0.245
2019-08-08 13:00:00+00:00,25.75,76.70394,0.0,11.435313,151.8215,0.245
2019-08-08 14:00:00+00:00,25.35,80.49374,0.0,10.464797,153.43501,0.245
2019-08-08 15:00:00+00:00,25.05,83.45829,0.0,8.766573,160.82089,0.245
2019-08-08 16:00:00+00:00,24.8,85.49,0.0,7.928178,182.60251,0.245
2019-08-08 17:00:00+00:00,24.3,88.35428,0.0,5.4833565,203.19862,0.245
2019-08-08 18:00:00+00:00,23.85,91.050385,0.0,6.9153743,218.65984,0.245
2019-08-08 19:00:00+00:00,23.6,92.15012,0.0,6.618519,224.9999,0.245
2019-08-08 20:00:00+00:00,23.55,91.58773,0.0,6.8777895,227.12111,0.245
2019-08-08 21:00:00+00:00,23.1,92.686035,0.0,6.28713,203.6294,0.245
2019-08-08 22:00:00+00:00,22.55,94.66363,0.0,5.4477882,172.40544,0.245
2019-08-08 23:00:00+00:00,23.3,90.737366,0.0,4.0249224,190.3048,0.245
2019-08-09 00:00:00+00:00,25.65,78.590225,0.0,2.8116899,230.19447,0.246
2019-08-09 01:00:00+00:00,27.6,68.78712,0.0,3.0758414,200.55612,0.246
2019-08-09 02:00:00+00:00,29.65,59.956833,0.0,3.8268526,228.81418,0.245
2019-08-09 03:00:00+00:00,31.6,51.525116,0.0,6.8777895,222.87889,0.244
2019-08-09 04:00:00+00:00,33.25,44.95235,0.0,8.161764,228.57643,0.243
2019-08-09 05:00:00+00:00,33.75,42.637653,0.0,8.913181,223.36346,0.242
2019-08-09 06:00:00+00:00,33.15,43.82181,0.0,10.44,226.39711,0.241
2019-08-09 07:00:00+00:00,32.4,48.0404,0.0,12.229406,227.38597,0.24
2019-08-09 08:00:00+00:00,32.25,48.15006,0.0,9.422101,226.54811,0.239
2019-08-09 09:00:00+00:00,32.1,51.65198,0.0,5.771239,176.42374,0.238
2019-08-09 10:00:00+00:00,29.4,62.72067,0.0,12.599998,143.13002,0.238
2019-08-09 11:00:00+00:00,27.6,70.491455,0.0,11.770403,156.57129,0.238
2019-08-09 12:00:00+00:00,27.0,73.23788,0.0,10.144082,152.52565,0.239
2019-08-09 13:00:00+00:00,26.05,76.04862,0.0,7.968939,161.56496,0.239
2019-08-09 14:00:00+00:00,25.45,74.56487,0.0,7.9036193,149.9315,0.239
2019-08-09 15:00:00+00:00,24.65,77.72558,0.0,5.0142193,158.96242,0.239
2019-08-09 16:00:00+00:00,23.95,81.80878,0.0,4.802999,192.99461,0.239
2019-08-09 17:00:00+00:00,23.35,86.3995,0.0,6.12,208.07239,0.239
2019-08-09 18:00:00+00:00,23.2,85.85505,0.0,5.634891,206.56499,0.239
2019-08-09 19:00:00+00:00,23.35,84.298,0.0,4.0249224,206.56499,0.239
2019-08-09 20:00:00+00:00,22.5,89.85095,0.0,4.73506,188.74608,0.239
2019-08-09 21:00:00+00:00,22.8,87.68839,0.0,3.2399998,180.0,0.239
2019-08-09 22:00:00+00:00,23.05,87.172264,0.0,1.08,90.0,0.239
2019-08-09 23:00:00+00:00,23.9,85.399055,0.0,1.1384199,71.564964,0.239
2019-08-10 00:00:00+00:00,25.65,84.03423,0.0,2.5455842,351.87,0.242
2019-08-10 01:00:00+00:00,27.6,75.59926,0.0,2.1897945,350.53775,0.242
2019-08-10 02:00:00+00:00,29.3,67.252686,0.0,1.0182338,315.0001,0.241
2019-08-10 03:00:00+00:00,30.95,58.08874,0.0,1.835647,258.6901,0.24
2019-08-10 04:00:00+00:00,32.2,52.315765,0.0,3.319036,257.4712,0.239
2019-08-10 05:00:00+00:00,33.05,48.210228,0.0,4.0249224,243.43501,0.238
2019-08-10 06:00:00+00:00,33.3,47.538258,0.0,4.8433046,228.01286,0.237
2019-08-10 07:00:00+00:00,33.25,47.96627,0.0,5.495161,211.60745,0.236
2019-08-10 08:00:00+00:00,32.3,50.914356,0.0,7.208994,182.86235,0.235
2019-08-10 09:00:00+00:00,30.9,57.89978,0.0,8.427383,160.0168,0.235
2019-08-10 10:00:00+00:00,29.5,64.097755,0.0,8.587338,146.97614,0.235
2019-08-10 11:00:00+00:00,28.4,67.89774,0.0,10.144082,152.52565,0.235
2019-08-10 12:00:00+00:00,27.15,72.37439,0.0,10.805998,150.01845,0.236
2019-08-10 13:00:00+00:00,26.45,75.64769,0.0,8.942214,139.89915,0.236
2019-08-10 14:00:00+00:00,25.7,79.80633,0.0,9.1641035,135.0001,0.236
2019-08-10 15:00:00+00:00,25.3,81.97486,0.0,8.669949,138.36655,0.236
2019-08-10 16:00:00+00:00,25.1,83.71855,0.0,8.0899935,147.72438,0.236
2019-08-10 17:00:00+00:00,24.7,87.85212,0.0,7.729527,152.24155,0.236
2019-08-10 18:00:00+00:00,24.4,89.17183,0.0,6.439876,153.43501,0.236
2019-08-10 19:00:00+00:00,23.4,94.40952,0.0,6.6087217,150.64235,0.236
2019-08-10 20:00:00+00:00,23.75,91.59978,0.0,4.3349743,175.23645,0.236
2019-08-10 21:00:00+00:00,23.2,94.11442,0.0,4.0249224,206.56499,0.236
2019-08-10 22:00:00+00:00,23.05,94.395195,0.0,3.8268526,221.18582,0.236
2019-08-10 23:00:00+00:00,24.4,89.98765,0.0,1.1384199,161.56496,0.236
2019-08-11 00:00:00+00:00,26.15,82.82724,0.0,2.3051248,321.34018,0.237
2019-08-11 01:00:00+00:00,27.85,74.27769,0.0,1.609969,333.43503,0.236
2019-08-11 02:00:00+00:00,29.45,67.486664,0.0,2.8116899,320.1945,0.236
2019-08-11 03:00:00+00:00,30.9,62.286945,0.0,3.7064266,330.9455,0.235
2019-08-11 04:00:00+00:00,32.1,58.18064,0.0,4.829907,333.43503,0.234
2019-08-11 05:00:00+00:00,32.85,55.432617,0.0,7.42159,337.1663,0.233
2019-08-11 06:00:00+00:00,33.1,52.862423,0.0,7.754637,338.19852,0.232
2019-08-11 07:00:00+00:00,33.2,49.75402,0.0,6.6185193,337.6198,0.231
2019-08-11 08:00:00+00:00,33.0,50.008553,0.0,5.634891,333.43503,0.23
2019-08-11 09:00:00+00:00,32.45,54.500053,0.0,2.5455842,8.130019,0.229
2019-08-11 10:00:00+00:00,29.7,70.23793,0.0,4.802999,102.99462,0.229
2019-08-11 11:00:00+00:00,28.8,72.00596,0.0,14.277983,123.6901,0.229
2019-08-11 12:00:00+00:00,28.0,74.75324,0.0,12.538134,129.17365,0.231
2019-08-11 13:00:00+00:00,27.2,76.690956,0.0,10.739832,129.55963,0.231
2019-08-11 14:00:00+00:00,26.55,78.95684,0.0,10.1887,122.00535,0.231
2019-08-11 15:00:00+00:00,25.95,82.054,0.0,9.19939,120.57915,0.231
2019-08-11 16:00:00+00:00,25.45,85.29627,0.0,7.928177,129.47243,0.231
2019-08-11 17:00:00+00:00,24.9,88.67159,0.0,5.00128,149.74365,0.231
2019-08-11 18:00:00+00:00,24.2,92.184,0.0,4.896529,162.89719,0.231
2019-08-11 19:00:00+00:00,24.1,91.34329,0.0,4.0249224,153.43501,0.231
2019-08-11 20:00:00+00:00,24.2,89.70034,0.0,5.154415,155.22488,0.231
2019-08-11 21:00:00+00:00,23.45,93.8395,0.0,5.4477882,172.40544,0.231
2019-08-11 22:00:00+00:00,23.7,92.15578,0.0,3.8268526,228.81418,0.231
2019-08-11 23:00:00+00:00,24.95,88.94436,0.0,3.7585104,286.6993,0.231
2019-08-12 00:00:00+00:00,26.9,79.96731,0.0,3.319036,257.4712,0.231
2019-08-12 01:00:00+00:00,28.45,72.60053,0.0,3.5455887,246.0375,0.231
2019-08-12 02:00:00+00:00,29.35,68.70452,0.1,4.452954,255.96373,0.231
2019-08-12 03:00:00+00:00,30.45,64.884834,0.0,4.3349743,265.23645,0.23
2019-08-12 04:00:00+00:00,31.85,60.821903,0.0,3.671294,281.3099,0.23
2019-08-12 05:00:00+00:00,32.85,57.829662,0.0,2.9024127,299.74478,0.229
2019-08-12 06:00:00+00:00,33.25,57.229946,0.0,2.4149535,333.43503,0.228
2019-08-12 07:00:00+00:00,33.25,57.749012,0.0,2.9024127,330.25522,0.227
2019-08-12 08:00:00+00:00,31.65,61.888218,0.2,6.0347,162.64589,0.227
2019-08-12 09:00:00+00:00,29.2,76.76231,0.2,1.9386592,248.19853,0.229
2019-08-12 10:00:00+00:00,28.3,88.67624,0.0,4.39436,145.0079,0.229
2019-08-12 11:00:00+00:00,28.45,72.381226,0.0,10.1887,147.99466,0.229
2019-08-12 12:00:00+00:00,27.9,74.73706,0.0,10.587918,144.6887,0.222
2019-08-12 13:00:00+00:00,27.1,69.11438,0.0,9.826088,151.55717,0.222
2019-08-12 14:00:00+00:00,26.65,72.2867,0.0,9.339208,152.44728,0.222
2019-08-12 15:00:00+00:00,26.2,74.45929,0.0,7.8954163,155.77226,0.222
2019-08-12 16:00:00+00:00,25.1,85.00193,0.0,5.937272,194.03627,0.222
2019-08-12 17:00:00+00:00,25.2,81.46377,0.0,4.3498964,294.44394,0.222
2019-08-12 18:00:00+00:00,25.15,82.207016,0.1,1.835647,281.3099,0.223
2019-08-12 19:00:00+00:00,23.8,91.60285,0.0,3.319036,40.601215,0.223
2019-08-12 20:00:00+00:00,24.25,90.800125,0.0,4.3349743,48.366554,0.223
2019-08-12 21:00:00+00:00,24.25,91.076,0.0,5.4119864,93.814,0.223
2019-08-12 22:00:00+00:00,23.35,95.27182,0.0,5.2416787,74.054535,0.223
2019-08-12 23:00:00+00:00,24.75,90.285255,0.0,2.9024127,82.875084,0.223
2019-08-13 00:00:00+00:00,26.7,82.392914,0.0,4.3349743,311.63345,0.223
2019-08-13 01:00:00+00:00,28.15,74.777534,0.0,4.3349743,311.63345,0.222
2019-08-13 02:00:00+00:00,29.65,67.52611,0.0,3.6,323.13,0.222
2019-08-13 03:00:00+00:00,31.1,61.39407,0.0,3.219938,333.43503,0.221
2019-08-13 04:00:00+00:00,32.35,57.017494,0.0,3.7064266,330.9455,0.22
2019-08-13 05:00:00+00:00,33.25,54.364986,0.0,4.8965297,323.97253,0.219
2019-08-13 06:00:00+00:00,33.65,53.48313,0.0,5.8603754,312.5104,0.218
2019-08-13 07:00:00+00:00,33.65,52.51903,0.0,2.4149535,333.43503,0.218
2019-08-13 08:00:00+00:00,31.75,60.43321,0.3,8.404285,133.26433,0.219
2019-08-13 09:00:00+00:00,28.5,79.2262,1.4,6.379216,163.61038,0.232
2019-08-13 10:00:00+00:00,27.4,91.00393,0.0,4.510787,61.389645,0.232
2019-08-13 11:00:00+00:00,26.85,91.784035,0.0,7.208994,87.13766,0.232
2019-08-13 12:00:00+00:00,27.1,85.46247,0.0,8.905908,104.03627,0.214
2019-08-13 13:00:00+00:00,27.0,87.26088,0.0,8.891344,111.3707,0.214
2019-08-13 14:00:00+00:00,26.75,88.28878,0.0,9.360001,112.61991,0.214
2019-08-13 15:00:00+00:00,26.1,89.56922,0.0,8.78872,124.992096,0.214
2019-08-13 16:00:00+00:00,25.7,91.716415,0.0,4.5536795,161.56496,0.214
2019-08-13 17:00:00+00:00,25.1,95.33196,0.2,3.6,233.13002,0.216
2019-08-13 18:00:00+00:00,24.9,95.3252,0.4,0.35999998,360.0,0.218
2019-08-13 19:00:00+00:00,24.5,97.338455,0.2,3.8939953,123.6901,0.22
2019-08-13 20:00:00+00:00,24.35,95.88228,0.1,1.8,90.0,0.22
2019-08-13 21:00:00+00:00,24.2,97.33259,0.0,2.5455842,135.0001,0.221
2019-08-13 22:00:00+00:00,24.3,97.921455,0.0,1.484318,104.03627,0.221
2019-08-13 23:00:00+00:00,24.8,96.473,0.1,2.7416782,203.19862,0.221
2019-08-14 00:00:00+00:00,25.75,94.222496,0.1,2.9024127,299.74478,0.218
2019-08-14 01:00:00+00:00,27.05,89.37229,0.0,2.3051248,321.34018,0.218
2019-08-14 02:00:00+00:00,28.35,83.57696,0.0,2.7416782,293.1986,0.218
2019-08-14 03:00:00+00:00,29.85,74.3816,0.2,2.968636,284.03625,0.219
2019-08-14 04:00:00+00:00,31.05,65.4018,0.4,2.9024127,277.1249,0.222
2019-08-14 05:00:00+00:00,31.6,63.006252,0.0,5.3517847,317.72638,0.221
2019-08-14 06:00:00+00:00,31.9,61.016853,0.0,5.495161,301.60745,0.22
2019-08-14 07:00:00+00:00,28.85,79.510864,1.3,11.435313,118.1785,0.229
2019-08-14 08:00:00+00:00,28.5,78.04905,0.1,6.519877,96.340096,0.23
2019-08-14 09:00:00+00:00,28.4,81.85867,0.0,3.6179552,95.7105,0.23
2019-08-14 10:00:00+00:00,27.8,86.556274,0.0,5.6920996,108.43504,0.229
2019-08-14 11:00:00+00:00,26.8,90.695206,0.0,7.8954163,114.22774,0.229
2019-08-14 12:00:00+00:00,27.55,78.857635,0.0,10.163227,112.93214,0.219
2019-08-14 13:00:00+00:00,27.45,79.32048,0.0,8.587338,123.02387,0.219
2019-08-14 14:00:00+00:00,27.0,80.70822,0.0,7.6367526,135.0001,0.219
2019-08-14 15:00:00+00:00,26.35,82.35118,0.0,6.9899354,168.11136,0.22
2019-08-14 16:00:00+00:00,25.5,87.12721,0.4,5.3999996,216.86998,0.223
2019-08-14 17:00:00+00:00,24.95,92.50422,0.3,3.319036,167.4712,0.225
2019-08-14 18:00:00+00:00,24.4,97.33654,0.3,2.2768397,71.564964,0.227
2019-08-14 19:00:00+00:00,24.45,98.51308,0.4,0.8049845,116.56499,0.23
2019-08-14 20:00:00+00:00,24.55,97.92531,0.3,2.4149535,243.43501,0.232
2019-08-14 21:00:00+00:00,24.65,96.469086,0.1,1.2979984,146.3099,0.232
2019-08-14 22:00:00+00:00,24.55,96.46652,0.0,2.4149535,243.43501,0.232
2019-08-14 23:00:00+00:00,24.8,97.34439,0.0,1.08,180.0,0.232
2019-08-15 00:00:00+00:00,25.6,95.34895,0.0,2.968636,194.03627,0.229
2019-08-15 01:00:00+00:00,27.4,81.49141,0.0,6.297428,210.96368,0.229
2019-08-15 02:00:00+00:00,28.35,75.71709,0.1,6.193674,215.53777,0.229
2019-08-15 03:00:00+00:00,29.45,68.72367,0.2,6.162207,263.29025,0.23
2019-08-15 04:00:00+00:00,30.45,67.88695,0.1,6.5693827,279.46225,0.23
2019-08-15 05:00:00+00:00,31.15,65.03008,0.0,4.6938252,274.39862,0.23
2019-08-15 06:00:00+00:00,31.8,60.62736,0.0,3.7585104,253.30067,0.229
2019-08-15 07:00:00+00:00,32.0,60.307186,0.0,4.3498964,245.55606,0.228
2019-08-15 08:00:00+00:00,32.35,58.947,0.0,3.563818,224.9999,0.227
2019-08-15 09:00:00+00:00,31.35,64.29376,0.0,2.5455842,224.9999,0.227
2019-08-15 10:00:00+00:00,29.45,75.8885,0.1,4.379589,80.53775,0.227
2019-08-15 11:00:00+00:00,28.1,85.30796,0.0,3.8773184,68.19853,0.227
2019-08-15 12:00:00+00:00,27.5,71.33942,0.0,5.3999996,180.0,0.221
2019-08-15 13:00:00+00:00,27.35,71.312386,0.0,4.5536795,198.43504,0.221
2019-08-15 14:00:00+00:00,26.5,74.50863,0.0,7.628263,160.70985,0.221
2019-08-15 15:00:00+00:00,25.6,78.343124,0.0,7.289444,159.77505,0.221
2019-08-15 16:00:00+00:00,25.1,80.7075,0.0,7.0911775,156.0375,0.221
2019-08-15 17:00:00+00:00,24.5,83.907684,0.0,4.73506,171.25392,0.221
2019-08-15 18:00:00+00:00,23.6,90.48091,0.0,5.0528407,184.08554,0.221
2019-08-15 19:00:00+00:00,23.95,88.056305,0.0,2.0991426,149.03632,0.221
2019-08-15 20:00:00+00:00,22.6,93.801186,0.0,2.5455842,135.0001,0.221
2019-08-15 21:00:00+00:00,23.2,89.90163,0.0,2.8116899,50.194473,0.221
2019-08-15 22:00:00+00:00,22.35,94.65579,0.0,4.5536795,71.564964,0.221
2019-08-15 23:00:00+00:00,24.25,88.08152,0.0,3.8773184,68.19853,0.221
2019-08-16 00:00:00+00:00,26.7,79.69891,0.0,4.896529,342.8972,0.221
2019-08-16 01:00:00+00:00,28.2,70.60167,0.0,1.8,306.86996,0.221
2019-08-16 02:00:00+00:00,29.55,62.18035,0.0,1.835647,258.6901,0.22
2019-08-16 03:00:00+00:00,30.85,56.834316,0.0,2.9024127,277.1249,0.219
2019-08-16 04:00:00+00:00,32.25,50.12377,0.0,3.6,270.0,0.218
2019-08-16 05:00:00+00:00,32.85,46.40394,0.0,3.2399998,270.0,0.217
2019-08-16 06:00:00+00:00,33.5,43.238377,0.0,2.5455842,278.13,0.217
2019-08-16 07:00:00+00:00,33.7,41.574104,0.0,1.1384199,288.43503,0.216
2019-08-16 08:00:00+00:00,33.55,41.793816,0.0,1.8,323.13,0.215
2019-08-16 09:00:00+00:00,32.15,52.303185,0.0,4.379589,350.53775,0.215
2019-08-16 10:00:00+00:00,29.85,65.94939,0.0,4.0249224,79.69521,0.214
2019-08-16 11:00:00+00:00,28.6,60.646416,0.0,9.931042,136.46873,0.214
2019-08-16 12:00:00+00:00,27.85,62.768036,0.0,11.709688,135.0001,0.214
2019-08-16 13:00:00+00:00,26.8,69.912415,0.0,11.720751,137.4896,0.214
2019-08-16 14:00:00+00:00,26.05,75.1226,0.0,8.435069,140.19447,0.214
2019-08-16 15:00:00+00:00,25.15,81.45753,0.0,4.198285,210.96368,0.214
2019-08-16 16:00:00+00:00,24.75,84.449104,0.0,4.0249224,190.3048,0.214
2019-08-16 17:00:00+00:00,24.1,88.33778,0.0,3.4152596,161.56496,0.214
2019-08-16 18:00:00+00:00,23.35,93.26564,0.0,4.6102495,128.65984,0.214
2019-08-16 19:00:00+00:00,23.5,91.86419,0.0,2.2768397,71.564964,0.214
2019-08-16 20:00:00+00:00,23.05,94.68315,0.0,2.0991426,59.03632,0.214
2019-08-16 21:00:00+00:00,23.1,94.97375,0.0,2.7416782,66.801384,0.214
2019-08-16 22:00:00+00:00,23.05,96.427246,0.0,3.319036,77.4712,0.214
2019-08-16 23:00:00+00:00,24.7,89.73686,0.0,3.7585104,73.300674,0.214
2019-08-17 00:00:00+00:00,26.75,82.15079,0.0,3.2599385,353.6599,0.215
2019-08-17 01:00:00+00:00,28.05,77.75013,0.1,3.096837,324.46225,0.216
2019-08-17 02:00:00+00:00,29.2,73.83092,0.1,2.8116899,309.8055,0.216
2019-08-17 03:00:00+00:00,30.2,69.69945,0.0,2.3051248,308.65982,0.215
2019-08-17 04:00:00+00:00,31.0,65.78611,0.0,0.8049845,333.43503,0.215
2019-08-17 05:00:00+00:00,31.45,64.12169,0.1,1.9386592,111.801476,0.215
2019-08-17 06:00:00+00:00,31.95,60.295902,0.1,1.609969,116.56499,0.214
2019-08-17 07:00:00+00:00,31.55,57.524517,0.0,4.8965297,126.027466,0.214
2019-08-17 08:00:00+00:00,30.15,62.31207,0.0,7.145796,139.08571,0.214
2019-08-17 09:00:00+00:00,28.75,72.433365,0.3,9.585739,124.286934,0.215
2019-08-17 10:00:00+00:00,27.75,76.081604,0.0,10.1887,122.00535,0.215
2019-08-17 11:00:00+00:00,26.75,79.94728,0.1,7.289445,122.90524,0.216
2019-08-17 12:00:00+00:00,26.4,81.36667,0.6,10.009036,142.3057,0.226
2019-08-17 13:00:00+00:00,26.15,81.5823,0.1,9.339208,152.44728,0.226
2019-08-17 14:00:00+00:00,25.55,85.04846,0.1,7.7043357,142.59457,0.227
2019-08-17 15:00:00+00:00,25.15,87.890465,0.1,8.435069,140.19447,0.228
2019-08-17 16:00:00+00:00,24.8,89.744156,0.1,6.489992,176.82024,0.228
2019-08-17 17:00:00+00:00,24.35,91.91381,0.2,4.3498964,204.44394,0.229
2019-08-17 18:00:00+00:00,23.95,96.450874,0.4,3.6179552,185.7105,0.232
2019-08-17 19:00:00+00:00,23.5,99.09916,0.3,1.835647,101.3099,0.234
2019-08-17 20:00:00+00:00,23.8,97.91375,0.3,0.71999997,180.0,0.236
2019-08-17 21:00:00+00:00,23.95,97.327644,0.1,1.2979984,236.3099,0.237
2019-08-17 22:00:00+00:00,23.85,97.32565,0.0,1.9386592,21.801476,0.237
2019-08-17 23:00:00+00:00,24.15,98.21406,0.0,0.8049845,153.43501,0.237
2019-08-18 00:00:00+00:00,25.15,92.51503,0.0,1.0182338,224.9999,0.243
2019-08-18 01:00:00+00:00,26.9,78.7667,0.1,2.9024127,187.12492,0.243
2019-08-18 02:00:00+00:00,28.15,71.4561,0.2,3.096837,215.53777,0.243
2019-08-18 03:00:00+00:00,29.3,65.23835,0.1,2.9024127,262.8751,0.244
2019-08-18 04:00:00+00:00,30.25,61.76714,0.2,1.8,270.0,0.244
2019-08-18 05:00:00+00:00,31.1,60.286545,0.0,1.2979984,33.6901,0.243
2019-08-18 06:00:00+00:00,31.55,59.299995,0.0,0.0,270.0,0.242
2019-08-18 07:00:00+00:00,29.45,69.98045,1.0,5.6233797,219.80553,0.248
2019-08-18 08:00:00+00:00,28.55,78.52513,0.5,3.8939953,236.3099,0.251
2019-08-18 09:00:00+00:00,28.6,76.21282,0.0,4.2136917,70.01681,0.251
2019-08-18 10:00:00+00:00,27.3,83.96143,0.0,5.00128,59.743652,0.251
2019-08-18 11:00:00+00:00,26.5,87.21655,0.0,4.6800003,67.3801,0.25
2019-08-18 12:00:00+00:00,26.75,79.4647,0.0,8.891343,121.75944,0.239
2019-08-18 13:00:00+00:00,26.45,81.61946,0.0,9.178235,138.17992,0.239
2019-08-18 14:00:00+00:00,25.8,84.305504,0.0,8.287822,145.6196,0.239
2019-08-18 15:00:00+00:00,25.35,86.3263,0.0,8.534353,152.35411,0.239
2019-08-18 16:00:00+00:00,25.0,87.8777,0.0,7.5170207,163.30067,0.239
2019-08-18 17:00:00+00:00,24.65,89.46172,0.1,3.6179552,174.2895,0.24
2019-08-18 18:00:00+00:00,24.15,92.74141,0.7,1.9386592,291.80148,0.245
2019-08-18 19:00:00+00:00,23.7,97.91217,0.9,1.8,180.0,0.251
2019-08-18 20:00:00+00:00,23.95,97.03462,0.1,1.835647,258.6901,0.252
2019-08-18 21:00:00+00:00,23.95,96.160126,0.0,3.096837,305.53775,0.252
2019-08-18 22:00:00+00:00,23.7,96.73632,0.0,4.8433046,318.01288,0.252
2019-08-18 23:00:00+00:00,24.4,95.595566,0.2,6.0347,287.3541,0.254
2019-08-19 00:00:00+00:00,25.7,86.099014,0.7,3.6,233.13002,0.248
2019-08-19 01:00:00+00:00,26.85,81.42291,0.1,3.8939953,213.6901,0.249
2019-08-19 02:00:00+00:00,28.2,75.693596,0.0,3.319036,229.39879,0.248
2019-08-19 03:00:00+00:00,29.35,71.025085,0.0,3.7064266,299.0545,0.247
2019-08-19 04:00:00+00:00,29.85,66.753136,0.1,3.2599385,263.6599,0.247
2019-08-19 05:00:00+00:00,26.2,87.71537,3.2,3.2599385,186.3401,0.276
2019-08-19 06:00:00+00:00,26.6,90.14256,0.3,3.2399998,90.0,0.277
2019-08-19 07:00:00+00:00,27.7,76.76672,0.1,8.287822,145.6196,0.277
2019-08-19 08:00:00+00:00,28.0,75.20653,0.1,3.8268526,138.81418,0.277
2019-08-19 09:00:00+00:00,26.95,81.4354,0.8,8.714677,128.2902,0.282
2019-08-19 10:00:00+00:00,25.95,89.28972,0.0,5.904439,127.568665,0.281
2019-08-19 11:00:00+00:00,25.45,90.3335,0.0,7.9036193,149.9315,0.281
2019-08-19 12:00:00+00:00,25.05,94.19312,0.0,8.557102,165.37909,0.278
2019-08-19 13:00:00+00:00,24.7,93.33119,0.0,7.69592,169.21574,0.277
2019-08-19 14:00:00+00:00,24.4,93.598946,0.0,7.2805495,171.46931,0.277
2019-08-19 15:00:00+00:00,24.2,94.15716,0.0,4.2136917,160.0168,0.276
2019-08-19 16:00:00+00:00,23.5,97.02474,0.0,4.802999,167.00539,0.276
2019-08-19 17:00:00+00:00,23.3,97.31478,0.0,4.802999,192.99461,0.276
2019-08-19 18:00:00+00:00,23.8,96.155914,0.0,7.145796,220.91429,0.275
2019-08-19 19:00:00+00:00,23.75,96.73754,0.0,6.8777895,222.87889,0.275
2019-08-19 20:00:00+00:00,23.8,96.73877,0.0,6.193674,215.53777,0.275
2019-08-19 21:00:00+00:00,23.55,98.20609,0.0,5.6233797,230.19447,0.274
2019-08-19 22:00:00+00:00,23.55,97.90987,0.1,5.634891,243.43501,0.274
2019-08-19 23:00:00+00:00,24.15,94.72575,0.0,6.638072,229.39879,0.274
2019-08-20 00:00:00+00:00,25.2,89.77317,0.0,1.609969,153.43501,0.274
2019-08-20 01:00:00+00:00,26.1,84.84856,0.2,2.9024127,262.8751,0.275
2019-08-20 02:00:00+00:00,26.35,86.16144,0.3,4.1046314,254.74483,0.276
2019-08-20 03:00:00+00:00,26.8,86.722435,0.3,3.8773184,248.19853,0.278
2019-08-20 04:00:00+00:00,27.9,82.04283,0.2,5.6920996,251.56496,0.278
2019-08-20 05:00:00+00:00,29.4,74.30819,0.1,7.289445,237.09476,0.277
2019-08-20 06:00:00+00:00,29.45,71.47214,0.2,9.346143,195.6423,0.278
2019-08-20 07:00:00+00:00,27.95,74.97155,0.2,4.3349743,184.76355,0.278
2019-08-20 08:00:00+00:00,27.15,80.24231,0.1,4.6938252,265.60138,0.278
2019-08-20 09:00:00+00:00,26.3,84.35921,0.1,5.4477882,277.59454,0.278
2019-08-20 10:00:00+00:00,25.65,91.16482,0.2,3.096837,305.53775,0.279
2019-08-20 11:00:00+00:00,25.15,95.33372,0.2,2.5455842,278.13,0.279
2019-08-20 12:00:00+00:00,25.3,94.769714,0.0,3.0758414,290.55612,0.328
2019-08-20 13:00:00+00:00,25.0,95.90185,0.0,3.096837,234.46223,0.327
2019-08-20 14:00:00+00:00,24.8,97.05314,0.0,2.1897945,189.46225,0.325
2019-08-20 15:00:00+00:00,23.05,100.0,0.0,2.16,180.0,0.324
2019-08-20 16:00:00+00:00,22.8,100.0,0.0,2.8799999,180.0,0.323
2019-08-20 17:00:00+00:00,22.5,100.0,0.0,2.5455842,135.0001,0.321
2019-08-20 18:00:00+00:00,22.3,100.0,0.0,4.3349743,131.63345,0.32
2019-08-20 19:00:00+00:00,22.65,96.41664,0.0,4.3349743,138.36655,0.319
2019-08-20 20:00:00+00:00,22.2,96.11024,0.0,4.6102495,128.65984,0.318
2019-08-20 21:00:00+00:00,22.5,94.084236,0.0,4.1046314,127.875046,0.317
2019-08-20 22:00:00+00:00,21.75,96.09727,0.0,4.6938257,147.52882,0.315
2019-08-20 23:00:00+00:00,23.2,93.828255,0.0,3.2399998,180.0,0.314
2019-08-21 00:00:00+00:00,24.65,95.030396,0.0,3.2599385,276.3401,0.313
2019-08-21 01:00:00+00:00,26.2,88.50883,0.1,3.9763298,264.80566,0.313
2019-08-21 02:00:00+00:00,27.0,82.42858,0.0,3.5455887,246.0375,0.312
2019-08-21 03:00:00+00:00,28.65,73.29589,0.2,1.835647,258.6901,0.311
2019-08-21 04:00:00+00:00,29.85,66.5514,0.2,2.16,360.0,0.31
2019-08-21 05:00:00+00:00,30.65,62.611027,0.2,3.2399998,360.0,0.309
2019-08-21 06:00:00+00:00,31.3,59.422913,0.2,3.96,360.0,0.308
2019-08-21 07:00:00+00:00,31.0,61.93253,0.2,5.2416787,344.05453,0.307
2019-08-21 08:00:00+00:00,30.25,66.23059,0.1,5.1919937,326.3099,0.306
2019-08-21 09:00:00+00:00,29.75,68.36708,0.0,1.8,306.86996,0.304
2019-08-21 10:00:00+00:00,27.9,84.27766,0.1,2.5959969,213.6901,0.303
2019-08-21 11:00:00+00:00,26.65,89.342415,0.1,5.315336,241.69934,0.303
2019-08-21 12:00:00+00:00,26.5,85.14588,0.0,5.506941,168.69011,0.298
2019-08-21 13:00:00+00:00,26.3,84.61395,0.1,7.386582,136.97493,0.298
2019-08-21 14:00:00+00:00,25.95,84.832924,0.1,6.618519,135.0001,0.298
2019-08-21 15:00:00+00:00,25.4,86.85513,0.2,6.5693827,170.53775,0.299
2019-08-21 16:00:00+00:00,24.95,89.21385,0.2,9.0,143.13002,0.299
2019-08-21 17:00:00+00:00,24.5,92.20083,0.4,8.669949,175.23645,0.301
2019-08-21 18:00:00+00:00,24.25,93.30945,0.3,7.928178,177.39749,0.303
2019-08-21 19:00:00+00:00,23.8,95.287445,0.1,7.968939,198.43504,0.303
2019-08-21 20:00:00+00:00,23.35,95.27182,0.0,6.162207,186.70975,0.302
2019-08-21 21:00:00+00:00,22.55,97.89426,0.0,4.5536795,161.56496,0.301
2019-08-21 22:00:00+00:00,22.4,97.593925,0.0,4.3349743,138.36655,0.3
2019-08-21 23:00:00+00:00,23.4,95.853485,0.0,2.3051248,141.34016,0.3
2019-08-22 00:00:00+00:00,25.2,93.63592,0.0,1.5273507,224.9999,0.299
2019-08-22 01:00:00+00:00,26.75,84.40726,0.0,3.319036,257.4712,0.298
2019-08-22 02:00:00+00:00,28.35,73.24504,0.1,5.04,270.0,0.297
2019-08-22 03:00:00+00:00,29.35,67.46694,0.0,4.6938252,265.60138,0.295
2019-08-22 04:00:00+00:00,30.4,64.87443,0.0,4.0249224,259.69522,0.293
2019-08-22 05:00:00+00:00,30.9,63.62017,0.0,4.5536795,251.56496,0.291
2019-08-22 06:00:00+00:00,30.95,63.43887,0.1,6.297428,239.03632,0.289
2019-08-22 07:00:00+00:00,30.6,63.172207,0.0,7.386582,226.97493,0.288
2019-08-22 08:00:00+00:00,29.55,66.490974,0.1,5.1165614,129.28938,0.287
2019-08-22 09:00:00+00:00,28.2,80.379845,0.5,5.6920996,108.43504,0.289
2019-08-22 10:00:00+00:00,27.25,80.74043,0.1,7.9526596,84.805664,0.289
2019-08-22 11:00:00+00:00,26.3,83.09548,0.2,6.489992,93.17977,0.29
2019-08-22 12:00:00+00:00,26.15,87.447876,0.1,8.225035,113.198616,0.292
2019-08-22 13:00:00+00:00,25.75,87.149635,0.0,6.696387,126.25393,0.291
2019-08-22 14:00:00+00:00,25.3,87.903175,0.0,5.5887027,165.06853,0.291
2019-08-22 15:00:00+00:00,24.9,89.480385,0.0,5.2416787,164.05453,0.29
2019-08-22 16:00:00+00:00,24.5,91.36808,0.0,4.3349743,175.23645,0.29
2019-08-22 17:00:00+00:00,24.15,93.30463,0.0,4.0249224,190.3048,0.289
2019-08-22 18:00:00+00:00,23.95,94.71801,0.0,4.3349743,221.63345,0.289
2019-08-22 19:00:00+00:00,24.65,91.37734,0.0,3.319036,282.5288,0.288
2019-08-22 20:00:00+00:00,24.05,95.29606,0.2,3.0758414,339.44388,0.289
2019-08-22 21:00:00+00:00,23.95,96.450874,0.4,4.39436,325.0079,0.291
2019-08-22 22:00:00+00:00,24.0,96.74356,0.0,6.489992,326.3099,0.291
2019-08-22 23:00:00+00:00,24.2,95.01406,0.0,6.9153743,308.65982,0.291
2019-08-23 00:00:00+00:00,25.65,88.998825,0.0,4.2136917,289.9832,0.289
2019-08-23 01:00:00+00:00,27.1,84.19171,0.0,5.00128,300.25635,0.288
2019-08-23 02:00:00+00:00,27.85,81.54711,0.1,4.3498964,294.44394,0.287
2019-08-23 03:00:00+00:00,29.2,74.72228,0.1,5.495161,301.60745,0.286
2019-08-23 04:00:00+00:00,29.75,71.95609,0.2,7.127636,315.0001,0.286
2019-08-23 05:00:00+00:00,27.1,82.937515,6.3,7.8954163,133.1524,0.356
2019-08-23 06:00:00+00:00,26.35,87.99176,0.8,6.297428,120.963684,0.358
2019-08-23 07:00:00+00:00,27.75,83.01238,0.3,6.618519,135.0001,0.357
2019-08-23 08:00:00+00:00,27.75,80.32103,0.1,8.161764,138.57643,0.354
2019-08-23 09:00:00+00:00,27.2,84.70846,0.0,5.6233797,140.19447,0.351
2019-08-23 10:00:00+00:00,26.4,90.66884,0.0,4.8433046,138.01286,0.348
2019-08-23 11:00:00+00:00,25.05,97.05856,0.0,4.1046314,127.875046,0.346
2019-08-23 12:00:00+00:00,25.55,97.35903,0.0,4.3349743,138.36655,0.287
2019-08-23 13:00:00+00:00,25.5,95.9168,0.0,4.5820518,135.0001,0.286
2019-08-23 14:00:00+00:00,25.15,91.960144,0.0,4.8965297,143.97253,0.286
2019-08-23 15:00:00+00:00,24.75,89.198616,0.0,4.510787,151.38963,0.285
2019-08-23 16:00:00+00:00,24.05,91.340195,0.0,4.6938257,147.52882,0.285
2019-08-23 17:00:00+00:00,23.75,93.56866,0.0,4.39436,145.0079,0.284
2019-08-23 18:00:00+00:00,23.5,94.41357,0.0,3.563818,135.0001,0.284
2019-08-23 19:00:00+00:00,23.85,92.725655,0.0,1.8,143.13002,0.284
2019-08-23 20:00:00+00:00,24.8,86.536606,0.0,2.2768397,161.56496,0.283
2019-08-23 21:00:00+00:00,25.35,83.74643,0.0,3.6,233.13002,0.283
2019-08-23 22:00:00+00:00,24.85,87.86492,0.0,4.73506,261.2539,0.282
2019-08-23 23:00:00+00:00,25.4,90.330086,0.0,4.73506,261.2539,0.282
2019-08-24 00:00:00+00:00,26.6,84.90048,0.0,4.3349743,274.76355,0.281
2019-08-24 01:00:00+00:00,27.95,78.91332,0.1,2.1897945,279.46225,0.281
2019-08-24 02:00:00+00:00,29.05,74.25088,0.1,2.9024127,277.1249,0.28
2019-08-24 03:00:00+00:00,29.75,72.172264,0.0,4.0249224,296.56497,0.279
2019-08-24 04:00:00+00:00,31.15,67.01212,0.0,4.198285,300.96368,0.277
2019-08-24 05:00:00+00:00,32.05,60.31845,0.0,5.6002855,315.0001,0.276
2019-08-24 06:00:00+00:00,31.15,62.53027,0.1,2.6208394,74.054535,0.274
2019-08-24 07:00:00+00:00,29.15,74.49044,0.4,7.5685663,115.34614,0.276
2019-08-24 08:00:00+00:00,29.35,73.414024,0.0,6.6185193,112.38018,0.275
2019-08-24 09:00:00+00:00,29.3,74.738434,0.0,5.1165614,129.28938,0.274
2019-08-24 10:00:00+00:00,28.2,83.80945,0.0,2.52,180.0,0.274
2019-08-24 11:00:00+00:00,27.0,89.90239,0.0,5.4833565,156.80138,0.274
2019-08-24 12:00:00+00:00,26.25,91.202446,0.0,8.161764,131.42357,0.27
2019-08-24 13:00:00+00:00,26.4,84.87975,0.0,9.178235,131.82008,0.27
2019-08-24 14:00:00+00:00,26.2,86.14707,0.0,8.669949,138.36655,0.27
2019-08-24 15:00:00+00:00,25.8,88.74313,0.0,7.4128532,150.9455,0.27
2019-08-24 16:00:00+00:00,25.2,92.23998,0.0,5.3999996,143.13002,0.269
2019-08-24 17:00:00+00:00,24.3,97.334564,0.7,1.1384199,288.43503,0.274
2019-08-24 18:00:00+00:00,24.2,97.33259,0.7,3.9763298,264.80566,0.279
2019-08-24 19:00:00+00:00,24.05,97.036804,0.2,3.8773184,248.19853,0.28
2019-08-24 20:00:00+00:00,23.8,97.324715,0.1,4.072935,315.0001,0.28
2019-08-24 21:00:00+00:00,23.85,100.0,1.7,2.3051248,308.65982,0.302
2019-08-24 22:00:00+00:00,23.8,100.0,1.8,2.5455842,278.13,0.326
2019-08-24 23:00:00+00:00,24.05,100.0,0.2,2.6208394,254.05453,0.326
2019-08-25 00:00:00+00:00,25.4,90.05851,0.6,7.289444,249.77505,0.291
2019-08-25 01:00:00+00:00,25.8,87.15411,0.4,6.12,241.92761,0.293
2019-08-25 02:00:00+00:00,27.35,84.47106,0.1,6.638072,257.4712,0.293
2019-08-25 03:00:00+00:00,28.45,80.652855,0.2,7.208994,267.13766,0.292
2019-08-25 04:00:00+00:00,29.45,76.34299,0.2,7.5599995,270.0,0.292
2019-08-25 05:00:00+00:00,28.9,74.44971,0.5,6.1305785,220.23628,0.294
2019-08-25 06:00:00+00:00,25.8,90.08663,2.8,0.71999997,90.0,0.319
2019-08-25 07:00:00+00:00,26.35,90.125145,0.2,3.6,143.13002,0.319
2019-08-25 08:00:00+00:00,26.7,90.68859,0.1,1.9386592,111.801476,0.318
2019-08-25 09:00:00+00:00,26.1,93.95671,0.3,3.6,36.86999,0.319
2019-08-25 10:00:00+00:00,25.75,94.222496,0.1,3.6,36.86999,0.318
2019-08-25 11:00:00+00:00,25.05,96.47948,0.0,3.0758414,20.556128,0.317
2019-08-25 12:00:00+00:00,25.35,96.48718,1.6,5.2416787,164.05453,0.337
2019-08-25 13:00:00+00:00,25.3,95.910866,0.0,2.2768397,161.56496,0.336
2019-08-25 14:00:00+00:00,25.0,96.76745,0.0,4.68,180.0,0.334
2019-08-25 15:00:00+00:00,24.55,97.632,0.0,4.2136917,160.0168,0.332
2019-08-25 16:00:00+00:00,24.35,97.04334,0.0,3.319036,167.4712,0.331
2019-08-25 17:00:00+00:00,24.25,96.45868,0.0,5.506941,168.69011,0.329
2019-08-25 18:00:00+00:00,23.85,97.619705,1.6,7.172949,197.52567,0.341
2019-08-25 19:00:00+00:00,23.45,100.0,1.4,3.319036,167.4712,0.357
2019-08-25 20:00:00+00:00,23.25,100.0,0.1,3.6179552,174.2895,0.355
2019-08-25 21:00:00+00:00,23.15,100.0,0.1,6.763786,205.2011,0.353
2019-08-25 22:00:00+00:00,23.25,100.0,0.3,4.5536795,161.56496,0.354
2019-08-25 23:00:00+00:00,23.65,97.32173,0.1,7.289445,212.90524,0.353
2019-08-26 00:00:00+00:00,24.15,95.876274,0.1,4.198285,210.96368,0.374
2019-08-26 01:00:00+00:00,26.15,86.40204,0.0,7.8954163,226.8476,0.37
2019-08-26 02:00:00+00:00,27.75,80.08022,0.0,6.12,241.92761,0.365
2019-08-26 03:00:00+00:00,29.2,71.42756,0.1,6.830519,251.56496,0.361
2019-08-26 04:00:00+00:00,29.95,67.178055,0.0,8.12197,257.19574,0.357
2019-08-26 05:00:00+00:00,30.35,64.86401,0.0,8.311245,274.96964,0.352
2019-08-26 06:00:00+00:00,28.05,81.81606,4.0,8.714677,218.2902,0.389
2019-08-26 07:00:00+00:00,27.8,86.29923,0.7,5.771239,183.57626,0.388
2019-08-26 08:00:00+00:00,27.75,82.76447,1.0,8.825508,168.23174,0.39
2019-08-26 09:00:00+00:00,27.35,82.22283,0.2,8.891344,158.62932,0.385
2019-08-26 10:00:00+00:00,26.1,90.64894,0.0,2.3051248,231.34016,0.379
2019-08-26 11:00:00+00:00,25.05,95.330315,0.0,5.154415,245.22488,0.375
2019-08-26 12:00:00+00:00,25.2,89.50271,0.0,5.506941,168.69011,0.331
2019-08-26 13:00:00+00:00,25.1,90.03732,0.0,4.1046314,164.74483,0.33
2019-08-26 14:00:00+00:00,24.5,94.169876,0.6,2.8116899,230.19447,0.333
2019-08-26 15:00:00+00:00,24.4,97.04445,0.6,2.7416782,203.19862,0.336
2019-08-26 16:00:00+00:00,24.25,97.92065,0.5,5.495161,238.39255,0.338
2019-08-26 17:00:00+00:00,23.8,100.0,1.7,5.6233797,230.19447,0.358
2019-08-26 18:00:00+00:00,23.6,100.0,1.5,5.692099,214.69522,0.376
2019-08-26 19:00:00+00:00,23.3,100.0,0.6,3.0547013,224.9999,0.379
2019-08-26 20:00:00+00:00,23.2,100.0,0.1,4.6102495,231.34016,0.375
2019-08-26 21:00:00+00:00,23.4,100.0,0.2,5.6920996,251.56496,0.374
2019-08-26 22:00:00+00:00,23.25,100.0,0.7,5.3517847,222.27362,0.38
2019-08-26 23:00:00+00:00,23.6,97.61529,0.0,7.628263,199.29015,0.375
2019-08-27 00:00:00+00:00,24.3,95.59233,0.0,8.287822,214.3804,0.343
2019-08-27 01:00:00+00:00,25.7,87.93702,0.0,10.464797,206.56499,0.341
2019-08-27 02:00:00+00:00,27.05,79.02638,0.0,9.504273,204.62355,0.339
2019-08-27 03:00:00+00:00,28.45,73.26202,0.1,7.491114,215.21768,0.337
2019-08-27 04:00:00+00:00,29.5,69.35898,0.1,7.9932966,215.83774,0.335
2019-08-27 05:00:00+00:00,30.55,64.51445,0.0,8.435069,230.19447,0.332
2019-08-27 06:00:00+00:00,30.8,61.51396,0.0,9.6932955,254.93146,0.329
2019-08-27 07:00:00+00:00,28.55,74.16866,0.6,8.587338,236.97612,0.331
2019-08-27 08:00:00+00:00,27.55,85.50733,0.1,4.0249224,190.3048,0.33
2019-08-27 09:00:00+00:00,27.3,85.73827,0.0,4.896529,162.89719,0.329
2019-08-27 10:00:00+00:00,26.65,88.2806,0.0,4.896529,162.89719,0.327
2019-08-27 11:00:00+00:00,25.7,91.16794,0.1,4.1046314,164.74483,0.327
2019-08-27 12:00:00+00:00,25.3,89.78044,0.1,8.587338,236.97612,0.316
2019-08-27 13:00:00+00:00,25.25,87.36876,0.0,8.209263,232.12495,0.315
2019-08-27 14:00:00+00:00,25.1,84.48652,0.0,6.9153743,218.65984,0.314
2019-08-27 15:00:00+00:00,24.75,84.19185,0.0,6.439876,206.56499,0.313
2019-08-27 16:00:00+00:00,24.5,83.907684,0.0,6.725354,195.52417,0.313
2019-08-27 17:00:00+00:00,24.2,85.42946,0.0,6.28713,193.24052,0.312
2019-08-27 18:00:00+00:00,23.95,88.056305,0.0,5.5887027,194.93147,0.311
2019-08-27 19:00:00+00:00,23.6,91.034325,0.0,6.0347,197.35411,0.311
2019-08-27 20:00:00+00:00,23.6,92.4309,0.0,6.12,208.07239,0.31
2019-08-27 21:00:00+00:00,23.5,94.12729,0.0,6.489992,213.6901,0.309
2019-08-27 22:00:00+00:00,23.2,94.68896,0.0,6.439876,206.56499,0.309
2019-08-27 23:00:00+00:00,23.85,90.773796,0.0,5.991594,212.73521,0.308
2019-08-28 00:00:00+00:00,25.55,82.00538,0.0,7.145796,220.91429,0.308
2019-08-28 01:00:00+00:00,27.1,74.15382,0.0,8.287822,214.3804,0.306
2019-08-28 02:00:00+00:00,29.0,65.9764,0.0,7.9932966,215.83774,0.304
2019-08-28 03:00:00+00:00,30.6,59.26202,0.0,8.404285,223.26433,0.302
2019-08-28 04:00:00+00:00,31.75,54.494896,0.0,9.1641035,224.9999,0.3
2019-08-28 05:00:00+00:00,32.65,52.26868,0.0,9.178235,221.82008,0.298
2019-08-28 06:00:00+00:00,32.95,51.550674,0.0,9.178235,228.17992,0.296
2019-08-28 07:00:00+00:00,32.7,52.601746,0.0,6.618519,224.9999,0.294
2019-08-28 08:00:00+00:00,30.1,60.984787,0.2,11.681987,213.6901,0.294
2019-08-28 09:00:00+00:00,27.15,84.95731,0.3,4.198285,210.96368,0.295
2019-08-28 10:00:00+00:00,26.7,85.93671,0.1,6.12,180.0,0.295
2019-08-28 11:00:00+00:00,26.8,81.90947,0.0,6.1305785,220.23628,0.295
2019-08-28 12:00:00+00:00,25.65,96.49488,0.0,2.2768397,198.43504,0.297
2019-08-28 13:00:00+00:00,25.45,99.703255,0.0,0.5091169,44.999897,0.297
2019-08-28 14:00:00+00:00,25.15,99.40599,0.0,2.968636,165.96373,0.296
2019-08-28 15:00:00+00:00,24.8,97.63635,0.0,4.6800003,157.3801,0.296
2019-08-28 16:00:00+00:00,24.0,97.0357,0.0,3.5455887,156.0375,0.296
2019-08-28 17:00:00+00:00,24.2,95.30118,0.0,4.73506,278.74606,0.295
2019-08-28 18:00:00+00:00,24.0,97.328606,0.0,4.0249224,206.56499,0.295
2019-08-28 19:00:00+00:00,24.25,97.33354,0.0,3.8939953,213.6901,0.295
2019-08-28 20:00:00+00:00,24.05,97.036804,0.0,5.8048253,209.7448,0.294
2019-08-28 21:00:00+00:00,23.75,95.57452,0.0,5.00128,210.25635,0.294
2019-08-28 22:00:00+00:00,23.35,94.98293,0.0,4.802999,192.99461,0.294
2019-08-28 23:00:00+00:00,23.65,93.2803,0.0,5.95906,205.01686,0.293
2019-08-29 00:00:00+00:00,24.85,87.33337,0.0,5.3517847,222.27362,0.291
2019-08-29 01:00:00+00:00,26.6,76.36659,0.0,6.1305785,229.76372,0.29
2019-08-29 02:00:00+00:00,28.45,66.06567,0.0,7.289445,237.09476,0.288
2019-08-29 03:00:00+00:00,30.2,58.808098,0.0,8.4963045,233.61555,0.287
2019-08-29 04:00:00+00:00,31.5,51.818676,0.1,9.290511,234.46223,0.286
2019-08-29 05:00:00+00:00,31.65,51.220715,0.5,9.511088,240.5242,0.287
2019-08-29 06:00:00+00:00,31.8,51.101067,0.4,8.825508,258.23172,0.288
2019-08-29 07:00:00+00:00,31.0,57.04447,0.1,9.007196,272.29056,0.287
2019-08-29 08:00:00+00:00,30.45,60.692112,0.0,6.87779,263.9911,0.286
2019-08-29 09:00:00+00:00,29.8,63.77202,0.0,5.1544156,257.90524,0.285
2019-08-29 10:00:00+00:00,28.5,70.87122,0.0,3.0547013,224.9999,0.284
2019-08-29 11:00:00+00:00,27.35,74.42111,0.0,6.162207,173.29025,0.284
2019-08-29 12:00:00+00:00,27.35,68.73896,0.0,9.47012,171.25392,0.274
2019-08-29 13:00:00+00:00,26.5,73.152374,0.0,9.346143,164.3577,0.274
2019-08-29 14:00:00+00:00,25.6,79.06506,0.0,9.387651,147.52882,0.273
2019-08-29 15:00:00+00:00,24.95,82.1828,0.0,9.339208,152.44728,0.273
2019-08-29 16:00:00+00:00,24.45,84.416885,0.0,8.311245,162.3498,0.273
2019-08-29 17:00:00+00:00,23.95,86.45647,0.0,6.379216,163.61038,0.273
2019-08-29 18:00:00+00:00,23.65,86.959496,0.0,5.8603754,169.3804,0.273
2019-08-29 19:00:00+00:00,22.75,91.25886,0.0,5.8048253,172.87508,0.272
2019-08-29 20:00:00+00:00,22.45,92.084564,0.0,5.771239,183.57626,0.272
2019-08-29 21:00:00+00:00,22.75,90.42276,0.0,3.96,180.0,0.272
2019-08-29 22:00:00+00:00,22.0,94.35187,0.0,3.8939953,146.3099,0.272
2019-08-29 23:00:00+00:00,23.5,88.0183,0.0,2.9024127,150.2552,0.272
2019-08-30 00:00:00+00:00,25.75,77.41185,0.0,3.2399998,180.0,0.271
2019-08-30 01:00:00+00:00,27.95,67.80935,0.0,3.2399998,180.0,0.27
2019-08-30 02:00:00+00:00,30.0,59.123463,0.0,1.1384199,161.56496,0.269
2019-08-30 03:00:00+00:00,31.65,51.220715,0.0,2.5455842,8.130019,0.268
2019-08-30 04:00:00+00:00,32.65,46.639477,0.0,6.130579,356.6336,0.266
2019-08-30 05:00:00+00:00,31.6,55.129337,0.0,12.181625,341.02948,0.265
2019-08-30 06:00:00+00:00,31.4,55.419144,0.0,10.787993,334.2901,0.263
2019-08-30 07:00:00+00:00,31.6,52.811085,0.0,7.4128532,299.0545,0.262
2019-08-30 08:00:00+00:00,31.45,52.287785,0.0,5.95906,295.01685,0.261
2019-08-30 09:00:00+00:00,31.05,56.017426,0.0,3.96,360.0,0.26
2019-08-30 10:00:00+00:00,28.6,77.5971,0.0,4.6938257,32.471172,0.26
2019-08-30 11:00:00+00:00,28.35,66.24777,0.0,10.086427,92.045364,0.26
2019-08-30 12:00:00+00:00,27.75,69.23833,0.0,11.966954,105.7087,0.257
2019-08-30 13:00:00+00:00,27.2,69.559235,0.0,10.1887,122.00535,0.257
2019-08-30 14:00:00+00:00,26.45,70.495445,0.0,9.686609,131.98714,0.257
2019-08-30 15:00:00+00:00,25.85,75.32115,0.0,9.220499,141.34016,0.257
2019-08-30 16:00:00+00:00,25.3,81.22804,0.0,8.891343,148.24057,0.257
2019-08-30 17:00:00+00:00,24.85,85.49501,0.0,7.0911775,156.0375,0.257
2019-08-30 18:00:00+00:00,24.1,90.79027,0.0,3.8773184,158.19853,0.257
2019-08-30 19:00:00+00:00,23.55,94.12943,0.0,5.315336,118.30067,0.257
2019-08-30 20:00:00+00:00,23.45,93.8395,0.0,3.6,126.86999,0.257
2019-08-30 21:00:00+00:00,23.35,93.54995,0.0,4.5820518,135.0001,0.256
2019-08-30 22:00:00+00:00,23.05,93.53587,0.0,4.198285,149.03632,0.256
2019-08-30 23:00:00+00:00,24.15,88.07313,0.0,4.896529,162.89719,0.256
2019-08-31 00:00:00+00:00,26.25,78.91492,0.0,3.6179552,185.7105,0.255
2019-08-31 01:00:00+00:00,28.25,69.33321,0.0,4.452954,194.03627,0.255
2019-08-31 02:00:00+00:00,30.0,60.036728,0.0,3.319036,139.39879,0.254
2019-08-31 03:00:00+00:00,31.1,54.50239,0.1,2.2768397,71.564964,0.253
2019-08-31 04:00:00+00:00,31.8,51.894646,0.1,3.096837,35.537766,0.253
2019-08-31 05:00:00+00:00,32.1,51.335236,0.0,5.3517847,42.27363,0.252
2019-08-31 06:00:00+00:00,32.0,51.626633,0.1,5.1919937,33.6901,0.251
2019-08-31 07:00:00+00:00,31.4,54.743835,0.2,4.8965297,53.972538,0.252
2019-08-31 08:00:00+00:00,31.05,55.674805,0.1,5.95906,115.01687,0.251
2019-08-31 09:00:00+00:00,30.1,61.171318,0.0,6.638072,139.39879,0.251
2019-08-31 10:00:00+00:00,28.55,69.81295,0.0,4.510787,118.61037,0.25
2019-08-31 11:00:00+00:00,27.45,71.548515,0.0,7.2359104,95.7105,0.25
2019-08-31 12:00:00+00:00,26.3,80.373474,0.0,6.830519,108.43504,0.246
2019-08-31 13:00:00+00:00,26.35,80.13656,0.0,8.435069,129.80553,0.246
2019-08-31 14:00:00+00:00,25.85,81.05073,0.0,8.161764,138.57643,0.246
2019-08-31 15:00:00+00:00,25.5,82.75118,0.0,7.9932966,144.16226,0.246
2019-08-31 16:00:00+00:00,25.25,84.50255,0.0,6.989936,145.49142,0.246
2019-08-31 17:00:00+00:00,25.1,86.564705,0.0,6.792466,147.99466,0.246
2019-08-31 18:00:00+00:00,24.8,88.93266,0.0,4.3498964,155.55606,0.246
2019-08-31 19:00:00+00:00,24.35,93.03269,0.1,4.6938252,175.60138,0.246
2019-08-31 20:00:00+00:00,24.6,90.00188,0.0,4.6102495,231.34016,0.246
2019-08-31 21:00:00+00:00,24.4,91.08561,0.1,6.4096174,231.84273,0.247
2019-08-31 22:00:00+00:00,24.05,93.582695,0.0,3.563818,224.9999,0.247
2019-08-31 23:00:00+00:00,24.95,91.12054,0.0,3.8773184,248.19853,0.247
2019-09-01 00:00:00+00:00,26.6,80.90093,0.0,3.319036,257.4712,0.248
2019-09-01 01:00:00+00:00,28.55,70.45166,0.0,3.396233,237.99466,0.247
2019-09-01 02:00:00+00:00,30.25,62.333965,0.0,4.1046314,232.12495,0.246
2019-09-01 03:00:00+00:00,31.0,60.263916,0.2,3.396233,212.00534,0.247
2019-09-01 04:00:00+00:00,30.95,61.547195,0.1,4.0249224,206.56499,0.246
2019-09-01 05:00:00+00:00,29.05,71.18557,0.9,10.144082,207.47435,0.252
2019-09-01 06:00:00+00:00,30.45,63.331757,0.0,2.5959969,236.3099,0.252
2019-09-01 07:00:00+00:00,29.85,66.753136,0.5,7.386582,133.02507,0.254
2019-09-01 08:00:00+00:00,28.7,73.30436,0.5,7.145796,130.91429,0.257
2019-09-01 09:00:00+00:00,27.55,84.74505,0.2,4.5536795,251.56496,0.258
2019-09-01 10:00:00+00:00,26.25,96.22429,0.0,1.8,53.13002,0.259
2019-09-01 11:00:00+00:00,25.7,96.209076,0.0,4.32,180.0,0.258
2019-09-01 12:00:00+00:00,26.35,85.13056,0.0,8.854829,153.43501,0.245
2019-09-01 13:00:00+00:00,26.2,79.63123,0.0,9.360001,157.3801,0.245
2019-09-01 14:00:00+00:00,25.55,82.50584,0.0,7.24486,153.43501,0.245
2019-09-01 15:00:00+00:00,24.9,86.546005,0.0,4.6800003,157.3801,0.245
2019-09-01 16:00:00+00:00,24.55,89.45428,0.0,3.4152596,161.56496,0.245
2019-09-01 17:00:00+00:00,24.3,91.63296,0.0,3.6179552,174.2895,0.245
2019-09-01 18:00:00+00:00,24.05,93.29977,0.0,4.829907,206.56499,0.245
2019-09-01 19:00:00+00:00,24.25,92.74664,0.0,4.3349743,228.36655,0.245
2019-09-01 20:00:00+00:00,24.45,94.16777,0.0,5.692099,235.30478,0.245
2019-09-01 21:00:00+00:00,24.3,95.59233,0.0,4.39436,235.0079,0.245
2019-09-01 22:00:00+00:00,24.1,95.87472,0.0,3.8939953,213.6901,0.245
2019-09-01 23:00:00+00:00,25.0,92.22882,0.0,4.6800003,202.6199,0.245
2019-09-02 00:00:00+00:00,26.45,82.36312,0.0,3.396233,212.00534,0.247
2019-09-02 01:00:00+00:00,28.25,70.82576,0.0,4.198285,210.96368,0.246
2019-09-02 02:00:00+00:00,30.05,61.53482,0.0,4.072935,224.9999,0.245
2019-09-02 03:00:00+00:00,31.8,55.516182,0.0,4.510787,241.38963,0.244
2019-09-02 04:00:00+00:00,33.2,51.299706,0.0,4.5536795,251.56496,0.243
2019-09-02 05:00:00+00:00,33.95,48.296318,0.0,3.7064266,240.94548,0.242
2019-09-02 06:00:00+00:00,33.25,49.919556,0.0,8.225035,156.80139,0.24
2019-09-02 07:00:00+00:00,31.15,57.43008,0.1,11.770403,156.57129,0.24
2019-09-02 08:00:00+00:00,31.35,56.089718,0.0,11.966953,158.83867,0.24
2019-09-02 09:00:00+00:00,30.85,58.24304,0.0,10.365251,159.67677,0.239
2019-09-02 10:00:00+00:00,29.1,64.012764,0.0,8.287822,145.6196,0.239
2019-09-02 11:00:00+00:00,27.8,67.987854,0.0,10.948973,136.33215,0.239
2019-09-02 12:00:00+00:00,27.0,75.96501,0.0,5.5887027,194.93147,0.233
2019-09-02 13:00:00+00:00,26.6,79.685394,0.0,4.39436,235.0079,0.233
2019-09-02 14:00:00+00:00,26.95,77.58924,0.0,2.8799999,180.0,0.233
2019-09-02 15:00:00+00:00,26.2,81.34156,0.0,2.8799999,180.0,0.233
2019-09-02 16:00:00+00:00,24.9,87.60315,0.0,3.671294,168.69011,0.233
2019-09-02 17:00:00+00:00,24.65,86.259575,0.0,3.319036,192.5288,0.233
2019-09-02 18:00:00+00:00,24.6,85.209595,0.0,5.04,180.0,0.233
2019-09-02 19:00:00+00:00,24.25,85.95827,0.0,5.8048253,172.87508,0.233
2019-09-02 20:00:00+00:00,23.85,88.3172,0.0,6.9899354,168.11136,0.233
2019-09-02 21:00:00+00:00,23.4,91.299675,0.0,4.6800003,157.3801,0.233
2019-09-02 22:00:00+00:00,23.0,92.39798,0.0,5.00128,149.74365,0.233
2019-09-02 23:00:00+00:00,24.4,84.92922,0.0,5.495161,148.39255,0.233
2019-09-03 00:00:00+00:00,26.55,71.826775,0.0,4.0249224,116.56499,0.232
2019-09-03 01:00:00+00:00,28.75,58.46936,0.0,2.7416782,156.80138,0.232
2019-09-03 02:00:00+00:00,30.55,49.06728,0.0,0.71999997,270.0,0.231
2019-09-03 03:00:00+00:00,31.75,44.55047,0.0,3.219938,296.56497,0.23
2019-09-03 04:00:00+00:00,32.8,41.98381,0.0,3.5455887,293.9625,0.229
2019-09-03 05:00:00+00:00,33.75,39.804676,0.0,4.1046314,307.87503,0.228
2019-09-03 06:00:00+00:00,34.2,38.939247,0.0,5.1165614,320.7106,0.227
2019-09-03 07:00:00+00:00,34.0,40.24908,0.0,6.439876,333.43503,0.226
2019-09-03 08:00:00+00:00,33.3,42.5161,0.0,8.905908,345.9637,0.225
2019-09-03 09:00:00+00:00,31.75,48.168583,0.0,7.9932976,7.7650824,0.224
2019-09-03 10:00:00+00:00,28.9,62.99706,0.0,5.3517847,19.653913,0.224
2019-09-03 11:00:00+00:00,28.6,56.292953,0.0,9.673221,135.0001,0.224
2019-09-03 12:00:00+00:00,28.0,58.292755,0.0,9.387651,122.471176,0.224
2019-09-03 13:00:00+00:00,26.65,64.28182,0.0,9.021574,118.61037,0.224
2019-09-03 14:00:00+00:00,25.55,68.60233,0.0,8.089993,110.854546,0.224
2019-09-03 15:00:00+00:00,24.45,77.936325,0.0,4.39436,124.992096,0.224
2019-09-03 16:00:00+00:00,24.45,82.88089,0.0,8.78872,124.992096,0.224
2019-09-03 17:00:00+00:00,24.05,90.51149,0.0,7.127636,135.0001,0.224
2019-09-03 18:00:00+00:00,23.75,93.56866,0.0,6.4799995,180.0,0.224
2019-09-03 19:00:00+00:00,23.4,95.56314,0.0,6.6185193,157.61983,0.224
2019-09-03 20:00:00+00:00,22.95,97.012596,0.0,4.2136917,160.0168,0.224
2019-09-03 21:00:00+00:00,22.5,97.89343,0.0,4.6938257,147.52882,0.224
2019-09-03 22:00:00+00:00,23.1,95.26313,0.0,2.2768397,198.43504,0.224
2019-09-03 23:00:00+00:00,24.25,90.2506,0.0,2.0364676,224.9999,0.224
2019-09-04 00:00:00+00:00,25.85,82.04186,0.0,8.707237,240.2552,0.224
2019-09-04 01:00:00+00:00,27.65,72.241455,0.0,6.1094027,224.9999,0.224
2019-09-04 02:00:00+00:00,29.7,61.456924,0.0,5.991594,237.26477,0.223
2019-09-04 03:00:00+00:00,31.35,52.748386,0.0,7.9036193,239.9315,0.222
2019-09-04 04:00:00+00:00,32.5,47.91807,0.0,7.729527,242.24155,0.221
2019-09-04 05:00:00+00:00,33.35,44.979046,0.0,6.6087217,240.64233,0.22
2019-09-04 06:00:00+00:00,34.0,41.13911,0.0,5.634891,243.43501,0.219
2019-09-04 07:00:00+00:00,34.05,40.89664,0.0,3.5455887,246.0375,0.218
2019-09-04 08:00:00+00:00,33.55,41.924564,0.0,4.0249224,190.3048,0.218
2019-09-04 09:00:00+00:00,31.95,48.822914,0.0,6.696387,143.74608,0.217
2019-09-04 10:00:00+00:00,29.8,56.933346,0.0,14.512064,133.99501,0.217
2019-09-04 11:00:00+00:00,27.8,64.12942,0.0,10.514218,141.95291,0.217
2019-09-04 12:00:00+00:00,27.0,67.41338,0.0,11.384198,145.30478,0.217
2019-09-04 13:00:00+00:00,26.2,73.10092,0.0,10.163227,157.06787,0.217
2019-09-04 14:00:00+00:00,25.7,79.07899,0.0,10.990322,148.39255,0.217
2019-09-04 15:00:00+00:00,25.25,83.227196,0.0,6.924738,171.02745,0.217
