date,temperature_2m,relative_humidity_2m,precipitation,wind_speed_10m,wind_direction_10m,soil_moisture_0_to_7cm
2019-06-05 17:00:00+00:00,24.5,99.40308,2.0,5.815978,158.19853,0.435
2019-06-05 18:00:00+00:00,24.2,99.70048,0.0,5.1919937,146.3099,0.43
2019-06-05 19:00:00+00:00,23.6,99.69913,0.3,2.2768397,251.56496,0.429
2019-06-05 20:00:00+00:00,23.65,100.0,0.6,3.4152596,251.56496,0.432
2019-06-05 21:00:00+00:00,23.6,100.0,0.3,4.6938252,175.60138,0.431
2019-06-05 22:00:00+00:00,23.45,99.698784,0.3,6.489992,160.55988,0.43
2019-06-05 23:00:00+00:00,23.45,100.0,0.1,7.208994,177.13765,0.428
2019-06-06 00:00:00+00:00,24.5,97.63112,0.0,6.489992,160.55988,0.422
2019-06-06 01:00:00+00:00,25.4,93.6451,0.0,8.557102,157.75093,0.419
2019-06-06 02:00:00+00:00,26.65,88.81012,0.1,9.585739,145.71307,0.418
2019-06-06 03:00:00+00:00,27.6,82.49959,0.1,10.195057,137.86247,0.416
2019-06-06 04:00:00+00:00,28.55,83.10389,0.2,5.8603754,137.4896,0.415
2019-06-06 05:00:00+00:00,28.25,87.62971,0.3,4.198285,149.03632,0.414
2019-06-06 06:00:00+00:00,27.9,90.76725,0.3,1.835647,191.30989,0.414
2019-06-06 07:00:00+00:00,28.95,81.92528,0.3,4.072935,135.0001,0.413
2019-06-06 08:00:00+00:00,26.65,92.59511,3.7,5.634891,26.564985,0.432
2019-06-06 09:00:00+00:00,26.8,93.43134,0.0,1.5273507,224.9999,0.427
2019-06-06 10:00:00+00:00,26.6,97.37926,0.3,1.609969,296.56497,0.426
2019-06-06 11:00:00+00:00,25.85,99.70414,0.0,2.8116899,320.1945,0.423
2019-06-06 12:00:00+00:00,25.45,97.06721,0.3,2.6208394,344.05453,0.422
2019-06-06 13:00:00+00:00,25.5,97.648544,0.0,1.9386592,68.19853,0.419
2019-06-06 14:00:00+00:00,24.75,99.404205,0.4,3.6,180.0,0.42
2019-06-06 15:00:00+00:00,24.65,99.10686,0.0,4.1046314,254.74483,0.418
2019-06-06 16:00:00+00:00,24.15,99.7004,0.5,2.2768397,198.43504,0.421
2019-06-06 17:00:00+00:00,24.0,99.70004,0.4,4.6938257,237.52882,0.423
2019-06-06 18:00:00+00:00,23.6,100.0,1.0,5.154415,245.22488,0.433
2019-06-06 19:00:00+00:00,23.5,99.69893,1.2,5.3517847,227.72638,0.436
2019-06-06 20:00:00+00:00,23.4,100.0,0.3,2.5455842,188.13002,0.431
2019-06-06 21:00:00+00:00,23.4,99.398186,0.1,1.484318,104.03627,0.428
2019-06-06 22:00:00+00:00,22.85,100.0,0.0,3.0547013,224.9999,0.425
2019-06-06 23:00:00+00:00,23.1,100.0,0.0,6.489992,213.6901,0.422
2019-06-07 00:00:00+00:00,23.45,98.79999,0.0,5.95906,205.01686,0.421
2019-06-07 01:00:00+00:00,24.75,92.49345,0.0,7.342588,191.30989,0.419
2019-06-07 02:00:00+00:00,25.65,89.53603,0.0,7.342588,168.69011,0.417
2019-06-07 03:00:00+00:00,26.45,88.52893,0.0,4.829907,153.43501,0.415
2019-06-07 04:00:00+00:00,27.1,88.58099,0.1,3.0547013,135.0001,0.413
2019-06-07 05:00:00+00:00,27.05,90.17381,0.2,3.671294,78.6901,0.413
2019-06-07 06:00:00+00:00,27.8,87.07234,0.2,4.39436,55.0079,0.412
2019-06-07 07:00:00+00:00,27.3,88.86092,0.1,3.5455887,66.037506,0.411
2019-06-07 08:00:00+00:00,27.25,88.06693,0.2,1.5273507,135.0001,0.41
2019-06-07 09:00:00+00:00,27.45,87.300575,0.0,2.7416782,203.19862,0.408
2019-06-07 10:00:00+00:00,27.3,89.656975,0.0,3.563818,224.9999,0.407
2019-06-07 11:00:00+00:00,26.3,95.372604,0.0,3.7585104,253.30067,0.406
2019-06-07 12:00:00+00:00,26.05,98.23899,0.0,3.096837,234.46223,0.408
2019-06-07 13:00:00+00:00,25.55,98.8186,0.0,3.319036,192.5288,0.407
2019-06-07 14:00:00+00:00,25.1,99.70247,0.0,3.319036,139.39879,0.406
2019-06-07 15:00:00+00:00,25.2,99.7027,0.0,2.6208394,105.945465,0.405
2019-06-07 16:00:00+00:00,24.95,98.22459,0.1,5.00128,120.256355,0.405
2019-06-07 17:00:00+00:00,24.85,97.63724,0.0,3.671294,168.69011,0.405
2019-06-07 18:00:00+00:00,24.55,97.632,0.1,5.771239,176.42374,0.404
2019-06-07 19:00:00+00:00,24.25,97.33354,0.1,4.68,180.0,0.405
2019-06-07 20:00:00+00:00,23.65,98.504196,0.3,3.219938,206.56499,0.406
2019-06-07 21:00:00+00:00,23.95,95.29257,0.5,4.3349743,131.63345,0.409
2019-06-07 22:00:00+00:00,23.8,96.155914,0.1,5.4477882,172.40544,0.409
2019-06-07 23:00:00+00:00,23.5,97.90905,0.0,5.0911684,171.86998,0.408
2019-06-08 00:00:00+00:00,24.05,97.32964,0.0,5.495161,148.39255,0.405
2019-06-08 01:00:00+00:00,24.65,94.74496,0.0,7.145796,139.08571,0.404
2019-06-08 02:00:00+00:00,25.5,91.704544,0.1,7.10031,149.53453,0.404
2019-06-08 03:00:00+00:00,26.8,86.98249,0.1,7.4128532,150.9455,0.404
2019-06-08 04:00:00+00:00,27.6,82.25275,0.2,7.289445,147.09476,0.404
2019-06-08 05:00:00+00:00,28.6,77.133255,0.2,7.2,143.13002,0.403
2019-06-08 06:00:00+00:00,29.15,74.49044,0.2,7.8954163,136.8476,0.401
2019-06-08 07:00:00+00:00,29.5,77.03661,0.1,7.386582,136.97493,0.399
2019-06-08 08:00:00+00:00,28.2,81.83432,0.3,9.826088,118.442825,0.4
2019-06-08 09:00:00+00:00,27.75,83.5101,0.0,7.8954163,114.22774,0.398
2019-06-08 10:00:00+00:00,27.45,85.75296,0.0,6.297428,120.963684,0.397
2019-06-08 11:00:00+00:00,26.4,90.66884,0.0,7.127636,135.0001,0.396
2019-06-08 12:00:00+00:00,25.8,94.50627,0.0,4.198285,120.96369,0.4
2019-06-08 13:00:00+00:00,25.65,95.9213,0.0,3.671294,101.3099,0.4
2019-06-08 14:00:00+00:00,25.3,97.06397,0.0,5.1544156,102.09474,0.399
2019-06-08 15:00:00+00:00,25.1,97.05965,0.0,4.73506,98.74608,0.398
2019-06-08 16:00:00+00:00,24.95,97.05639,0.0,6.489992,109.440125,0.398
2019-06-08 17:00:00+00:00,24.75,97.34337,0.0,5.6233797,129.80553,0.397
2019-06-08 18:00:00+00:00,24.45,97.92375,0.0,6.638072,139.39879,0.396
2019-06-08 19:00:00+00:00,24.2,98.51031,0.0,6.297428,149.03632,0.396
2019-06-08 20:00:00+00:00,24.0,98.80488,0.0,6.28713,156.3706,0.395
2019-06-08 21:00:00+00:00,23.9,98.80404,0.0,6.9527545,158.74942,0.395
2019-06-08 22:00:00+00:00,23.85,98.80356,0.0,7.072878,165.2564,0.394
2019-06-08 23:00:00+00:00,23.7,99.100464,0.0,6.519877,173.6599,0.394
2019-06-09 00:00:00+00:00,25.05,95.0449,0.0,5.771239,176.42374,0.393
2019-06-09 01:00:00+00:00,26.65,88.54504,0.0,6.28713,166.75948,0.392
2019-06-09 02:00:00+00:00,27.8,82.276665,0.1,8.089993,159.14546,0.391
2019-06-09 03:00:00+00:00,28.55,83.10389,0.2,7.386582,136.97493,0.391
2019-06-09 04:00:00+00:00,29.5,81.99161,0.1,5.1165614,129.28938,0.39
2019-06-09 05:00:00+00:00,29.7,75.9272,0.2,8.209263,105.25517,0.389
2019-06-09 06:00:00+00:00,28.5,81.3843,6.7,5.4477882,7.59456,0.439
2019-06-09 07:00:00+00:00,27.6,89.148384,1.5,4.3498964,65.55606,0.433
2019-06-09 08:00:00+00:00,26.45,92.0345,2.1,7.8625183,105.945465,0.429
2019-06-09 09:00:00+00:00,26.45,93.41479,0.3,3.8268526,48.814175,0.426
2019-06-09 10:00:00+00:00,26.8,93.70891,0.0,3.8268526,131.18582,0.422
2019-06-09 11:00:00+00:00,25.95,90.910965,0.2,5.8048253,119.74479,0.421
2019-06-09 12:00:00+00:00,25.9,97.36579,0.0,5.154415,114.775116,0.413
2019-06-09 13:00:00+00:00,25.65,97.360954,0.0,4.802999,102.99462,0.411
2019-06-09 14:00:00+00:00,25.25,96.77336,0.0,4.0249224,100.30479,0.409
2019-06-09 15:00:00+00:00,25.05,96.47948,0.0,6.0347,107.35411,0.408
2019-06-09 16:00:00+00:00,24.75,97.05206,0.0,5.95906,115.01687,0.407
2019-06-09 17:00:00+00:00,24.6,97.34044,0.0,5.8603754,132.5104,0.405
2019-06-09 18:00:00+00:00,24.4,97.629395,0.0,4.3349743,138.36655,0.404
2019-06-09 19:00:00+00:00,24.1,99.103165,0.0,6.162207,173.29025,0.404
2019-06-09 20:00:00+00:00,24.0,99.102486,0.0,5.771239,176.42374,0.403
2019-06-09 21:00:00+00:00,23.85,98.80356,0.1,4.379589,189.46225,0.403
2019-06-09 22:00:00+00:00,23.85,98.80356,0.0,5.2416787,195.94547,0.402
2019-06-09 23:00:00+00:00,23.9,99.10186,0.0,5.495161,211.60745,0.401
2019-06-10 00:00:00+00:00,24.45,97.33751,0.0,5.6920996,198.43504,0.411
2019-06-10 01:00:00+00:00,25.45,95.05928,0.1,7.5942073,185.44025,0.41
2019-06-10 02:00:00+00:00,26.65,90.41537,0.3,9.255571,166.50426,0.411
2019-06-10 03:00:00+00:00,27.95,84.282974,0.2,6.439876,153.43501,0.41
2019-06-10 04:00:00+00:00,28.8,79.97974,0.1,4.6102495,141.34016,0.408
2019-06-10 05:00:00+00:00,29.55,73.66805,0.3,5.1165614,140.71062,0.407
2019-06-10 06:00:00+00:00,29.7,73.25314,0.1,5.0911684,135.0001,0.404
2019-06-10 07:00:00+00:00,30.2,70.540924,0.1,6.193674,125.537766,0.402
2019-06-10 08:00:00+00:00,30.05,72.65788,0.2,4.829907,116.56499,0.401
2019-06-10 09:00:00+00:00,29.4,78.64438,0.1,5.00128,120.256355,0.399
2019-06-10 10:00:00+00:00,28.9,83.88602,0.0,3.671294,101.3099,0.398
2019-06-10 11:00:00+00:00,27.25,94.84306,0.0,4.379589,99.46225,0.397
2019-06-10 12:00:00+00:00,27.1,91.79864,0.0,5.4119864,93.814,0.397
2019-06-10 13:00:00+00:00,26.85,89.0912,0.0,7.5599995,90.0,0.396
2019-06-10 14:00:00+00:00,26.25,91.202446,0.0,7.5685663,87.27374,0.396
2019-06-10 15:00:00+00:00,25.9,94.228745,0.0,7.771331,103.39252,0.395
2019-06-10 16:00:00+00:00,25.7,95.6372,0.0,7.289445,122.90524,0.395
2019-06-10 17:00:00+00:00,25.4,95.91385,0.0,7.289445,122.90524,0.394
2019-06-10 18:00:00+00:00,25.15,96.482025,0.0,7.491114,125.21768,0.394
2019-06-10 19:00:00+00:00,24.9,97.34636,0.0,8.161764,131.42357,0.393
2019-06-10 20:00:00+00:00,24.8,98.22266,0.0,7.653705,131.18582,0.393
2019-06-10 21:00:00+00:00,24.7,98.51584,0.0,7.145796,139.08571,0.392
2019-06-10 22:00:00+00:00,24.65,98.515274,0.0,7.145796,139.08571,0.392
2019-06-10 23:00:00+00:00,24.65,98.515274,0.0,8.534353,152.35411,0.392
2019-06-11 00:00:00+00:00,25.75,93.38156,0.0,7.5685663,154.65387,0.391
2019-06-11 01:00:00+00:00,27.15,87.274155,0.0,8.427383,160.0168,0.391
2019-06-11 02:00:00+00:00,28.15,85.31301,0.1,6.830519,161.56496,0.39
2019-06-11 03:00:00+00:00,28.85,80.704216,0.2,6.638072,139.39879,0.391
2019-06-11 04:00:00+00:00,26.95,91.51763,6.8,4.2136917,109.98319,0.429
2019-06-11 05:00:00+00:00,28.4,90.53289,0.3,5.00128,149.74365,0.425
2019-06-11 06:00:00+00:00,27.75,85.52719,3.5,12.768586,111.501495,0.433
2019-06-11 07:00:00+00:00,26.7,91.2305,0.4,4.3498964,114.44395,0.427
2019-06-11 08:00:00+00:00,28.2,85.06496,0.0,7.145796,130.91429,0.423
2019-06-11 09:00:00+00:00,26.75,89.8846,0.5,6.8777895,137.12111,0.422
2019-06-11 10:00:00+00:00,26.8,93.15453,0.2,4.802999,167.00539,0.42
2019-06-11 11:00:00+00:00,25.5,94.49428,0.6,7.24486,153.43501,0.422
2019-06-11 12:00:00+00:00,25.25,98.815926,2.2,7.5685663,154.65387,0.428
2019-06-11 13:00:00+00:00,25.5,97.648544,0.0,4.1046314,164.74483,0.423
2019-06-11 14:00:00+00:00,25.25,97.93597,0.5,2.5455842,224.9999,0.425
2019-06-11 15:00:00+00:00,25.05,99.702415,1.1,1.9386592,68.19853,0.43
2019-06-11 16:00:00+00:00,25.0,99.70229,0.3,6.297428,149.03632,0.428
2019-06-11 17:00:00+00:00,24.95,99.70213,0.2,4.5536795,161.56496,0.425
2019-06-11 18:00:00+00:00,24.85,99.701935,0.2,3.396233,147.99466,0.424
2019-06-11 19:00:00+00:00,24.75,99.70171,0.1,3.7585104,163.30067,0.423
2019-06-11 20:00:00+00:00,24.45,100.0,0.1,2.968636,194.03627,0.421
2019-06-11 21:00:00+00:00,24.45,100.0,0.1,3.0547013,224.9999,0.419
2019-06-11 22:00:00+00:00,24.45,100.0,0.1,5.692099,214.69522,0.418
2019-06-11 23:00:00+00:00,24.1,99.70024,1.1,5.3517847,199.65392,0.43
2019-06-12 00:00:00+00:00,24.55,98.80982,0.2,6.3690495,227.29063,0.435
2019-06-12 01:00:00+00:00,24.9,97.63814,0.1,5.8048253,240.2552,0.43
2019-06-12 02:00:00+00:00,25.9,92.00319,0.0,4.6102495,218.65984,0.426
2019-06-12 03:00:00+00:00,26.8,93.98717,0.2,2.4149535,206.56499,0.424
2019-06-12 04:00:00+00:00,27.65,87.57815,0.4,2.4149535,153.43501,0.423
2019-06-12 05:00:00+00:00,27.15,94.00229,1.2,2.968636,165.96373,0.428
2019-06-12 06:00:00+00:00,28.2,91.592476,0.5,2.0364676,224.9999,0.428
2019-06-12 07:00:00+00:00,26.9,94.549805,4.8,6.8777895,132.87889,0.439
2019-06-12 08:00:00+00:00,26.75,93.42898,1.4,4.6938252,184.39862,0.432
2019-06-12 09:00:00+00:00,26.8,92.32836,0.1,5.315336,151.69934,0.427
2019-06-12 10:00:00+00:00,26.15,95.084335,0.3,7.342588,168.69011,0.425
2019-06-12 11:00:00+00:00,25.35,99.70303,0.5,5.3999996,180.0,0.426
2019-06-12 12:00:00+00:00,25.15,98.22726,0.6,4.6938257,147.52882,0.433
2019-06-12 13:00:00+00:00,24.65,99.701515,1.9,3.219938,153.43501,0.436
2019-06-12 14:00:00+00:00,24.55,99.70131,1.1,3.6179552,174.2895,0.438
2019-06-12 15:00:00+00:00,24.4,100.0,0.7,4.379589,170.53775,0.436
2019-06-12 16:00:00+00:00,24.4,99.70097,0.4,6.162207,173.29025,0.434
2019-06-12 17:00:00+00:00,24.5,98.21868,0.5,8.350138,172.56868,0.428
2019-06-12 18:00:00+00:00,24.35,98.51197,0.0,7.42159,165.96373,0.424
2019-06-12 19:00:00+00:00,24.3,98.51141,0.0,7.6367526,171.86998,0.421
2019-06-12 20:00:00+00:00,24.15,98.80626,0.0,5.4833565,156.80138,0.419
2019-06-12 21:00:00+00:00,23.95,98.804474,0.0,6.151683,159.44388,0.417
2019-06-12 22:00:00+00:00,23.95,98.507545,0.0,6.162207,173.29025,0.415
2019-06-12 23:00:00+00:00,23.85,98.80356,0.0,6.725354,164.47583,0.414
2019-06-13 00:00:00+00:00,24.8,97.05314,0.0,4.8965297,143.97253,0.41
2019-06-13 01:00:00+00:00,26.2,93.124985,0.0,10.44,133.60289,0.409
2019-06-13 02:00:00+00:00,26.95,89.364815,0.0,11.457958,133.72705,0.408
2019-06-13 03:00:00+00:00,27.75,84.76585,0.1,11.885453,125.13428,0.407
2019-06-13 04:00:00+00:00,28.5,79.93995,0.0,12.10157,120.37905,0.406
2019-06-13 05:00:00+00:00,29.05,77.89497,0.2,11.27553,106.699326,0.405
2019-06-13 06:00:00+00:00,29.6,75.23497,0.1,8.905908,104.03627,0.404
2019-06-13 07:00:00+00:00,27.25,87.28298,4.5,9.659814,116.56499,0.439
2019-06-13 08:00:00+00:00,26.5,91.76353,0.1,7.653705,138.81418,0.427
2019-06-13 09:00:00+00:00,27.2,88.32555,0.1,6.763786,154.7989,0.424
2019-06-13 10:00:00+00:00,26.55,89.3349,0.7,4.3349743,131.63345,0.426
2019-06-13 11:00:00+00:00,25.6,96.493614,0.0,2.8116899,129.80553,0.423
2019-06-13 12:00:00+00:00,25.75,97.073654,0.1,5.6233797,140.19447,0.414
2019-06-13 13:00:00+00:00,25.6,96.781624,0.0,3.8268526,138.81418,0.412
2019-06-13 14:00:00+00:00,25.05,97.34929,0.0,4.1046314,142.12495,0.411
2019-06-13 15:00:00+00:00,25.05,97.64073,0.0,6.4096174,141.84273,0.409
2019-06-13 16:00:00+00:00,24.8,97.92913,0.0,6.28713,156.3706,0.408
2019-06-13 17:00:00+00:00,24.55,98.219376,0.0,6.0347,162.64589,0.407
2019-06-13 18:00:00+00:00,24.5,98.513626,0.0,5.815978,158.19853,0.406
2019-06-13 19:00:00+00:00,24.35,98.808,0.0,3.671294,168.69011,0.405
2019-06-13 20:00:00+00:00,23.9,98.80404,0.0,4.3349743,175.23645,0.404
2019-06-13 21:00:00+00:00,23.45,99.09878,0.0,4.3349743,184.76355,0.403
2019-06-13 22:00:00+00:00,22.95,99.69767,0.0,4.379589,170.53775,0.403
2019-06-13 23:00:00+00:00,23.2,99.39728,0.0,4.452954,165.96373,0.402
2019-06-14 00:00:00+00:00,24.4,97.629395,0.0,5.00128,210.25635,0.398
2019-06-14 01:00:00+00:00,25.8,93.66344,0.0,4.510787,208.61037,0.398
2019-06-14 02:00:00+00:00,27.0,88.04611,0.0,4.1046314,195.25517,0.397
2019-06-14 03:00:00+00:00,28.4,79.92668,0.0,4.379589,170.53775,0.396
2019-06-14 04:00:00+00:00,29.45,73.65135,0.0,5.4833565,156.80138,0.393
2019-06-14 05:00:00+00:00,30.45,68.09133,0.0,6.297428,149.03632,0.391
2019-06-14 06:00:00+00:00,30.65,64.926414,0.0,6.1305785,139.76372,0.388
2019-06-14 07:00:00+00:00,30.9,64.00563,0.0,6.1094027,135.0001,0.385
2019-06-14 08:00:00+00:00,30.6,65.50657,0.1,7.42159,157.1663,0.384
2019-06-14 09:00:00+00:00,29.7,72.81558,0.0,9.0645685,173.15732,0.382
2019-06-14 10:00:00+00:00,28.45,83.339966,0.0,9.36,180.0,0.381
2019-06-14 11:00:00+00:00,26.95,88.569016,0.0,7.5685663,177.27374,0.381
2019-06-14 12:00:00+00:00,26.65,91.77238,0.0,8.647496,182.3859,0.365
2019-06-14 13:00:00+00:00,26.4,92.85798,0.0,6.9527545,158.74942,0.365
2019-06-14 14:00:00+00:00,25.95,94.23084,0.0,7.289445,147.09476,0.366
2019-06-14 15:00:00+00:00,25.7,94.78488,0.0,7.491114,125.21768,0.366
2019-06-14 16:00:00+00:00,25.4,95.34221,0.0,6.763786,115.20109,0.367
2019-06-14 17:00:00+00:00,25.2,95.05029,0.0,6.792466,122.00535,0.367
2019-06-14 18:00:00+00:00,25.0,95.32858,0.0,7.289445,122.90524,0.367
2019-06-14 19:00:00+00:00,24.85,95.897354,0.0,7.145796,130.91429,0.368
2019-06-14 20:00:00+00:00,24.55,97.3395,0.0,6.618519,135.0001,0.368
2019-06-14 21:00:00+00:00,24.45,97.33751,0.0,6.696387,126.25393,0.368
2019-06-14 22:00:00+00:00,24.45,96.75432,0.0,6.696387,126.25393,0.368
2019-06-14 23:00:00+00:00,24.4,96.4626,0.0,6.989936,124.50858,0.368
2019-06-15 00:00:00+00:00,25.0,94.474266,0.0,6.696387,126.25393,0.369
2019-06-15 01:00:00+00:00,26.35,91.48137,0.0,6.1094027,135.0001,0.369
2019-06-15 02:00:00+00:00,27.65,85.51727,0.1,7.6367526,135.0001,0.369
2019-06-15 03:00:00+00:00,28.45,84.58704,0.3,5.991594,147.26479,0.37
2019-06-15 04:00:00+00:00,28.95,85.14116,0.4,3.7064266,150.9455,0.372
2019-06-15 05:00:00+00:00,29.85,83.496445,0.5,1.8,143.13002,0.374
2019-06-15 06:00:00+00:00,28.75,82.14492,0.4,6.87779,173.99109,0.376
2019-06-15 07:00:00+00:00,25.8,94.78867,6.8,5.0142193,201.03758,0.431
2019-06-15 08:00:00+00:00,27.15,89.379776,0.0,3.319036,257.4712,0.422
2019-06-15 09:00:00+00:00,26.9,92.88351,0.2,5.0911684,135.0001,0.418
2019-06-15 10:00:00+00:00,25.8,96.49876,2.9,1.609969,296.56497,0.425
2019-06-15 11:00:00+00:00,25.35,99.70303,0.1,3.671294,191.30989,0.42
2019-06-15 12:00:00+00:00,25.95,97.94661,0.0,4.0249224,206.56499,0.407
2019-06-15 13:00:00+00:00,25.4,98.523506,0.0,3.6179552,185.7105,0.405
2019-06-15 14:00:00+00:00,24.95,99.4051,0.0,1.8,36.86999,0.403
2019-06-15 15:00:00+00:00,24.75,98.22198,1.2,9.0,90.0,0.416
2019-06-15 16:00:00+00:00,23.9,99.69984,0.6,4.198285,120.96369,0.418
2019-06-15 17:00:00+00:00,23.95,97.62143,0.0,6.489992,146.3099,0.414
2019-06-15 18:00:00+00:00,23.8,98.20943,0.1,8.473393,167.73524,0.412
2019-06-15 19:00:00+00:00,23.6,97.91062,0.2,4.896529,162.89719,0.411
2019-06-15 20:00:00+00:00,23.4,98.50142,0.0,5.3999996,180.0,0.408
2019-06-15 21:00:00+00:00,23.4,98.204094,0.0,4.2136917,160.0168,0.406
2019-06-15 22:00:00+00:00,23.3,99.0978,0.0,5.771239,176.42374,0.404
2019-06-15 23:00:00+00:00,23.45,99.09878,0.0,5.6920996,161.56496,0.402
2019-06-16 00:00:00+00:00,24.3,96.75078,0.0,8.699793,155.55606,0.402
2019-06-16 01:00:00+00:00,25.2,92.79616,0.0,12.879752,153.43501,0.4
2019-06-16 02:00:00+00:00,26.1,88.76684,0.0,12.397806,154.17906,0.399
2019-06-16 03:00:00+00:00,26.75,85.42745,0.0,11.726277,162.12122,0.397
2019-06-16 04:00:00+00:00,27.8,80.569016,0.1,10.538843,172.14677,0.396
2019-06-16 05:00:00+00:00,28.6,76.21282,0.2,9.178235,168.69011,0.396
2019-06-16 06:00:00+00:00,29.05,74.698074,0.5,6.9247384,152.10283,0.396
2019-06-16 07:00:00+00:00,28.6,77.133255,0.3,6.989936,145.49142,0.396
2019-06-16 08:00:00+00:00,27.8,81.05373,0.1,6.696387,126.25393,0.395
2019-06-16 09:00:00+00:00,27.3,84.71895,0.2,8.161764,138.57643,0.394
2019-06-16 10:00:00+00:00,26.7,90.41871,0.6,6.989936,145.49142,0.397
2019-06-16 11:00:00+00:00,26.0,95.078964,0.9,6.193674,144.46223,0.403
2019-06-16 12:00:00+00:00,25.8,92.827156,0.1,5.1165614,140.71062,0.395
2019-06-16 13:00:00+00:00,25.75,92.547195,0.0,4.8965297,126.027466,0.394
2019-06-16 14:00:00+00:00,25.45,93.6474,0.0,8.209263,127.875046,0.393
2019-06-16 15:00:00+00:00,25.05,95.9034,0.0,8.209263,142.12495,0.392
2019-06-16 16:00:00+00:00,24.6,97.92605,0.0,7.8954163,155.77226,0.392
2019-06-16 17:00:00+00:00,24.45,98.21801,0.0,7.754637,158.19853,0.391
2019-06-16 18:00:00+00:00,24.4,98.21739,0.0,7.342588,168.69011,0.39
2019-06-16 19:00:00+00:00,24.15,98.50975,0.0,7.2805495,171.46931,0.39
2019-06-16 20:00:00+00:00,24.05,98.50865,0.0,7.42159,165.96373,0.389
2019-06-16 21:00:00+00:00,23.95,98.804474,0.0,6.1094027,135.0001,0.389
2019-06-16 22:00:00+00:00,23.9,99.10186,0.0,6.193674,144.46223,0.388
2019-06-16 23:00:00+00:00,24.0,98.80488,0.0,7.127636,135.0001,0.387
2019-06-17 00:00:00+00:00,24.7,97.05098,0.0,5.634891,153.43501,0.387
2019-06-17 01:00:00+00:00,26.2,90.65555,0.0,9.220499,141.34016,0.387
2019-06-17 02:00:00+00:00,27.0,90.70836,0.1,6.9153743,141.34016,0.386
2019-06-17 03:00:00+00:00,28.3,86.859375,0.1,4.5820518,135.0001,0.385
2019-06-17 04:00:00+00:00,29.0,84.895065,0.2,5.1165614,129.28938,0.385
2019-06-17 05:00:00+00:00,28.6,87.40124,0.3,5.154415,155.22488,0.386
2019-06-17 06:00:00+00:00,28.9,85.1361,0.5,2.9024127,82.875084,0.388
2019-06-17 07:00:00+00:00,27.05,89.37229,5.8,4.39436,124.992096,0.427
2019-06-17 08:00:00+00:00,28.15,90.51622,0.1,2.6208394,164.05453,0.421
2019-06-17 09:00:00+00:00,26.9,95.95827,0.2,3.7585104,196.69933,0.417
2019-06-17 10:00:00+00:00,26.6,98.24607,0.3,2.1897945,80.53775,0.415
2019-06-17 11:00:00+00:00,26.1,92.84259,0.4,3.2399998,90.0,0.415
2019-06-17 12:00:00+00:00,25.7,97.36191,0.0,4.5536795,108.43504,0.387
2019-06-17 13:00:00+00:00,25.85,98.23636,0.0,5.2416787,105.945465,0.386
2019-06-17 14:00:00+00:00,25.5,97.648544,0.1,7.342588,101.3099,0.386
2019-06-17 15:00:00+00:00,24.75,98.22198,0.2,5.1544156,77.90526,0.387
2019-06-17 16:00:00+00:00,25.0,97.34826,0.0,6.12,118.072395,0.386
2019-06-17 17:00:00+00:00,24.4,98.80849,0.6,3.6,180.0,0.39
2019-06-17 18:00:00+00:00,24.1,99.70024,0.8,0.5091169,315.0001,0.398
2019-06-17 19:00:00+00:00,23.95,99.69991,0.0,2.4149535,63.435013,0.396
2019-06-17 20:00:00+00:00,24.1,99.70024,0.0,2.8116899,140.19447,0.395
2019-06-17 21:00:00+00:00,23.9,100.0,0.0,2.6208394,195.94547,0.394
2019-06-17 22:00:00+00:00,23.75,99.69948,0.1,4.0249224,169.6952,0.395
2019-06-17 23:00:00+00:00,23.8,99.69963,0.2,3.319036,130.60121,0.397
2019-06-18 00:00:00+00:00,24.55,98.51418,1.5,5.95906,154.98314,0.402
2019-06-18 01:00:00+00:00,25.6,96.206345,0.1,5.3517847,160.34608,0.4
2019-06-18 02:00:00+00:00,26.65,96.2353,0.1,3.2599385,186.3401,0.399
2019-06-18 03:00:00+00:00,27.7,93.47355,0.4,1.609969,206.56499,0.4
2019-06-18 04:00:00+00:00,26.65,94.539955,1.2,0.35999998,270.0,0.408
2019-06-18 05:00:00+00:00,27.1,95.96408,0.3,1.4399999,360.0,0.407
2019-06-18 06:00:00+00:00,28.35,81.608765,0.1,5.506941,78.6901,0.404
2019-06-18 07:00:00+00:00,28.35,81.36563,0.1,3.319036,40.601215,0.401
2019-06-18 08:00:00+00:00,28.4,82.103,0.1,2.1897945,80.53775,0.399
2019-06-18 09:00:00+00:00,27.15,84.19712,0.8,3.396233,57.99466,0.402
2019-06-18 10:00:00+00:00,26.4,93.13487,0.1,1.2979984,123.690094,0.401
2019-06-18 11:00:00+00:00,25.75,97.073654,0.0,5.154415,114.775116,0.399
2019-06-18 12:00:00+00:00,25.5,100.0,0.0,2.9024127,119.74479,0.395
2019-06-18 13:00:00+00:00,25.35,99.406876,0.0,5.00128,149.74365,0.394
2019-06-18 14:00:00+00:00,25.2,98.81552,0.0,6.151683,159.44388,0.393
2019-06-18 15:00:00+00:00,24.9,98.8129,0.1,7.2,143.13002,0.392
2019-06-18 16:00:00+00:00,24.75,98.51639,0.0,5.4833565,156.80138,0.391
2019-06-18 17:00:00+00:00,24.6,99.10651,0.4,6.439876,206.56499,0.393
2019-06-18 18:00:00+00:00,24.35,99.40244,0.0,6.763786,205.2011,0.392
2019-06-18 19:00:00+00:00,23.7,99.100464,0.0,4.802999,167.00539,0.391
2019-06-18 20:00:00+00:00,24.15,98.21406,0.0,4.510787,118.61037,0.39
2019-06-18 21:00:00+00:00,23.6,98.80132,0.0,5.00128,120.256355,0.389
2019-06-18 22:00:00+00:00,23.3,99.0978,0.0,4.3349743,85.23644,0.388
2019-06-18 23:00:00+00:00,23.15,99.09681,0.0,3.9763298,174.80566,0.388
2019-06-19 00:00:00+00:00,24.4,98.21739,0.0,3.8268526,138.81418,0.383
2019-06-19 01:00:00+00:00,25.55,94.49632,0.0,3.096837,144.46223,0.383
2019-06-19 02:00:00+00:00,27.25,84.71371,0.1,7.2,143.13002,0.382
2019-06-19 03:00:00+00:00,27.85,81.30327,0.2,8.39657,149.03632,0.382
2019-06-19 04:00:00+00:00,28.85,75.11572,0.1,8.587338,146.97614,0.381
2019-06-19 05:00:00+00:00,29.8,70.68009,0.1,8.287822,145.6196,0.378
2019-06-19 06:00:00+00:00,30.25,69.91826,0.0,8.161764,138.57643,0.376
2019-06-19 07:00:00+00:00,28.4,76.641556,0.4,5.815978,111.801476,0.377
2019-06-19 08:00:00+00:00,27.2,82.452286,0.4,8.707237,119.74479,0.379
2019-06-19 09:00:00+00:00,27.05,85.45747,0.1,4.8433046,48.01287,0.379
2019-06-19 10:00:00+00:00,26.2,92.02029,1.1,4.3349743,48.366554,0.386
2019-06-19 11:00:00+00:00,25.55,96.78048,0.4,5.04,90.0,0.388
2019-06-19 12:00:00+00:00,25.5,96.20355,0.0,3.96,90.0,0.388
2019-06-19 13:00:00+00:00,25.45,96.48975,0.0,4.6938252,85.60138,0.387
2019-06-19 14:00:00+00:00,25.1,97.64158,0.0,6.2145634,100.00792,0.386
2019-06-19 15:00:00+00:00,24.9,97.63814,0.0,7.289445,122.90524,0.386
2019-06-19 16:00:00+00:00,24.55,97.632,0.0,7.7879906,123.6901,0.385
2019-06-19 17:00:00+00:00,24.4,97.92297,0.0,6.638072,139.39879,0.384
2019-06-19 18:00:00+00:00,24.3,98.51141,0.0,6.489992,160.55988,0.383
2019-06-19 19:00:00+00:00,24.2,98.51031,0.0,6.830519,161.56496,0.383
2019-06-19 20:00:00+00:00,24.05,98.80537,0.0,6.830519,161.56496,0.382
2019-06-19 21:00:00+00:00,24.05,98.80537,0.0,8.891344,158.62932,0.382
2019-06-19 22:00:00+00:00,24.05,98.80537,0.0,7.8954163,155.77226,0.381
2019-06-19 23:00:00+00:00,23.95,98.804474,0.0,7.42159,157.1663,0.38
2019-06-20 00:00:00+00:00,24.45,97.92375,0.0,7.42159,165.96373,0.378
2019-06-20 01:00:00+00:00,25.55,94.77922,0.0,10.966713,156.80138,0.378
2019-06-20 02:00:00+00:00,26.7,88.2847,0.0,12.599998,143.13002,0.378
2019-06-20 03:00:00+00:00,28.05,80.3603,0.1,13.004922,138.36655,0.377
2019-06-20 04:00:00+00:00,29.3,73.626305,0.1,11.720751,137.4896,0.376
2019-06-20 05:00:00+00:00,30.1,70.94697,0.4,10.948973,133.66785,0.377
2019-06-20 06:00:00+00:00,30.65,72.977486,0.1,9.0,126.86999,0.375
2019-06-20 07:00:00+00:00,30.95,73.24541,0.1,6.1305785,130.23628,0.373
2019-06-20 08:00:00+00:00,30.45,73.16118,0.1,6.830519,108.43504,0.371
2019-06-20 09:00:00+00:00,27.15,90.18074,2.2,5.00128,59.743652,0.387
2019-06-20 10:00:00+00:00,26.7,93.98279,0.3,4.5536795,71.564964,0.388
2019-06-20 11:00:00+00:00,25.55,99.99999,0.1,2.5455842,81.86999,0.388
2019-06-20 12:00:00+00:00,26.3,97.085434,0.8,4.39436,55.0079,0.381
2019-06-20 13:00:00+00:00,25.85,97.94511,0.9,3.0758414,20.556128,0.391
2019-06-20 14:00:00+00:00,25.4,100.0,1.1,3.8773184,338.19852,0.403
2019-06-20 15:00:00+00:00,24.9,99.70208,0.9,4.829907,333.43503,0.412
2019-06-20 16:00:00+00:00,24.5,99.701164,2.0,5.495161,328.39255,0.43
2019-06-20 17:00:00+00:00,24.2,100.0,0.6,2.9024127,299.74478,0.424
2019-06-20 18:00:00+00:00,23.95,100.0,0.0,2.968636,284.03625,0.417
2019-06-20 19:00:00+00:00,23.8,99.69963,0.0,2.7416782,246.80138,0.412
2019-06-20 20:00:00+00:00,23.7,100.0,0.0,1.9386592,201.80147,0.409
2019-06-20 21:00:00+00:00,23.8,99.40001,0.0,4.0249224,206.56499,0.406
2019-06-20 22:00:00+00:00,23.7,99.39953,0.0,2.968636,165.96373,0.404
2019-06-20 23:00:00+00:00,23.45,100.0,0.0,4.6938257,212.47118,0.402
2019-06-21 00:00:00+00:00,24.45,98.8089,0.0,2.7416782,246.80138,0.418
2019-06-21 01:00:00+00:00,25.5,96.49103,0.0,4.5820518,224.9999,0.414
2019-06-21 02:00:00+00:00,26.7,93.1496,0.2,4.1046314,217.87505,0.412
2019-06-21 03:00:00+00:00,26.95,94.83186,0.4,3.8773184,201.80147,0.412
2019-06-21 04:00:00+00:00,27.2,89.117966,0.5,1.1384199,108.43504,0.412
2019-06-21 05:00:00+00:00,27.6,89.41322,0.4,1.9386592,158.19853,0.412
2019-06-21 06:00:00+00:00,28.05,88.39451,0.2,2.2768397,108.43504,0.409
2019-06-21 07:00:00+00:00,28.05,86.32278,0.1,0.0,270.0,0.407
2019-06-21 08:00:00+00:00,27.85,85.2828,0.1,2.0364676,315.0001,0.405
2019-06-21 09:00:00+00:00,26.7,91.2305,0.8,2.5455842,351.87,0.408
2019-06-21 10:00:00+00:00,26.3,93.68624,0.1,2.9024127,60.255207,0.407
2019-06-21 11:00:00+00:00,25.45,98.524055,0.0,3.5455887,23.962492,0.405
2019-06-21 12:00:00+00:00,26.2,98.240906,0.0,4.6938257,32.471172,0.378
2019-06-21 13:00:00+00:00,25.8,97.36386,0.0,5.0911684,8.130019,0.378
2019-06-21 14:00:00+00:00,25.05,98.22595,0.0,4.379589,350.53775,0.378
2019-06-21 15:00:00+00:00,25.35,97.06504,0.0,1.9386592,338.19852,0.377
2019-06-21 16:00:00+00:00,24.35,99.40244,0.0,1.609969,116.56499,0.377
2019-06-21 17:00:00+00:00,24.65,98.81069,0.0,3.7064266,119.05451,0.377
2019-06-21 18:00:00+00:00,24.35,99.40244,0.2,6.6185193,202.38017,0.378
2019-06-21 19:00:00+00:00,23.85,98.80356,1.9,7.6367526,224.9999,0.393
2019-06-21 20:00:00+00:00,23.7,99.39953,0.6,4.39436,214.9921,0.399
2019-06-21 21:00:00+00:00,23.6,99.69913,0.1,4.0249224,206.56499,0.398
2019-06-21 22:00:00+00:00,23.55,98.20609,0.0,6.439876,206.56499,0.397
2019-06-21 23:00:00+00:00,23.55,98.20609,0.0,3.2599385,173.6599,0.395
2019-06-22 00:00:00+00:00,24.2,98.21469,0.0,6.162207,186.70975,0.404
2019-06-22 01:00:00+00:00,25.25,96.1966,0.0,5.8048253,187.12492,0.401
2019-06-22 02:00:00+00:00,26.6,90.41192,0.0,5.4119864,183.814,0.4
2019-06-22 03:00:00+00:00,27.95,82.54081,0.1,7.928178,177.39749,0.398
2019-06-22 04:00:00+00:00,28.75,81.65788,0.1,6.130579,183.3664,0.396
2019-06-22 05:00:00+00:00,29.5,77.95971,0.1,5.8048253,187.12492,0.394
2019-06-22 06:00:00+00:00,29.75,75.48354,0.1,5.8048253,187.12492,0.392
2019-06-22 07:00:00+00:00,29.6,77.281235,1.3,7.145796,229.08571,0.398
2019-06-22 08:00:00+00:00,28.35,87.89771,1.5,4.198285,149.03632,0.41
2019-06-22 09:00:00+00:00,26.0,95.36248,4.7,6.638072,310.60123,0.425
2019-06-22 10:00:00+00:00,25.95,93.950165,0.2,5.3517847,317.72638,0.42
2019-06-22 11:00:00+00:00,25.05,96.76866,1.8,1.835647,11.3098955,0.437
2019-06-22 12:00:00+00:00,25.75,97.652855,1.2,2.5455842,261.87,0.408
2019-06-22 13:00:00+00:00,25.1,99.70247,1.6,3.396233,212.00534,0.426
2019-06-22 14:00:00+00:00,25.1,99.109825,0.1,1.2979984,123.690094,0.42
2019-06-22 15:00:00+00:00,25.0,99.70229,0.1,3.9763298,95.19434,0.416
2019-06-22 16:00:00+00:00,24.75,100.0,0.3,5.904439,127.568665,0.415
2019-06-22 17:00:00+00:00,24.45,99.70103,0.5,6.763786,115.20109,0.417
2019-06-22 18:00:00+00:00,24.15,98.21406,0.2,6.8777895,132.87889,0.415
2019-06-22 19:00:00+00:00,23.85,98.21005,0.0,5.3517847,160.34608,0.411
2019-06-22 20:00:00+00:00,23.75,98.5053,0.0,5.1544156,167.90526,0.409
2019-06-22 21:00:00+00:00,23.55,98.80093,0.0,5.0911684,171.86998,0.406
2019-06-22 22:00:00+00:00,23.6,98.80132,0.0,6.439876,153.43501,0.404
2019-06-22 23:00:00+00:00,23.65,98.504196,0.0,6.28713,156.3706,0.403
2019-06-23 00:00:00+00:00,23.85,98.21005,0.0,5.154415,155.22488,0.401
2019-06-23 01:00:00+00:00,24.7,97.05098,0.0,7.2,180.0,0.399
2019-06-23 02:00:00+00:00,25.85,92.27607,0.0,8.049845,190.3048,0.398
2019-06-23 03:00:00+00:00,27.1,82.937515,0.0,7.9932976,187.76508,0.396
2019-06-23 04:00:00+00:00,27.8,79.36833,0.0,7.5942073,185.44025,0.394
2019-06-23 05:00:00+00:00,28.35,75.71709,0.0,8.311245,184.96965,0.391
2019-06-23 06:00:00+00:00,28.6,74.40073,0.0,8.311245,184.96965,0.389
2019-06-23 07:00:00+00:00,28.55,73.945366,0.0,7.928178,182.60251,0.386
2019-06-23 08:00:00+00:00,28.0,76.812004,0.0,6.87779,186.00891,0.384
2019-06-23 09:00:00+00:00,27.55,80.53661,0.0,5.771239,183.57626,0.383
2019-06-23 10:00:00+00:00,27.05,86.2282,0.0,4.379589,189.46225,0.382
2019-06-23 11:00:00+00:00,26.05,91.463135,0.0,3.671294,191.30989,0.382
2019-06-23 12:00:00+00:00,25.75,91.71935,0.0,4.1046314,142.12495,0.358
2019-06-23 13:00:00+00:00,25.9,91.180534,0.0,5.495161,121.60746,0.358
2019-06-23 14:00:00+00:00,25.15,94.197334,0.0,5.4833565,156.80138,0.359
2019-06-23 15:00:00+00:00,25.4,91.97453,0.0,6.4799995,180.0,0.359
2019-06-23 16:00:00+00:00,24.95,92.783165,0.0,8.287822,182.4895,0.359
2019-06-23 17:00:00+00:00,24.75,92.214836,0.0,8.28,180.0,0.359
2019-06-23 18:00:00+00:00,24.45,93.319115,0.0,8.39657,149.03632,0.359
2019-06-23 19:00:00+00:00,24.25,95.30292,0.0,7.5685663,154.65387,0.36
2019-06-23 20:00:00+00:00,24.05,97.62322,0.0,8.049845,153.43501,0.36
2019-06-23 21:00:00+00:00,24.05,97.91761,0.0,8.707237,150.2552,0.36
2019-06-23 22:00:00+00:00,24.05,97.62322,0.0,9.0,143.13002,0.36
2019-06-23 23:00:00+00:00,23.95,97.327644,0.0,8.942214,139.89915,0.36
2019-06-24 00:00:00+00:00,25.15,94.197334,0.0,8.209263,142.12495,0.36
2019-06-24 01:00:00+00:00,26.5,87.478455,0.0,8.435069,140.19447,0.36
2019-06-24 02:00:00+00:00,27.65,82.25876,0.0,9.0,143.13002,0.359
2019-06-24 03:00:00+00:00,28.9,76.48772,0.0,9.957108,139.39879,0.357
2019-06-24 04:00:00+00:00,29.55,73.44764,0.1,10.195057,137.86247,0.356
2019-06-24 05:00:00+00:00,30.05,72.224525,0.1,7.7043357,142.59457,0.355
2019-06-24 06:00:00+00:00,30.5,72.5185,0.1,5.815978,158.19853,0.353
2019-06-24 07:00:00+00:00,30.9,72.37178,0.1,4.198285,149.03632,0.352
2019-06-24 08:00:00+00:00,27.6,93.7449,2.5,5.815978,111.801476,0.371
2019-06-24 09:00:00+00:00,27.3,88.333694,2.2,4.6800003,112.61991,0.396
2019-06-24 10:00:00+00:00,26.7,93.1496,0.1,3.5455887,66.037506,0.395
2019-06-24 11:00:00+00:00,25.65,98.23379,0.1,7.7879906,146.3099,0.394
2019-06-24 12:00:00+00:00,25.45,97.647644,0.0,3.8773184,111.801476,0.369
2019-06-24 13:00:00+00:00,25.5,98.524605,0.0,5.991594,122.73522,0.369
2019-06-24 14:00:00+00:00,25.25,98.22855,0.0,7.7043357,127.40543,0.369
2019-06-24 15:00:00+00:00,25.1,97.64158,0.0,7.9932966,125.837746,0.368
2019-06-24 16:00:00+00:00,24.9,97.63814,0.0,8.209263,127.875046,0.368
2019-06-24 17:00:00+00:00,24.7,97.34242,0.0,8.913181,133.36346,0.368
2019-06-24 18:00:00+00:00,24.45,97.63021,0.0,8.209263,142.12495,0.367
2019-06-24 19:00:00+00:00,24.25,98.21538,0.0,7.5685663,154.65387,0.367
2019-06-24 20:00:00+00:00,24.1,98.21336,0.0,7.4128532,150.9455,0.367
2019-06-24 21:00:00+00:00,24.0,98.508095,0.0,7.7879906,146.3099,0.367
2019-06-24 22:00:00+00:00,23.95,98.21138,0.0,8.049845,153.43501,0.366
2019-06-24 23:00:00+00:00,23.8,98.505875,0.0,7.172949,162.47433,0.366
2019-06-25 00:00:00+00:00,24.75,97.34337,0.0,7.342588,168.69011,0.364
2019-06-25 01:00:00+00:00,26.05,91.18995,0.0,9.659814,153.43501,0.364
2019-06-25 02:00:00+00:00,27.25,84.96763,0.0,12.475961,136.16905,0.364
2019-06-25 03:00:00+00:00,28.3,78.72558,0.1,12.475961,136.16905,0.363
2019-06-25 04:00:00+00:00,29.25,72.957436,0.1,12.229406,137.38599,0.361
2019-06-25 05:00:00+00:00,29.9,68.396034,0.1,12.229406,137.38599,0.359
2019-06-25 06:00:00+00:00,29.9,67.98457,0.1,11.457958,136.27295,0.357
2019-06-25 07:00:00+00:00,30.6,63.172207,0.1,9.931042,133.53127,0.355
2019-06-25 08:00:00+00:00,30.55,63.161484,0.0,10.195057,137.86247,0.353
2019-06-25 09:00:00+00:00,29.8,68.99832,0.1,9.957108,139.39879,0.352
2019-06-25 10:00:00+00:00,28.35,77.560524,0.0,9.178235,138.17992,0.351
2019-06-25 11:00:00+00:00,27.05,82.18689,0.0,6.9153743,141.34016,0.351
2019-06-25 12:00:00+00:00,25.9,87.68961,0.0,4.829907,153.43501,0.34
2019-06-25 13:00:00+00:00,25.65,89.26709,0.0,3.8939953,146.3099,0.34
2019-06-25 14:00:00+00:00,25.2,90.86232,0.0,4.6938257,122.471176,0.34
2019-06-25 15:00:00+00:00,24.25,94.15927,0.0,5.692099,124.69522,0.34
2019-06-25 16:00:00+00:00,24.5,91.92252,0.0,5.4833565,113.19862,0.34
2019-06-25 17:00:00+00:00,24.35,91.358795,0.0,6.439876,116.56499,0.341
2019-06-25 18:00:00+00:00,23.9,93.01001,0.0,6.4096174,128.15727,0.341
2019-06-25 19:00:00+00:00,23.6,94.13157,0.0,7.8954163,136.8476,0.341
2019-06-25 20:00:00+00:00,23.45,94.69868,0.0,7.7879906,146.3099,0.341
2019-06-25 21:00:00+00:00,23.25,95.558235,0.0,7.754637,158.19853,0.341
2019-06-25 22:00:00+00:00,23.0,96.71941,0.0,7.8625183,164.05453,0.341
2019-06-25 23:00:00+00:00,22.9,97.306786,0.0,7.42159,165.96373,0.342
2019-06-26 00:00:00+00:00,24.1,94.15289,0.0,6.28713,166.75948,0.345
2019-06-26 01:00:00+00:00,26.0,87.43475,0.0,5.5887027,165.06853,0.344
2019-06-26 02:00:00+00:00,27.75,80.32103,0.0,7.289445,147.09476,0.343
2019-06-26 03:00:00+00:00,29.0,72.25862,0.0,7.145796,139.08571,0.341
2019-06-26 04:00:00+00:00,30.1,64.224754,0.0,6.8777895,137.12111,0.339
2019-06-26 05:00:00+00:00,30.85,58.958797,0.0,5.991594,147.26479,0.336
2019-06-26 06:00:00+00:00,31.3,56.42188,0.0,5.95906,154.98314,0.333
2019-06-26 07:00:00+00:00,31.55,55.28614,0.0,5.3517847,160.34608,0.33
2019-06-26 08:00:00+00:00,31.4,55.759544,0.0,6.379216,163.61038,0.328
2019-06-26 09:00:00+00:00,30.8,62.26508,0.0,6.849467,176.98727,0.326
2019-06-26 10:00:00+00:00,29.6,74.34082,0.0,6.162207,186.70975,0.326
2019-06-26 11:00:00+00:00,27.25,85.989944,0.0,5.8048253,187.12492,0.326
2019-06-26 12:00:00+00:00,26.05,89.297295,0.0,5.0911684,135.0001,0.324
2019-06-26 13:00:00+00:00,25.7,91.99171,0.0,3.6,90.0,0.325
2019-06-26 14:00:00+00:00,25.5,92.25666,0.0,5.3517847,70.346085,0.325
2019-06-26 15:00:00+00:00,24.95,93.624374,0.0,5.0911684,81.86999,0.325
2019-06-26 16:00:00+00:00,24.5,95.02494,0.0,7.628263,109.290146,0.325
2019-06-26 17:00:00+00:00,24.4,95.02133,0.0,7.386582,136.97493,0.326
2019-06-26 18:00:00+00:00,23.9,96.44956,0.0,7.729527,152.24155,0.326
2019-06-26 19:00:00+00:00,23.75,97.32366,0.0,7.0911775,156.0375,0.326
2019-06-26 20:00:00+00:00,23.55,98.20609,0.0,7.10031,149.53453,0.327
2019-06-26 21:00:00+00:00,23.5,98.205414,0.0,7.386582,136.97493,0.327
2019-06-26 22:00:00+00:00,23.45,98.20471,0.0,7.145796,139.08571,0.327
2019-06-26 23:00:00+00:00,23.4,98.204094,0.0,7.42159,140.90616,0.327
2019-06-27 00:00:00+00:00,24.6,95.314896,0.0,8.161764,131.42357,0.327
2019-06-27 01:00:00+00:00,26.45,87.73677,0.0,7.8954163,136.8476,0.327
2019-06-27 02:00:00+00:00,28.15,79.41601,0.0,8.669949,138.36655,0.326
2019-06-27 03:00:00+00:00,29.45,71.47214,0.0,9.686609,138.01286,0.324
2019-06-27 04:00:00+00:00,30.15,66.81314,0.0,8.669949,138.36655,0.323
2019-06-27 05:00:00+00:00,30.4,66.0613,0.1,7.928177,140.52757,0.321
2019-06-27 06:00:00+00:00,30.8,66.94268,0.0,6.3690495,132.70937,0.32
2019-06-27 07:00:00+00:00,30.65,68.74591,0.0,5.95906,115.01687,0.318
2019-06-27 08:00:00+00:00,30.55,70.815994,0.1,7.0911775,113.962494,0.317
2019-06-27 09:00:00+00:00,28.9,76.717125,0.2,9.227524,110.55612,0.317
2019-06-27 10:00:00+00:00,28.05,85.81156,0.0,3.6179552,84.2895,0.317
2019-06-27 11:00:00+00:00,26.8,95.10747,0.0,2.8116899,39.805527,0.317
2019-06-27 12:00:00+00:00,26.65,89.87748,0.0,3.9763298,95.19434,0.307
2019-06-27 13:00:00+00:00,26.75,88.55302,0.0,8.217153,118.8107,0.308
2019-06-27 14:00:00+00:00,26.65,88.54504,0.0,10.315115,119.24873,0.308
2019-06-27 15:00:00+00:00,26.25,87.1943,0.0,9.290511,125.537766,0.308
2019-06-27 16:00:00+00:00,25.65,89.805725,0.0,8.209263,127.875046,0.309
2019-06-27 17:00:00+00:00,25.35,92.52574,0.0,8.435069,129.80553,0.309
2019-06-27 18:00:00+00:00,25.0,94.474266,0.0,8.404285,133.26433,0.31
2019-06-27 19:00:00+00:00,24.75,95.034004,0.0,9.220499,141.34016,0.31
2019-06-27 20:00:00+00:00,24.4,96.17286,0.0,8.209263,142.12495,0.31
2019-06-27 21:00:00+00:00,24.2,97.040085,0.0,7.145796,139.08571,0.311
2019-06-27 22:00:00+00:00,23.95,97.91604,0.0,8.4963045,143.61555,0.311
2019-06-27 23:00:00+00:00,23.8,98.20943,0.0,8.891343,148.24057,0.311
2019-06-28 00:00:00+00:00,25.15,93.91512,0.0,9.793059,143.97253,0.311
2019-06-28 01:00:00+00:00,26.75,86.97793,0.0,12.218805,135.0001,0.311
2019-06-28 02:00:00+00:00,28.15,79.65438,0.1,13.276144,130.60121,0.311
2019-06-28 03:00:00+00:00,29.2,74.0529,0.1,12.738099,132.70937,0.311
2019-06-28 04:00:00+00:00,30.1,69.471725,0.1,12.475961,136.16905,0.31
2019-06-28 05:00:00+00:00,30.65,66.711845,0.1,11.457958,136.27295,0.309
2019-06-28 06:00:00+00:00,30.8,65.74533,0.1,10.739832,140.44037,0.307
2019-06-28 07:00:00+00:00,30.95,64.79313,0.1,9.504272,142.69597,0.306
2019-06-28 08:00:00+00:00,30.35,68.89533,0.1,7.145796,139.08571,0.305
2019-06-28 09:00:00+00:00,29.3,77.46773,0.1,4.6800003,112.61991,0.304
2019-06-28 10:00:00+00:00,27.95,90.77047,0.3,3.4152596,108.43504,0.307
2019-06-28 11:00:00+00:00,27.3,91.81032,0.0,5.3999996,126.86998,0.307
2019-06-28 12:00:00+00:00,26.8,92.05438,0.0,5.771239,93.57626,0.294
2019-06-28 13:00:00+00:00,26.55,89.3349,0.0,7.42159,104.03627,0.294
2019-06-28 14:00:00+00:00,26.2,89.576584,0.0,7.24486,116.56499,0.294
2019-06-28 15:00:00+00:00,25.95,91.183624,0.0,7.4128532,119.05451,0.295
2019-06-28 16:00:00+00:00,25.75,91.71935,0.0,8.161764,131.42357,0.295
2019-06-28 17:00:00+00:00,25.6,90.88832,0.0,9.422101,133.45189,0.295
2019-06-28 18:00:00+00:00,25.35,91.971634,0.0,9.220499,128.65984,0.296
2019-06-28 19:00:00+00:00,25.05,93.06786,0.0,9.504272,127.30403,0.296
2019-06-28 20:00:00+00:00,24.65,94.46023,0.0,9.449572,130.36446,0.296
2019-06-28 21:00:00+00:00,24.4,95.30808,0.0,9.220499,128.65984,0.296
2019-06-28 22:00:00+00:00,24.1,97.037895,0.0,8.209263,127.875046,0.297
2019-06-28 23:00:00+00:00,23.85,98.21005,0.0,8.14587,135.0001,0.297
2019-06-29 00:00:00+00:00,25.0,94.474266,0.0,8.587338,146.97614,0.3
2019-06-29 01:00:00+00:00,26.8,85.689125,0.0,13.551501,140.38934,0.299
2019-06-29 02:00:00+00:00,28.05,79.4024,0.0,13.493999,136.08084,0.299
2019-06-29 03:00:00+00:00,29.15,72.06739,0.0,11.212135,137.60262,0.297
2019-06-29 04:00:00+00:00,29.9,67.57527,0.0,10.691453,135.0001,0.296
2019-06-29 05:00:00+00:00,30.55,63.738247,0.0,10.464797,130.81499,0.294
2019-06-29 06:00:00+00:00,30.8,62.26508,0.1,9.449572,130.36446,0.293
2019-06-29 07:00:00+00:00,30.55,63.738247,0.1,8.161764,131.42357,0.292
2019-06-29 08:00:00+00:00,30.5,63.72759,0.0,7.928177,129.47243,0.291
2019-06-29 09:00:00+00:00,30.15,67.01516,0.0,7.145796,130.91429,0.29
2019-06-29 10:00:00+00:00,29.45,72.99156,0.0,6.28713,113.62939,0.289
2019-06-29 11:00:00+00:00,28.1,79.64766,0.0,5.8048253,82.875084,0.289
2019-06-29 12:00:00+00:00,26.3,92.300934,0.0,4.5536795,71.564964,0.279
2019-06-29 13:00:00+00:00,26.2,92.84774,0.0,2.8116899,39.805527,0.28
2019-06-29 14:00:00+00:00,25.65,95.35067,0.0,3.096837,54.46224,0.28
2019-06-29 15:00:00+00:00,25.65,94.78302,0.0,4.73506,98.74608,0.28
2019-06-29 16:00:00+00:00,25.4,93.926125,0.0,8.557102,112.24908,0.281
2019-06-29 17:00:00+00:00,25.35,90.59899,0.0,8.891343,121.75944,0.281
2019-06-29 18:00:00+00:00,24.85,92.49883,0.0,8.404285,133.26433,0.281
2019-06-29 19:00:00+00:00,24.5,94.45413,0.0,7.145796,139.08571,0.282
2019-06-29 20:00:00+00:00,24.3,95.88081,0.0,6.193674,144.46223,0.282
2019-06-29 21:00:00+00:00,24.1,96.74593,0.0,5.315336,151.69934,0.282
2019-06-29 22:00:00+00:00,23.95,97.327644,0.0,5.4477882,172.40544,0.282
2019-06-29 23:00:00+00:00,23.95,93.86188,0.6,4.452954,194.03627,0.287
2019-06-30 00:00:00+00:00,24.95,93.90625,0.0,6.193674,144.46223,0.283
2019-06-30 01:00:00+00:00,26.65,85.9319,0.0,7.7043357,142.59457,0.283
2019-06-30 02:00:00+00:00,28.05,80.11986,0.0,8.942214,139.89915,0.282
2019-06-30 03:00:00+00:00,29.0,77.19261,0.0,8.942214,139.89915,0.281
2019-06-30 04:00:00+00:00,29.5,75.669945,0.0,7.4128532,150.9455,0.28
2019-06-30 05:00:00+00:00,30.4,72.50128,0.0,7.4128532,150.9455,0.279
2019-06-30 06:00:00+00:00,30.4,67.673325,0.0,8.225035,113.198616,0.278
2019-06-30 07:00:00+00:00,28.65,80.67858,1.1,2.5455842,8.130019,0.286
2019-06-30 08:00:00+00:00,27.55,81.51003,3.4,0.71999997,180.0,0.321
2019-06-30 09:00:00+00:00,26.4,90.398384,0.6,6.130579,273.3664,0.326
2019-06-30 10:00:00+00:00,25.95,92.55786,1.2,5.00128,149.74365,0.338
2019-06-30 11:00:00+00:00,25.3,99.40668,0.1,0.8049845,333.43503,0.338
2019-06-30 12:00:00+00:00,25.9,95.643524,0.0,3.096837,125.537766,0.271
2019-06-30 13:00:00+00:00,25.1,97.64158,0.0,4.1046314,105.25517,0.272
2019-06-30 14:00:00+00:00,24.7,97.9276,0.0,5.2416787,105.945465,0.272
2019-06-30 15:00:00+00:00,24.95,95.90035,0.0,4.3349743,85.23644,0.272
2019-06-30 16:00:00+00:00,24.5,95.598785,0.0,6.489992,86.82024,0.272
2019-06-30 17:00:00+00:00,24.25,95.01585,0.0,7.7879906,123.6901,0.273
2019-06-30 18:00:00+00:00,24.15,95.01222,0.0,8.161764,131.42357,0.273
2019-06-30 19:00:00+00:00,23.9,95.003105,0.0,8.161764,131.42357,0.273
2019-06-30 20:00:00+00:00,23.55,95.2788,0.0,8.942214,139.89915,0.273
2019-06-30 21:00:00+00:00,23.3,95.27012,0.0,8.78872,145.0079,0.273
2019-06-30 22:00:00+00:00,23.1,95.84429,0.0,7.9036193,149.9315,0.273
2019-06-30 23:00:00+00:00,22.95,97.012596,0.0,7.289444,159.77505,0.274
2019-07-01 00:00:00+00:00,24.2,93.30701,0.0,7.9036193,149.9315,0.279
2019-07-01 01:00:00+00:00,26.05,86.65319,0.0,8.0899935,147.72438,0.279
2019-07-01 02:00:00+00:00,27.65,78.871574,0.0,12.768586,139.574,0.278
2019-07-01 03:00:00+00:00,28.6,73.28744,0.1,11.525623,141.34016,0.278
2019-07-01 04:00:00+00:00,29.7,67.33191,0.1,10.799999,143.13002,0.277
2019-07-01 05:00:00+00:00,30.25,64.64707,0.1,9.686609,138.01286,0.276
2019-07-01 06:00:00+00:00,30.75,62.632744,0.2,7.653705,138.81418,0.276
2019-07-01 07:00:00+00:00,30.75,62.632744,0.1,7.386582,136.97493,0.275
2019-07-01 08:00:00+00:00,30.05,67.19787,0.2,6.9153743,128.65984,0.274
2019-07-01 09:00:00+00:00,29.6,71.07012,0.1,4.198285,120.96369,0.274
2019-07-01 10:00:00+00:00,27.5,87.305,1.0,6.5693827,99.46225,0.281
2019-07-01 11:00:00+00:00,26.5,91.21808,0.1,4.6938252,94.39862,0.281
2019-07-01 12:00:00+00:00,26.15,93.4006,0.0,4.896529,107.10281,0.268
2019-07-01 13:00:00+00:00,26.05,93.117584,0.0,5.991594,122.73522,0.268
2019-07-01 14:00:00+00:00,25.7,94.50228,0.0,6.12,118.072395,0.268
2019-07-01 15:00:00+00:00,25.25,96.77336,0.0,6.9527545,111.25058,0.268
2019-07-01 16:00:00+00:00,25.0,97.639854,0.0,6.763786,115.20109,0.269
2019-07-01 17:00:00+00:00,24.8,96.7627,0.0,7.42159,129.09386,0.269
2019-07-01 18:00:00+00:00,24.55,94.4562,0.0,7.928177,140.52757,0.269
2019-07-01 19:00:00+00:00,24.45,92.47719,0.0,8.209263,142.12495,0.269
2019-07-01 20:00:00+00:00,24.2,93.58965,0.0,8.699793,155.55606,0.269
2019-07-01 21:00:00+00:00,24.15,94.15502,0.0,8.534353,152.35411,0.269
2019-07-01 22:00:00+00:00,23.9,95.290886,0.0,8.435069,140.19447,0.269
2019-07-01 23:00:00+00:00,23.8,95.86567,0.0,7.5685663,154.65387,0.27
2019-07-02 00:00:00+00:00,24.75,93.052795,0.0,6.989936,145.49142,0.269
2019-07-02 01:00:00+00:00,26.15,87.447876,0.0,5.1919937,146.3099,0.269
2019-07-02 02:00:00+00:00,28.1,78.22625,0.0,8.209263,142.12495,0.268
2019-07-02 03:00:00+00:00,29.5,71.48102,0.0,9.726664,141.009,0.267
2019-07-02 04:00:00+00:00,29.75,68.57379,0.1,9.290511,144.46223,0.266
2019-07-02 05:00:00+00:00,30.1,67.61453,0.1,7.9932966,144.16226,0.265
2019-07-02 06:00:00+00:00,30.7,64.74105,0.2,6.439876,153.43501,0.265
2019-07-02 07:00:00+00:00,30.2,68.04285,0.3,6.28713,156.3706,0.266
2019-07-02 08:00:00+00:00,28.4,81.85867,1.2,5.95906,115.01687,0.274
2019-07-02 09:00:00+00:00,28.2,81.346954,0.0,4.198285,120.96369,0.274
2019-07-02 10:00:00+00:00,27.35,86.256676,0.4,4.1046314,164.74483,0.276
2019-07-02 11:00:00+00:00,26.4,94.24957,0.1,3.8268526,131.18582,0.277
2019-07-02 12:00:00+00:00,26.0,97.657166,0.0,6.28713,156.3706,0.288
2019-07-02 13:00:00+00:00,25.55,97.940575,0.0,5.4477882,97.59455,0.288
2019-07-02 14:00:00+00:00,25.15,96.482025,0.0,4.8433046,131.98714,0.288
2019-07-02 15:00:00+00:00,24.9,96.18687,0.0,6.193674,144.46223,0.288
2019-07-02 16:00:00+00:00,24.6,96.75789,0.0,8.707237,150.2552,0.288
2019-07-02 17:00:00+00:00,24.6,97.34044,0.0,6.3690495,137.29063,0.288
2019-07-02 18:00:00+00:00,24.3,98.21607,0.0,7.628263,160.70985,0.288
2019-07-02 19:00:00+00:00,24.15,97.03899,0.0,6.151683,159.44388,0.288
2019-07-02 20:00:00+00:00,24.0,97.328606,0.0,5.8048253,172.87508,0.288
2019-07-02 21:00:00+00:00,23.8,97.324715,0.0,7.8625183,164.05453,0.288
2019-07-02 22:00:00+00:00,23.85,96.44826,0.0,7.42159,165.96373,0.288
2019-07-02 23:00:00+00:00,23.95,95.87019,0.0,7.42159,165.96373,0.289
2019-07-03 00:00:00+00:00,24.9,94.1868,0.0,7.4128532,150.9455,0.287
2019-07-03 01:00:00+00:00,26.45,88.264206,0.0,7.289445,147.09476,0.286
2019-07-03 02:00:00+00:00,28.1,79.88673,0.0,11.212135,137.60262,0.286
2019-07-03 03:00:00+00:00,29.0,74.68994,0.1,12.984975,133.87679,0.285
2019-07-03 04:00:00+00:00,29.7,75.47567,0.2,9.686609,131.98714,0.285
2019-07-03 05:00:00+00:00,29.7,73.25314,0.5,9.449572,139.63554,0.287
2019-07-03 06:00:00+00:00,27.15,85.98031,1.1,2.16,270.0,0.296
2019-07-03 07:00:00+00:00,27.95,86.05724,0.1,3.0758414,159.44388,0.295
2019-07-03 08:00:00+00:00,28.1,82.80513,0.1,6.4096174,141.84273,0.295
2019-07-03 09:00:00+00:00,28.1,81.82215,0.0,3.5455887,156.0375,0.294
2019-07-03 10:00:00+00:00,27.65,85.77252,0.0,1.8,216.86998,0.293
2019-07-03 11:00:00+00:00,26.1,98.2396,0.2,1.8,360.0,0.294
2019-07-03 12:00:00+00:00,26.3,98.82516,0.0,2.5455842,81.86999,0.277
2019-07-03 13:00:00+00:00,26.6,97.667465,0.0,5.1919937,56.309914,0.277
2019-07-03 14:00:00+00:00,26.45,96.80158,0.0,5.8048253,60.255207,0.277
2019-07-03 15:00:00+00:00,26.25,96.22429,0.0,6.2145634,79.99209,0.277
2019-07-03 16:00:00+00:00,25.85,95.92721,0.8,2.9024127,119.74479,0.283
2019-07-03 17:00:00+00:00,24.9,99.70208,2.7,5.4119864,183.814,0.315
2019-07-03 18:00:00+00:00,24.0,99.400856,1.9,7.92,180.0,0.341
2019-07-03 19:00:00+00:00,23.9,99.69984,0.3,4.6800003,202.6199,0.343
2019-07-03 20:00:00+00:00,23.5,99.09916,0.9,4.8965297,216.02747,0.354
2019-07-03 21:00:00+00:00,23.4,98.799576,0.0,8.427383,199.9832,0.353
2019-07-03 22:00:00+00:00,23.1,98.796844,0.0,6.28713,193.24052,0.351
2019-07-03 23:00:00+00:00,22.95,99.09541,0.0,6.5693827,170.53775,0.35
2019-07-04 00:00:00+00:00,24.2,98.21469,0.0,6.130579,176.6336,0.372
2019-07-04 01:00:00+00:00,25.5,91.704544,0.0,9.007196,177.70944,0.37
2019-07-04 02:00:00+00:00,26.9,86.213936,0.0,10.829959,164.57777,0.367
2019-07-04 03:00:00+00:00,27.9,79.38199,0.0,10.086427,145.17545,0.364
2019-07-04 04:00:00+00:00,29.25,71.22148,0.1,7.653705,138.81418,0.361
2019-07-04 05:00:00+00:00,29.85,67.36154,0.1,6.193674,144.46223,0.358
2019-07-04 06:00:00+00:00,30.5,67.48958,0.1,4.5536795,161.56496,0.354
2019-07-04 07:00:00+00:00,30.7,66.122086,0.1,3.2399998,180.0,0.351
2019-07-04 08:00:00+00:00,28.55,82.12101,1.9,6.989936,124.50858,0.363
2019-07-04 09:00:00+00:00,28.2,84.81253,0.2,3.0547013,44.999897,0.362
2019-07-04 10:00:00+00:00,27.1,95.96408,0.7,1.484318,194.03627,0.365
2019-07-04 11:00:00+00:00,26.2,99.70491,0.1,2.2768397,108.43504,0.364
2019-07-04 12:00:00+00:00,25.75,97.943565,0.0,3.9763298,84.805664,0.352
2019-07-04 13:00:00+00:00,25.55,98.52515,0.0,5.4833565,113.19862,0.351
2019-07-04 14:00:00+00:00,25.9,97.36579,0.0,8.287822,124.3804,0.35
2019-07-04 15:00:00+00:00,25.5,92.53382,0.0,8.0899935,122.27562,0.349
2019-07-04 16:00:00+00:00,24.75,93.615135,0.3,8.0899935,122.27562,0.349
2019-07-04 17:00:00+00:00,24.4,96.4626,0.5,8.225035,113.198616,0.352
2019-07-04 18:00:00+00:00,24.35,97.62848,0.0,7.42159,140.90616,0.351
2019-07-04 19:00:00+00:00,24.25,97.92065,0.0,7.0911775,156.0375,0.35
2019-07-04 20:00:00+00:00,24.05,98.21276,0.0,6.151683,159.44388,0.348
2019-07-04 21:00:00+00:00,23.95,98.21138,0.0,6.151683,159.44388,0.347
2019-07-04 22:00:00+00:00,23.75,98.20873,0.0,6.0347,162.64589,0.346
2019-07-04 23:00:00+00:00,23.65,98.80181,0.0,6.379216,163.61038,0.345
2019-07-05 00:00:00+00:00,24.8,95.60842,0.0,9.021574,151.38963,0.335
2019-07-05 01:00:00+00:00,26.35,89.05284,0.0,12.181624,145.84026,0.335
2019-07-05 02:00:00+00:00,27.45,86.0092,0.1,9.585739,145.71307,0.334
2019-07-05 03:00:00+00:00,28.75,81.9011,0.0,7.729527,152.24155,0.333
2019-07-05 04:00:00+00:00,29.55,79.369255,0.0,6.9527545,158.74942,0.33
2019-07-05 05:00:00+00:00,29.9,77.55531,0.0,6.489992,160.55988,0.328
2019-07-05 06:00:00+00:00,30.45,69.32907,0.2,9.290511,144.46223,0.327
2019-07-05 07:00:00+00:00,30.25,69.70878,0.4,6.9153743,128.65984,0.327
2019-07-05 08:00:00+00:00,29.95,70.28389,0.1,9.0,126.86999,0.326
2019-07-05 09:00:00+00:00,29.3,74.291824,0.1,5.1165614,140.71062,0.325
2019-07-05 10:00:00+00:00,27.5,83.73235,0.5,9.0,143.13002,0.327
2019-07-05 11:00:00+00:00,26.6,86.18534,0.1,8.161764,138.57643,0.327
2019-07-05 12:00:00+00:00,27.0,87.000496,0.0,7.289445,122.90524,0.309
2019-07-05 13:00:00+00:00,26.2,90.384766,0.0,7.42159,129.09386,0.308
2019-07-05 14:00:00+00:00,25.8,91.72235,0.0,8.161764,138.57643,0.308
2019-07-05 15:00:00+00:00,25.4,93.08533,0.0,8.654987,135.0001,0.308
2019-07-05 16:00:00+00:00,25.0,93.908485,0.0,8.404285,136.73567,0.308
2019-07-05 17:00:00+00:00,24.7,94.462234,0.0,7.8954163,136.8476,0.308
2019-07-05 18:00:00+00:00,24.35,96.17142,0.0,6.8777895,137.12111,0.307
2019-07-05 19:00:00+00:00,23.95,98.21138,0.0,7.2,143.13002,0.307
2019-07-05 20:00:00+00:00,23.8,98.505875,0.0,7.289445,147.09476,0.307
2019-07-05 21:00:00+00:00,23.75,98.80264,0.0,7.5942082,148.57048,0.307
2019-07-05 22:00:00+00:00,23.75,99.100815,0.0,7.8954163,155.77226,0.307
2019-07-05 23:00:00+00:00,23.8,99.101166,0.0,7.172949,162.47433,0.307
2019-07-06 00:00:00+00:00,24.75,94.180466,0.0,8.534353,152.35411,0.306
2019-07-06 01:00:00+00:00,26.4,86.6856,0.0,8.714677,141.7098,0.306
2019-07-06 02:00:00+00:00,27.75,82.76447,0.0,6.696387,143.74608,0.305
2019-07-06 03:00:00+00:00,29.0,79.53112,0.0,6.4096174,141.84273,0.303
2019-07-06 04:00:00+00:00,29.9,76.41149,0.0,5.904439,127.568665,0.301
2019-07-06 05:00:00+00:00,30.55,69.34785,0.2,7.072878,104.743614,0.301
2019-07-06 06:00:00+00:00,30.8,68.15906,0.1,3.8939953,56.3099,0.299
2019-07-06 07:00:00+00:00,27.75,82.76447,1.9,10.233123,129.28938,0.313
2019-07-06 08:00:00+00:00,27.65,89.152214,0.3,0.35999998,180.0,0.314
2019-07-06 09:00:00+00:00,27.65,90.48277,0.3,2.3051248,128.65984,0.316
2019-07-06 10:00:00+00:00,26.5,93.41717,2.3,4.1046314,74.74483,0.338
2019-07-06 11:00:00+00:00,25.75,99.114105,0.1,3.8939953,123.6901,0.338
2019-07-06 12:00:00+00:00,25.95,100.0,0.0,2.52,180.0,0.302
2019-07-06 13:00:00+00:00,26.0,99.99999,0.0,5.04,90.0,0.302
2019-07-06 14:00:00+00:00,26.05,96.79225,0.0,6.28713,76.75947,0.302
2019-07-06 15:00:00+00:00,25.75,96.78519,0.1,6.5693827,80.53775,0.302
2019-07-06 16:00:00+00:00,24.6,98.8102,2.2,5.04,90.0,0.323
2019-07-06 17:00:00+00:00,24.3,99.70074,1.7,4.6938257,57.528828,0.346
2019-07-06 18:00:00+00:00,24.1,99.70024,1.0,4.3349743,94.76356,0.358
2019-07-06 19:00:00+00:00,23.7,99.69935,0.4,4.73506,81.25392,0.362
2019-07-06 20:00:00+00:00,23.5,99.69893,0.2,3.8773184,68.19853,0.362
2019-07-06 21:00:00+00:00,23.35,98.500854,0.0,6.28713,66.37061,0.36
2019-07-06 22:00:00+00:00,23.0,99.697784,0.0,1.2979984,213.6901,0.359
2019-07-06 23:00:00+00:00,23.05,99.09612,0.0,3.8773184,201.80147,0.357
2019-07-07 00:00:00+00:00,23.7,98.50476,0.0,4.0249224,206.56499,0.341
2019-07-07 01:00:00+00:00,24.9,93.622086,0.0,4.802999,192.99461,0.34
2019-07-07 02:00:00+00:00,26.15,90.11115,0.0,5.4119864,183.814,0.339
2019-07-07 03:00:00+00:00,27.25,88.59298,0.1,4.6938252,184.39862,0.339
2019-07-07 04:00:00+00:00,28.2,86.33689,0.2,4.1046314,164.74483,0.338
2019-07-07 05:00:00+00:00,28.85,82.1569,0.3,0.35999998,360.0,0.338
2019-07-07 06:00:00+00:00,28.1,81.82215,0.4,4.896529,107.10281,0.339
2019-07-07 07:00:00+00:00,28.05,86.06685,0.8,3.2599385,186.3401,0.343
2019-07-07 08:00:00+00:00,28.1,87.87672,0.3,1.609969,116.56499,0.343
2019-07-07 09:00:00+00:00,28.15,81.828255,0.1,2.2768397,108.43504,0.341
2019-07-07 10:00:00+00:00,26.25,95.65462,1.3,1.484318,165.96373,0.35
2019-07-07 11:00:00+00:00,25.65,98.52623,0.0,3.6,143.13002,0.349
2019-07-07 12:00:00+00:00,24.75,95.034004,0.0,7.342588,101.3099,0.339
2019-07-07 13:00:00+00:00,24.6,94.74302,0.0,9.585739,124.286934,0.338
2019-07-07 14:00:00+00:00,24.45,97.33751,0.0,8.654987,135.0001,0.338
2019-07-07 15:00:00+00:00,24.0,97.328606,0.0,6.8777895,132.87889,0.337
2019-07-07 16:00:00+00:00,23.7,97.91217,0.0,7.2,143.13002,0.336
2019-07-07 17:00:00+00:00,23.35,98.500854,0.8,7.69592,169.21574,0.341
2019-07-07 18:00:00+00:00,23.15,98.498634,0.7,5.00128,149.74365,0.347
2019-07-07 19:00:00+00:00,22.85,98.49525,0.3,5.0142193,158.96242,0.35
2019-07-07 20:00:00+00:00,22.8,98.49469,0.0,5.1544156,167.90526,0.349
2019-07-07 21:00:00+00:00,22.15,98.78829,0.0,5.8603754,137.4896,0.348
2019-07-07 22:00:00+00:00,22.15,98.48736,0.0,4.68,180.0,0.347
2019-07-07 23:00:00+00:00,22.55,98.79192,0.0,5.6920996,198.43504,0.346
2019-07-08 00:00:00+00:00,23.85,97.619705,0.0,5.937272,165.96373,0.332
2019-07-08 01:00:00+00:00,25.45,91.7016,0.0,9.0,163.73972,0.331
2019-07-08 02:00:00+00:00,26.7,88.2847,0.1,10.144082,152.52565,0.331
2019-07-08 03:00:00+00:00,27.8,87.59107,0.2,6.489992,160.55988,0.331
2019-07-08 04:00:00+00:00,29.1,77.90217,0.3,6.3690495,137.29063,0.331
2019-07-08 05:00:00+00:00,26.05,90.917435,2.8,6.638072,139.39879,0.357
2019-07-08 06:00:00+00:00,27.8,86.04289,0.1,5.1919937,146.3099,0.355
2019-07-08 07:00:00+00:00,28.6,84.10243,0.1,3.396233,147.99466,0.353
2019-07-08 08:00:00+00:00,29.15,80.98272,0.1,6.6087217,150.64235,0.351
2019-07-08 09:00:00+00:00,26.85,93.71114,3.7,5.904439,127.568665,0.385
2019-07-08 10:00:00+00:00,25.4,93.08533,2.2,6.9899354,168.11136,0.405
2019-07-08 11:00:00+00:00,25.0,96.189644,0.1,4.829907,206.56499,0.398
2019-07-08 12:00:00+00:00,25.25,97.06288,0.0,5.4833565,156.80138,0.393
2019-07-08 13:00:00+00:00,24.95,96.76622,0.0,7.072878,165.2564,0.389
2019-07-08 14:00:00+00:00,24.65,96.75913,0.0,7.5170207,163.30067,0.385
2019-07-08 15:00:00+00:00,24.5,97.338455,0.0,6.87779,186.00891,0.382
2019-07-08 16:00:00+00:00,24.3,97.921455,0.0,6.4799995,180.0,0.379
2019-07-08 17:00:00+00:00,24.25,98.21538,0.0,7.5685663,177.27374,0.377
2019-07-08 18:00:00+00:00,24.1,98.21336,0.0,7.771331,166.60748,0.374
2019-07-08 19:00:00+00:00,23.9,98.210754,0.0,7.968939,161.56496,0.372
2019-07-08 20:00:00+00:00,23.65,98.504196,0.0,6.87779,173.99109,0.37
2019-07-08 21:00:00+00:00,23.4,98.50142,0.0,5.8603754,169.3804,0.369
2019-07-08 22:00:00+00:00,23.15,98.797325,0.0,5.937272,165.96373,0.367
2019-07-08 23:00:00+00:00,23.0,98.79593,0.0,6.725354,164.47583,0.365
2019-07-09 00:00:00+00:00,23.6,96.73392,0.0,7.2805495,171.46931,0.364
2019-07-09 01:00:00+00:00,25.2,91.13639,0.0,8.311245,162.3498,0.362
2019-07-09 02:00:00+00:00,26.8,82.404816,0.0,11.4862,147.80429,0.36
2019-07-09 03:00:00+00:00,28.3,74.351616,0.0,10.97262,138.99101,0.357
2019-07-09 04:00:00+00:00,28.85,71.79758,0.0,8.913181,136.63654,0.354
2019-07-09 05:00:00+00:00,29.6,71.49881,0.1,6.638072,130.60121,0.352
2019-07-09 06:00:00+00:00,30.2,70.96499,0.1,6.12,118.072395,0.349
2019-07-09 07:00:00+00:00,30.45,71.00997,0.1,4.8965297,143.97253,0.347
2019-07-09 08:00:00+00:00,29.0,77.423706,1.5,8.557102,67.75093,0.356
2019-07-09 09:00:00+00:00,27.2,86.75914,0.2,5.4477882,82.40546,0.355
2019-07-09 10:00:00+00:00,26.6,90.41192,0.5,6.1094027,135.0001,0.358
2019-07-09 11:00:00+00:00,25.25,99.4064,0.7,2.5455842,261.87,0.362
2019-07-09 12:00:00+00:00,26.2,92.29539,0.4,5.4833565,66.801384,0.35
2019-07-09 13:00:00+00:00,26.05,87.7025,0.0,7.928178,92.60251,0.349
2019-07-09 14:00:00+00:00,25.35,88.9755,0.0,7.754637,111.801476,0.348
2019-07-09 15:00:00+00:00,24.85,91.94281,0.0,6.28713,113.62939,0.347
2019-07-09 16:00:00+00:00,24.45,94.16777,0.0,5.815978,111.801476,0.347
2019-07-09 17:00:00+00:00,24.15,95.2995,0.0,7.145796,130.91429,0.346
2019-07-09 18:00:00+00:00,23.8,96.155914,0.0,6.989936,145.49142,0.345
2019-07-09 19:00:00+00:00,23.55,97.02584,0.0,7.145796,139.08571,0.345
2019-07-09 20:00:00+00:00,23.3,97.905975,0.0,7.42159,140.90616,0.344
2019-07-09 21:00:00+00:00,23.2,98.20138,0.0,7.386582,136.97493,0.343
2019-07-09 22:00:00+00:00,23.15,98.20075,0.0,7.7043357,142.59457,0.343
2019-07-09 23:00:00+00:00,23.05,98.19941,0.0,7.9932966,144.16226,0.342
2019-07-10 00:00:00+00:00,23.9,95.868706,0.0,7.8954163,133.1524,0.34
2019-07-10 01:00:00+00:00,25.75,88.4725,0.0,8.14587,135.0001,0.339
2019-07-10 02:00:00+00:00,27.4,80.275185,0.0,12.181624,124.159744,0.338
2019-07-10 03:00:00+00:00,28.55,73.945366,0.0,10.495713,120.96369,0.336
2019-07-10 04:00:00+00:00,29.5,68.112434,0.1,9.983106,115.64096,0.334
2019-07-10 05:00:00+00:00,30.1,66.0003,0.1,9.904906,109.09359,0.332
2019-07-10 06:00:00+00:00,30.2,65.82135,0.1,9.9571085,102.5288,0.33
2019-07-10 07:00:00+00:00,30.1,67.00517,0.2,9.422101,96.581856,0.329
2019-07-10 08:00:00+00:00,29.45,72.33695,0.2,8.669949,94.76356,0.328
2019-07-10 09:00:00+00:00,28.95,76.03835,0.0,5.506941,101.3099,0.327
2019-07-10 10:00:00+00:00,28.45,82.84566,0.0,5.00128,120.256355,0.326
2019-07-10 11:00:00+00:00,27.15,88.058624,0.0,6.638072,139.39879,0.325
2019-07-10 12:00:00+00:00,26.35,85.38728,0.0,8.913181,133.36346,0.317
2019-07-10 13:00:00+00:00,26.0,85.86857,0.0,7.8954163,136.8476,0.317
2019-07-10 14:00:00+00:00,25.5,88.45225,0.0,7.127636,135.0001,0.317
2019-07-10 15:00:00+00:00,24.95,91.67183,0.0,7.386582,133.02507,0.316
2019-07-10 16:00:00+00:00,24.5,93.88636,0.0,7.5685663,115.34614,0.316
2019-07-10 17:00:00+00:00,24.05,95.008606,0.0,7.729527,117.75845,0.316
2019-07-10 18:00:00+00:00,23.8,96.155914,0.0,8.209263,127.875046,0.316
2019-07-10 19:00:00+00:00,23.45,95.56475,0.0,7.8954163,133.1524,0.316
2019-07-10 20:00:00+00:00,23.05,94.971924,0.0,7.928177,140.52757,0.316
2019-07-10 21:00:00+00:00,22.6,96.41532,0.0,7.928177,140.52757,0.316
2019-07-10 22:00:00+00:00,22.3,97.29476,0.0,7.928177,140.52757,0.316
2019-07-10 23:00:00+00:00,22.1,97.29069,0.0,7.7043357,142.59457,0.316
2019-07-11 00:00:00+00:00,23.3,93.8328,0.0,5.991594,147.26479,0.315
2019-07-11 01:00:00+00:00,25.55,85.56514,0.0,5.1165614,140.71062,0.315
2019-07-11 02:00:00+00:00,27.35,77.883026,0.0,6.618519,135.0001,0.313
2019-07-11 03:00:00+00:00,28.7,69.41826,0.0,9.0,126.86999,0.312
2019-07-11 04:00:00+00:00,29.5,63.707928,0.0,8.714677,128.2902,0.31
2019-07-11 05:00:00+00:00,30.3,60.10508,0.0,7.7043357,127.40543,0.307
2019-07-11 06:00:00+00:00,30.9,56.67232,0.0,6.638072,130.60121,0.304
2019-07-11 07:00:00+00:00,31.3,54.05102,0.0,6.489992,123.6901,0.301
2019-07-11 08:00:00+00:00,31.2,54.359627,0.0,6.6087217,119.357666,0.299
2019-07-11 09:00:00+00:00,30.65,59.092796,0.0,6.12,118.072395,0.297
2019-07-11 10:00:00+00:00,29.55,70.634605,0.0,5.692099,124.69522,0.296
2019-07-11 11:00:00+00:00,27.55,79.813286,0.0,6.193674,125.537766,0.296
2019-07-11 12:00:00+00:00,26.0,84.58224,0.0,7.42159,112.833694,0.291
2019-07-11 13:00:00+00:00,25.3,86.845985,0.0,7.5942073,95.44024,0.291
2019-07-11 14:00:00+00:00,24.85,84.97601,0.0,7.9932976,82.234924,0.291
2019-07-11 15:00:00+00:00,24.7,85.21982,0.0,8.707238,97.12492,0.291
2019-07-11 16:00:00+00:00,24.55,88.37479,0.0,9.360001,112.61991,0.291
2019-07-11 17:00:00+00:00,24.3,89.980515,0.0,8.891343,121.75944,0.291
2019-07-11 18:00:00+00:00,23.95,90.50468,0.0,9.0,126.86999,0.291
2019-07-11 19:00:00+00:00,23.65,91.873,0.0,8.669949,131.63345,0.291
2019-07-11 20:00:00+00:00,23.4,93.268105,0.0,8.404285,133.26433,0.291
2019-07-11 21:00:00+00:00,23.2,94.40132,0.0,7.653705,138.81418,0.291
2019-07-11 22:00:00+00:00,22.95,95.839714,0.0,7.4128532,150.9455,0.292
2019-07-11 23:00:00+00:00,22.85,96.42194,0.0,6.9527545,158.74942,0.292
2019-07-12 00:00:00+00:00,24.1,92.17836,0.0,6.6185193,157.61983,0.292
2019-07-12 01:00:00+00:00,25.9,85.08447,0.0,6.830519,161.56496,0.291
2019-07-12 02:00:00+00:00,27.45,78.606186,0.0,10.00256,149.74365,0.291
2019-07-12 03:00:00+00:00,28.75,72.87192,0.0,10.587918,144.6887,0.289
2019-07-12 04:00:00+00:00,29.8,69.41545,0.0,10.296251,143.53067,0.287
2019-07-12 05:00:00+00:00,30.45,64.29857,0.0,10.009036,142.3057,0.285
2019-07-12 06:00:00+00:00,30.9,61.536125,0.1,9.504272,142.69597,0.283
2019-07-12 07:00:00+00:00,30.8,61.888515,0.1,7.9932966,144.16226,0.282
2019-07-12 08:00:00+00:00,30.9,62.286945,0.0,5.991594,147.26479,0.28
2019-07-12 09:00:00+00:00,30.4,64.28804,0.0,6.439876,153.43501,0.279
2019-07-12 10:00:00+00:00,28.8,77.162964,0.0,5.495161,121.60746,0.279
2019-07-12 11:00:00+00:00,27.6,84.497536,0.0,3.671294,101.3099,0.278
2019-07-12 12:00:00+00:00,26.3,95.372604,0.0,4.896529,72.89719,0.279
2019-07-12 13:00:00+00:00,26.25,92.57386,0.0,5.4119864,86.186005,0.28
2019-07-12 14:00:00+00:00,25.8,93.10521,0.1,4.379589,80.53775,0.28
2019-07-12 15:00:00+00:00,25.2,93.63592,0.1,3.5455887,113.962494,0.281
2019-07-12 16:00:00+00:00,25.4,88.71141,0.0,7.9932966,125.837746,0.281
2019-07-12 17:00:00+00:00,24.8,90.01607,0.0,6.3690495,132.70937,0.281
2019-07-12 18:00:00+00:00,24.55,91.92544,0.0,5.991594,147.26479,0.281
2019-07-12 19:00:00+00:00,24.1,95.0104,0.0,6.28713,156.3706,0.282
2019-07-12 20:00:00+00:00,23.75,97.32366,0.0,7.0911775,156.0375,0.282
2019-07-12 21:00:00+00:00,23.6,97.61529,0.0,6.792466,147.99466,0.282
2019-07-12 22:00:00+00:00,23.5,97.90905,0.0,7.8954163,136.8476,0.282
2019-07-12 23:00:00+00:00,23.35,97.90673,0.0,8.404285,136.73567,0.282
2019-07-13 00:00:00+00:00,24.55,92.76234,0.0,9.673221,135.0001,0.276
2019-07-13 01:00:00+00:00,26.25,85.89296,0.0,9.686609,131.98714,0.276
2019-07-13 02:00:00+00:00,27.8,77.479836,0.0,13.783817,130.76352,0.275
2019-07-13 03:00:00+00:00,28.9,71.58991,0.1,11.200571,135.0001,0.275
2019-07-13 04:00:00+00:00,29.9,66.36031,0.0,9.686609,138.01286,0.273
2019-07-13 05:00:00+00:00,30.5,64.11474,0.1,9.422101,136.54811,0.272
2019-07-13 06:00:00+00:00,30.75,62.632744,0.1,8.435069,140.19447,0.271
2019-07-13 07:00:00+00:00,30.95,61.547195,0.0,7.145796,139.08571,0.269
2019-07-13 08:00:00+00:00,30.7,62.43228,0.1,7.145796,130.91429,0.268
2019-07-13 09:00:00+00:00,29.9,67.77963,0.1,6.6087217,119.357666,0.268
2019-07-13 10:00:00+00:00,28.85,77.17038,0.0,6.162207,96.70974,0.267
2019-07-13 11:00:00+00:00,27.55,83.9887,0.0,5.4477882,82.40546,0.267
2019-07-13 12:00:00+00:00,26.85,85.69403,0.0,8.707238,82.875084,0.26
2019-07-13 13:00:00+00:00,26.35,86.680954,0.0,7.69592,100.784256,0.26
2019-07-13 14:00:00+00:00,25.85,89.014275,0.0,7.69592,100.784256,0.26
2019-07-13 15:00:00+00:00,25.45,89.79126,0.0,7.9932976,97.76508,0.26
2019-07-13 16:00:00+00:00,25.1,90.3094,0.0,8.209263,105.25517,0.26
2019-07-13 17:00:00+00:00,24.8,90.836235,0.0,8.225035,113.198616,0.26
2019-07-13 18:00:00+00:00,24.3,93.311874,0.0,7.928177,129.47243,0.26
2019-07-13 19:00:00+00:00,23.8,96.155914,0.0,7.5942082,148.57048,0.261
2019-07-13 20:00:00+00:00,23.5,97.31872,0.0,7.4128532,150.9455,0.261
2019-07-13 21:00:00+00:00,23.25,97.31374,0.0,7.5942082,148.57048,0.261
2019-07-13 22:00:00+00:00,23.0,97.30875,0.0,7.928177,140.52757,0.261
2019-07-13 23:00:00+00:00,22.85,97.010376,0.0,7.127636,135.0001,0.261
2019-07-14 00:00:00+00:00,24.1,92.458176,0.0,7.8954163,133.1524,0.262
2019-07-14 01:00:00+00:00,26.25,84.3538,0.0,7.653705,138.81418,0.261
2019-07-14 02:00:00+00:00,28.05,75.67009,0.0,7.928177,140.52757,0.261
2019-07-14 03:00:00+00:00,29.65,64.71784,0.0,8.209263,142.12495,0.259
2019-07-14 04:00:00+00:00,30.5,59.967243,0.0,8.287822,145.6196,0.257
2019-07-14 05:00:00+00:00,31.0,57.394585,0.0,8.209263,142.12495,0.255
2019-07-14 06:00:00+00:00,31.3,56.24955,0.0,8.209263,142.12495,0.254
2019-07-14 07:00:00+00:00,31.45,55.43129,0.0,8.287822,145.6196,0.252
2019-07-14 08:00:00+00:00,31.3,56.42188,0.0,8.209263,142.12495,0.25
2019-07-14 09:00:00+00:00,30.85,57.534904,0.0,8.942214,139.89915,0.249
2019-07-14 10:00:00+00:00,29.4,68.29949,0.0,7.653705,138.81418,0.248
2019-07-14 11:00:00+00:00,27.95,74.29414,0.0,6.618519,135.0001,0.248
2019-07-14 12:00:00+00:00,26.8,75.014046,0.0,9.339208,117.552734,0.242
2019-07-14 13:00:00+00:00,26.15,75.8319,0.0,7.9932976,97.76508,0.242
2019-07-14 14:00:00+00:00,25.25,81.968735,0.0,7.928178,87.3975,0.242
2019-07-14 15:00:00+00:00,24.7,87.85212,0.0,7.5685663,92.72626,0.242
2019-07-14 16:00:00+00:00,24.5,86.50839,0.0,9.028754,113.49858,0.242
2019-07-14 17:00:00+00:00,24.65,82.651,0.0,10.233123,129.28938,0.242
2019-07-14 18:00:00+00:00,24.05,87.26214,0.0,9.220499,128.65984,0.242
2019-07-14 19:00:00+00:00,23.5,90.198296,0.0,8.942214,130.10085,0.242
2019-07-14 20:00:00+00:00,23.1,92.40349,0.0,8.913181,136.63654,0.242
2019-07-14 21:00:00+00:00,22.8,94.097206,0.0,8.435069,140.19447,0.242
2019-07-14 22:00:00+00:00,22.55,95.53531,0.0,7.928177,140.52757,0.243
2019-07-14 23:00:00+00:00,22.4,96.70481,0.0,8.435069,140.19447,0.243
2019-07-15 00:00:00+00:00,23.95,91.61187,0.0,9.449572,139.63554,0.242
2019-07-15 01:00:00+00:00,25.95,84.06696,0.0,10.464797,139.18501,0.242
2019-07-15 02:00:00+00:00,27.7,76.53517,0.0,10.464797,130.81499,0.242
2019-07-15 03:00:00+00:00,29.2,65.01902,0.0,9.793059,126.027466,0.241
2019-07-15 04:00:00+00:00,30.0,58.94229,0.0,7.653705,131.18582,0.239
2019-07-15 05:00:00+00:00,30.5,56.05677,0.1,5.1919937,146.3099,0.238
2019-07-15 06:00:00+00:00,30.9,54.45316,0.1,4.39436,145.0079,0.238
2019-07-15 07:00:00+00:00,30.95,54.97063,0.1,4.6938257,147.52882,0.237
2019-07-15 08:00:00+00:00,30.6,56.94918,0.1,5.4833565,156.80138,0.236
2019-07-15 09:00:00+00:00,29.9,60.753708,0.1,6.439876,153.43501,0.235
2019-07-15 10:00:00+00:00,28.85,69.23619,0.0,6.618519,135.0001,0.235
2019-07-15 11:00:00+00:00,27.05,76.66817,0.0,7.968939,108.43504,0.235
2019-07-15 12:00:00+00:00,25.95,86.38314,0.0,7.69592,100.784256,0.234
2019-07-15 13:00:00+00:00,25.3,85.281044,0.0,7.42159,112.833694,0.234
2019-07-15 14:00:00+00:00,24.95,83.44695,0.0,7.42159,112.833694,0.234
2019-07-15 15:00:00+00:00,24.65,82.398384,0.0,8.311245,107.650215,0.234
2019-07-15 16:00:00+00:00,24.35,85.183945,0.0,8.225035,113.198616,0.234
2019-07-15 17:00:00+00:00,24.2,87.809326,0.0,7.7879906,123.6901,0.234
2019-07-15 18:00:00+00:00,23.9,90.50133,0.0,7.8954163,133.1524,0.234
2019-07-15 19:00:00+00:00,23.7,91.31841,0.0,8.209263,142.12495,0.234
2019-07-15 20:00:00+00:00,23.5,90.75062,0.0,10.1887,147.99466,0.234
2019-07-15 21:00:00+00:00,23.4,89.094734,0.0,9.83268,156.2505,0.234
2019-07-15 22:00:00+00:00,23.0,90.43991,0.0,9.227524,159.44388,0.234
2019-07-15 23:00:00+00:00,22.65,92.09602,0.0,7.8954163,155.77226,0.235
2019-07-16 00:00:00+00:00,23.7,89.11792,0.0,8.089993,159.14546,0.235
2019-07-16 01:00:00+00:00,25.75,81.03797,0.0,9.028754,156.50142,0.235
2019-07-16 02:00:00+00:00,27.45,74.21172,0.0,11.119281,150.9455,0.234
2019-07-16 03:00:00+00:00,28.8,66.94895,0.0,12.599998,143.13002,0.233
2019-07-16 04:00:00+00:00,29.85,60.742435,0.0,13.896187,143.42688,0.231
2019-07-16 05:00:00+00:00,30.65,57.13615,0.0,13.684735,144.63745,0.23
2019-07-16 06:00:00+00:00,31.2,54.026276,0.0,13.392774,143.74608,0.228
2019-07-16 07:00:00+00:00,31.3,52.411476,0.0,12.88981,144.09018,0.226
2019-07-16 08:00:00+00:00,31.0,53.15074,0.0,11.631956,158.19853,0.225
2019-07-16 09:00:00+00:00,30.25,57.569496,0.0,11.440979,155.85446,0.224
2019-07-16 10:00:00+00:00,29.35,62.901943,0.0,9.983106,154.35904,0.224
2019-07-16 11:00:00+00:00,27.65,68.16715,0.0,8.854829,153.43501,0.223
2019-07-16 12:00:00+00:00,27.15,70.62453,0.0,5.8603754,132.5104,0.219
2019-07-16 13:00:00+00:00,26.9,71.01303,0.0,6.297428,120.963684,0.219
2019-07-16 14:00:00+00:00,26.9,69.71653,0.0,7.0911775,156.0375,0.219
2019-07-16 15:00:00+00:00,26.2,71.98557,0.0,9.178235,138.17992,0.22
2019-07-16 16:00:00+00:00,25.2,78.5262,0.0,7.9932966,125.837746,0.22
2019-07-16 17:00:00+00:00,24.7,82.6569,0.0,8.854829,116.56499,0.22
2019-07-16 18:00:00+00:00,24.4,82.875046,0.0,9.178235,115.55992,0.22
2019-07-16 19:00:00+00:00,24.0,84.109955,0.0,10.315115,119.24873,0.22
2019-07-16 20:00:00+00:00,23.65,86.6934,0.0,10.086427,124.82456,0.22
2019-07-16 21:00:00+00:00,23.25,90.180756,0.0,9.449572,130.36446,0.22
2019-07-16 22:00:00+00:00,22.75,94.09504,0.0,8.404285,136.73567,0.22
2019-07-16 23:00:00+00:00,22.55,95.82743,0.0,8.4963045,143.61555,0.22
2019-07-17 00:00:00+00:00,23.8,91.32464,0.0,9.220499,141.34016,0.221
2019-07-17 01:00:00+00:00,25.65,83.779785,0.0,9.931042,133.53127,0.22
2019-07-17 02:00:00+00:00,27.25,74.631355,0.0,11.457958,133.72705,0.22
2019-07-17 03:00:00+00:00,28.8,63.169003,0.0,12.229406,137.38599,0.219
2019-07-17 04:00:00+00:00,30.2,52.458714,0.0,13.493999,136.08084,0.218
2019-07-17 05:00:00+00:00,31.15,49.22372,0.0,12.031756,141.07245,0.216
2019-07-17 06:00:00+00:00,31.65,48.142376,0.0,11.435313,151.8215,0.214
2019-07-17 07:00:00+00:00,31.45,48.541214,0.0,10.966713,156.80138,0.213
2019-07-17 08:00:00+00:00,30.4,53.661476,0.0,12.074766,153.43501,0.212
2019-07-17 09:00:00+00:00,30.55,53.698837,0.0,11.113451,155.09526,0.211
2019-07-17 10:00:00+00:00,29.45,61.025627,0.0,10.086427,145.17545,0.211
2019-07-17 11:00:00+00:00,27.6,67.53268,0.0,9.1641035,135.0001,0.21
2019-07-17 12:00:00+00:00,26.05,71.29641,0.0,7.5942082,148.57048,0.207
2019-07-17 13:00:00+00:00,25.7,72.789955,0.0,7.42159,140.90616,0.207
2019-07-17 14:00:00+00:00,25.1,75.66602,0.0,8.669949,131.63345,0.207
2019-07-17 15:00:00+00:00,24.5,78.91105,0.0,9.021574,118.61037,0.207
2019-07-17 16:00:00+00:00,24.4,78.17003,0.0,9.504273,114.62355,0.207
2019-07-17 17:00:00+00:00,24.3,80.35545,0.0,10.00256,120.256355,0.207
2019-07-17 18:00:00+00:00,23.85,83.83554,0.0,9.0,126.86999,0.207
2019-07-17 19:00:00+00:00,23.3,86.660736,0.0,8.669949,131.63345,0.207
2019-07-17 20:00:00+00:00,23.0,88.24674,0.0,9.686609,138.01286,0.208
2019-07-17 21:00:00+00:00,22.75,89.869095,0.0,10.464797,139.18501,0.208
2019-07-17 22:00:00+00:00,22.45,92.084564,0.0,9.726664,141.009,0.208
2019-07-17 23:00:00+00:00,22.1,95.22816,0.0,8.534353,152.35411,0.208
2019-07-18 00:00:00+00:00,23.15,91.56345,0.0,9.339208,152.44728,0.208
2019-07-18 01:00:00+00:00,25.2,83.984856,0.0,10.00256,149.74365,0.208
2019-07-18 02:00:00+00:00,27.05,73.91986,0.0,12.819235,141.84273,0.207
2019-07-18 03:00:00+00:00,28.5,65.07188,0.0,11.304229,142.76509,0.206
2019-07-18 04:00:00+00:00,29.95,56.444305,0.0,12.738099,137.29063,0.205
2019-07-18 05:00:00+00:00,30.95,51.679073,0.0,12.475961,136.16905,0.204
2019-07-18 06:00:00+00:00,31.3,50.815716,0.0,11.019764,141.63248,0.202
2019-07-18 07:00:00+00:00,31.35,50.04684,0.0,12.819235,141.84273,0.201
2019-07-18 08:00:00+00:00,31.15,49.377163,0.0,13.104198,142.81522,0.2
2019-07-18 09:00:00+00:00,30.85,49.762333,0.0,11.609651,150.2552,0.199
2019-07-18 10:00:00+00:00,29.4,58.621662,0.0,11.808878,142.43134,0.198
2019-07-18 11:00:00+00:00,27.65,64.89386,0.0,8.404285,136.73567,0.198
2019-07-18 12:00:00+00:00,26.35,69.397995,0.0,7.42159,140.90616,0.192
2019-07-18 13:00:00+00:00,25.6,73.44934,0.0,5.3999996,143.13002,0.193
2019-07-18 14:00:00+00:00,24.85,77.51593,0.0,5.495161,121.60746,0.193
2019-07-18 15:00:00+00:00,24.7,77.732925,0.0,7.6367526,98.13002,0.193
2019-07-18 16:00:00+00:00,24.7,76.779625,0.0,8.225035,113.198616,0.193
2019-07-18 17:00:00+00:00,24.1,81.07509,0.0,8.913181,136.63654,0.193
2019-07-18 18:00:00+00:00,23.25,86.65602,0.0,8.714677,141.7098,0.193
2019-07-18 19:00:00+00:00,22.65,90.13852,0.0,9.178235,138.17992,0.193
2019-07-18 20:00:00+00:00,22.3,93.213974,0.0,9.1641035,135.0001,0.193
2019-07-18 21:00:00+00:00,22.35,94.65579,0.0,9.673221,135.0001,0.193
2019-07-18 22:00:00+00:00,22.15,96.40336,0.0,8.714677,141.7098,0.193
2019-07-18 23:00:00+00:00,21.95,97.58581,0.0,7.7879906,146.3099,0.193
2019-07-19 00:00:00+00:00,22.95,93.81701,0.0,7.5685663,154.65387,0.193
2019-07-19 01:00:00+00:00,25.4,83.497856,0.0,7.42159,157.1663,0.193
2019-07-19 02:00:00+00:00,27.65,73.348465,0.0,8.373386,154.5367,0.193
2019-07-19 03:00:00+00:00,29.55,64.894135,0.0,9.178235,154.44008,0.192
2019-07-19 04:00:00+00:00,31.1,57.593945,0.0,10.233123,140.71062,0.191
2019-07-19 05:00:00+00:00,31.85,53.855824,0.0,9.673221,135.0001,0.19
2019-07-19 06:00:00+00:00,32.3,51.54411,0.0,9.449572,130.36446,0.189
2019-07-19 07:00:00+00:00,32.05,51.79835,0.0,9.504272,127.30403,0.188
2019-07-19 08:00:00+00:00,32.0,51.626633,0.0,7.8954163,136.8476,0.187
2019-07-19 09:00:00+00:00,30.95,56.858185,0.0,8.217153,151.1893,0.187
2019-07-19 10:00:00+00:00,29.7,65.51984,0.0,7.289444,159.77505,0.187
2019-07-19 11:00:00+00:00,28.5,70.228935,0.0,7.5942082,148.57048,0.186
2019-07-19 12:00:00+00:00,27.45,74.890945,0.0,7.289444,110.22495,0.179
2019-07-19 13:00:00+00:00,27.1,76.2117,0.0,8.311245,107.650215,0.179
2019-07-19 14:00:00+00:00,26.7,78.024994,0.0,9.085988,123.6901,0.18
2019-07-19 15:00:00+00:00,26.1,82.32128,0.0,8.669949,131.63345,0.18
2019-07-19 16:00:00+00:00,25.65,84.8016,0.0,8.14587,135.0001,0.18
2019-07-19 17:00:00+00:00,25.3,87.37317,0.0,7.386582,136.97493,0.18
2019-07-19 18:00:00+00:00,24.9,89.751434,0.0,8.0899935,147.72438,0.18
2019-07-19 19:00:00+00:00,24.6,91.65091,0.0,8.587338,146.97614,0.18
2019-07-19 20:00:00+00:00,24.4,93.035255,0.0,8.39657,149.03632,0.18
2019-07-19 21:00:00+00:00,24.3,93.877495,0.0,7.9036193,149.9315,0.18
2019-07-19 22:00:00+00:00,23.75,97.03022,0.0,8.39657,149.03632,0.18
2019-07-19 23:00:00+00:00,23.55,98.20609,0.0,8.217153,151.1893,0.18
2019-07-20 00:00:00+00:00,25.05,93.06786,0.0,6.763786,154.7989,0.18
2019-07-20 01:00:00+00:00,26.85,82.41076,0.0,12.031756,141.07245,0.18
2019-07-20 02:00:00+00:00,27.8,77.24657,0.2,11.988594,138.65233,0.181
2019-07-20 03:00:00+00:00,28.6,77.133255,0.0,9.931042,136.46873,0.181
2019-07-20 04:00:00+00:00,30.05,70.09147,0.3,9.673221,135.0001,0.183
2019-07-20 05:00:00+00:00,30.6,63.363934,0.1,9.957108,130.60121,0.184
2019-07-20 06:00:00+00:00,31.15,59.20808,0.0,10.1887,122.00535,0.183
2019-07-20 07:00:00+00:00,31.95,55.72216,0.0,9.511088,119.4758,0.182
2019-07-20 08:00:00+00:00,32.05,53.576313,0.0,8.39657,120.96369,0.181
2019-07-20 09:00:00+00:00,31.8,54.34058,0.0,7.9036193,120.0685,0.181
2019-07-20 10:00:00+00:00,30.7,59.64795,0.0,7.8954163,133.1524,0.18
2019-07-20 11:00:00+00:00,28.6,69.61056,0.0,8.4963045,143.61555,0.18
2019-07-20 12:00:00+00:00,28.15,70.16417,0.0,10.296251,143.53067,0.171
2019-07-20 13:00:00+00:00,27.15,76.21945,0.3,13.755579,137.12111,0.173
2019-07-20 14:00:00+00:00,26.5,80.64359,0.2,13.004922,131.63345,0.174
2019-07-20 15:00:00+00:00,26.1,84.083336,0.1,10.009036,127.694305,0.175
2019-07-20 16:00:00+00:00,25.55,88.19,0.0,7.928177,129.47243,0.175
2019-07-20 17:00:00+00:00,25.2,91.41122,0.0,7.386582,136.97493,0.175
2019-07-20 18:00:00+00:00,24.85,94.184685,0.0,6.4096174,128.15727,0.175
2019-07-20 19:00:00+00:00,24.6,95.314896,0.0,6.1094027,135.0001,0.176
2019-07-20 20:00:00+00:00,24.1,97.62409,0.0,5.6920996,161.56496,0.176
2019-07-20 21:00:00+00:00,23.9,98.210754,0.0,5.8603754,169.3804,0.176
2019-07-20 22:00:00+00:00,23.8,98.505875,0.0,6.2145634,169.99208,0.176
2019-07-20 23:00:00+00:00,23.75,98.5053,0.0,6.151683,159.44388,0.176
2019-07-21 00:00:00+00:00,24.8,93.899666,0.1,8.311245,162.3498,0.179
2019-07-21 01:00:00+00:00,26.45,85.39731,0.0,9.659814,153.43501,0.179
2019-07-21 02:00:00+00:00,27.45,80.523605,0.0,9.511088,150.5242,0.179
2019-07-21 03:00:00+00:00,28.2,78.47574,0.1,5.991594,147.26479,0.18
2019-07-21 04:00:00+00:00,29.4,74.53106,0.2,4.39436,145.0079,0.181
2019-07-21 05:00:00+00:00,26.7,84.14847,4.5,11.269782,153.43501,0.23
2019-07-21 06:00:00+00:00,26.5,87.478455,0.3,8.669949,131.63345,0.231
2019-07-21 07:00:00+00:00,27.25,82.95484,0.2,5.991594,122.73522,0.232
2019-07-21 08:00:00+00:00,28.8,76.70204,0.1,5.0911684,135.0001,0.232
2019-07-21 09:00:00+00:00,28.15,78.70458,0.1,5.2416787,105.945465,0.233
2019-07-21 10:00:00+00:00,26.2,91.19931,2.1,5.6920996,108.43504,0.25
2019-07-21 11:00:00+00:00,24.25,99.401985,2.9,8.759178,99.46225,0.289
2019-07-21 12:00:00+00:00,24.5,99.40308,0.8,6.725354,105.52418,0.272
2019-07-21 13:00:00+00:00,24.05,99.700195,0.4,6.297428,120.963684,0.278
2019-07-21 14:00:00+00:00,23.65,99.69927,1.1,5.00128,120.256355,0.292
2019-07-21 15:00:00+00:00,23.7,99.39953,0.8,3.8939953,123.6901,0.302
2019-07-21 16:00:00+00:00,23.55,99.69905,0.2,3.96,90.0,0.304
2019-07-21 17:00:00+00:00,23.6,99.69913,0.1,4.198285,120.96369,0.304
2019-07-21 18:00:00+00:00,23.55,99.69905,0.4,5.904439,142.43134,0.31
2019-07-21 19:00:00+00:00,23.25,99.698364,3.2,8.373386,154.5367,0.352
2019-07-21 20:00:00+00:00,23.25,99.698364,0.3,6.379216,163.61038,0.354
2019-07-21 21:00:00+00:00,23.2,99.69822,0.3,6.830519,161.56496,0.355
2019-07-21 22:00:00+00:00,23.1,100.0,0.1,5.6920996,161.56496,0.354
2019-07-21 23:00:00+00:00,22.95,99.69767,1.5,5.4833565,156.80138,0.371
2019-07-22 00:00:00+00:00,23.2,99.69822,2.0,6.130579,183.3664,0.366
2019-07-22 01:00:00+00:00,23.4,99.69872,0.4,6.4799995,180.0,0.366
2019-07-22 02:00:00+00:00,23.95,95.87019,0.3,7.9526596,174.80566,0.365
2019-07-22 03:00:00+00:00,24.75,91.65988,0.1,9.007196,177.70944,0.362
2019-07-22 04:00:00+00:00,25.5,88.185814,0.1,8.4042845,170.13426,0.359
2019-07-22 05:00:00+00:00,25.25,90.04791,0.2,8.049845,153.43501,0.357
2019-07-22 06:00:00+00:00,26.2,87.18983,0.1,4.68,180.0,0.354
2019-07-22 07:00:00+00:00,26.6,86.44433,0.0,3.096837,215.53777,0.351
2019-07-22 08:00:00+00:00,27.05,85.71373,0.2,1.8,143.13002,0.349
2019-07-22 09:00:00+00:00,25.65,92.264984,1.2,4.6800003,157.3801,0.356
2019-07-22 10:00:00+00:00,25.3,94.486336,0.1,2.6208394,164.05453,0.353
2019-07-22 11:00:00+00:00,24.8,97.92913,0.0,2.2768397,198.43504,0.351
2019-07-22 12:00:00+00:00,25.1,100.0,0.0,1.8,143.13002,0.344
2019-07-22 13:00:00+00:00,24.75,100.0,0.0,2.7416782,156.80138,0.342
2019-07-22 14:00:00+00:00,24.7,99.7016,0.0,3.8773184,158.19853,0.34
2019-07-22 15:00:00+00:00,24.7,98.51584,0.0,4.1046314,164.74483,0.339
2019-07-22 16:00:00+00:00,24.5,98.80932,0.0,3.8939953,146.3099,0.337
2019-07-22 17:00:00+00:00,24.4,99.1052,0.0,3.7064266,119.05451,0.335
2019-07-22 18:00:00+00:00,24.0,99.70004,0.0,4.39436,124.992096,0.334
2019-07-22 19:00:00+00:00,23.7,99.69935,0.0,5.1165614,140.71062,0.333
2019-07-22 20:00:00+00:00,23.6,99.69913,0.0,4.8433046,138.01286,0.331
2019-07-22 21:00:00+00:00,23.55,99.69905,0.0,3.6,143.13002,0.33
2019-07-22 22:00:00+00:00,23.6,99.69913,0.0,4.39436,145.0079,0.329
2019-07-22 23:00:00+00:00,23.6,99.399086,0.0,4.6800003,157.3801,0.328
2019-07-23 00:00:00+00:00,23.8,97.91375,0.0,5.4477882,172.40544,0.338
2019-07-23 01:00:00+00:00,24.6,93.60821,0.0,5.3517847,160.34608,0.337
2019-07-23 02:00:00+00:00,25.75,88.20651,0.0,6.9153743,141.34016,0.335
2019-07-23 03:00:00+00:00,27.5,79.32735,0.1,9.449572,130.36446,0.334
2019-07-23 04:00:00+00:00,28.6,72.40731,0.1,9.957108,130.60121,0.331
2019-07-23 05:00:00+00:00,29.35,67.87727,0.0,8.714677,128.2902,0.329
2019-07-23 06:00:00+00:00,29.25,68.06381,0.0,7.653705,131.18582,0.326
2019-07-23 07:00:00+00:00,30.0,64.791016,0.0,7.42159,129.09386,0.323
2019-07-23 08:00:00+00:00,29.95,65.37282,0.0,7.7043357,127.40543,0.32
2019-07-23 09:00:00+00:00,29.15,68.66616,0.0,6.638072,130.60121,0.318
2019-07-23 10:00:00+00:00,27.95,77.73558,0.0,5.4477882,97.59455,0.316
2019-07-23 11:00:00+00:00,26.65,85.16123,0.0,5.506941,78.6901,0.315
2019-07-23 12:00:00+00:00,24.85,98.81243,0.0,3.096837,54.46224,0.331
2019-07-23 13:00:00+00:00,25.1,97.9337,0.0,2.3051248,51.34017,0.329
2019-07-23 14:00:00+00:00,24.65,99.10686,0.0,2.3051248,38.65983,0.328
2019-07-23 15:00:00+00:00,24.5,98.21868,0.0,2.5455842,81.86999,0.327
2019-07-23 16:00:00+00:00,23.9,98.80404,0.0,4.6800003,112.61991,0.326
2019-07-23 17:00:00+00:00,24.05,97.91761,0.0,3.8939953,146.3099,0.325
2019-07-23 18:00:00+00:00,24.3,97.334564,0.0,7.491114,144.78232,0.324
2019-07-23 19:00:00+00:00,24.2,96.167175,0.0,7.7043357,142.59457,0.323
2019-07-23 20:00:00+00:00,23.7,95.86261,0.0,7.289444,159.77505,0.322
2019-07-23 21:00:00+00:00,23.1,96.42854,0.0,8.225035,156.80139,0.321
2019-07-23 22:00:00+00:00,22.6,97.00482,0.0,8.049845,153.43501,0.32
2019-07-23 23:00:00+00:00,22.3,97.29476,0.0,8.534353,152.35411,0.32
2019-07-24 00:00:00+00:00,23.05,95.26144,0.0,9.028754,156.50142,0.318
2019-07-24 01:00:00+00:00,25.05,88.415665,0.0,8.854829,153.43501,0.317
2019-07-24 02:00:00+00:00,26.8,78.752655,0.0,11.183201,146.82147,0.315
2019-07-24 03:00:00+00:00,28.2,70.38724,0.0,12.819235,141.84273,0.313
2019-07-24 04:00:00+00:00,29.3,63.85997,0.0,12.229406,137.38599,0.31
2019-07-24 05:00:00+00:00,30.05,60.601925,0.0,12.496718,138.50363,0.307
2019-07-24 06:00:00+00:00,30.1,58.965492,0.0,11.966954,133.7812,0.304
2019-07-24 07:00:00+00:00,30.45,56.390766,0.0,9.931042,136.46873,0.301
2019-07-24 08:00:00+00:00,30.5,56.22954,0.0,10.587918,144.6887,0.298
2019-07-24 09:00:00+00:00,30.0,56.456326,0.0,10.787993,154.2901,0.295
2019-07-24 10:00:00+00:00,28.8,63.557884,0.0,9.531505,169.11452,0.293
2019-07-24 11:00:00+00:00,26.55,74.51684,0.0,5.1544156,167.90526,0.293
2019-07-24 12:00:00+00:00,25.3,79.265594,0.0,6.9247384,117.89718,0.289
2019-07-24 13:00:00+00:00,25.2,78.28563,0.0,5.00128,120.256355,0.288
2019-07-24 14:00:00+00:00,25.5,75.26501,0.0,9.673221,135.0001,0.288
2019-07-24 15:00:00+00:00,24.55,80.38852,0.0,6.3690495,132.70937,0.288
2019-07-24 16:00:00+00:00,24.25,80.101654,0.0,8.707237,119.74479,0.287
2019-07-24 17:00:00+00:00,24.2,82.09167,0.0,9.585739,124.286934,0.287
2019-07-24 18:00:00+00:00,23.65,86.16339,0.0,9.504272,127.30403,0.287
2019-07-24 19:00:00+00:00,23.05,89.615654,0.0,9.449572,130.36446,0.286
2019-07-24 20:00:00+00:00,22.45,93.22137,0.0,8.913181,136.63654,0.286
2019-07-24 21:00:00+00:00,21.95,95.80886,0.0,8.78872,145.0079,0.286
2019-07-24 22:00:00+00:00,21.65,96.68642,0.0,8.4963045,143.61555,0.285
2019-07-24 23:00:00+00:00,21.35,97.275505,0.0,8.4963045,143.61555,0.285
2019-07-25 00:00:00+00:00,22.7,94.09288,0.0,9.021574,151.38963,0.285
2019-07-25 01:00:00+00:00,25.05,84.996796,0.0,8.373386,154.5367,0.285
2019-07-25 02:00:00+00:00,26.9,77.581894,0.0,9.793059,143.97253,0.283
2019-07-25 03:00:00+00:00,28.3,68.71168,0.0,9.422101,136.54811,0.282
2019-07-25 04:00:00+00:00,29.45,62.15834,0.0,8.913181,136.63654,0.279
2019-07-25 05:00:00+00:00,30.55,57.287903,0.0,10.383987,123.690094,0.276
2019-07-25 06:00:00+00:00,30.6,55.054356,0.0,10.990322,121.60746,0.274
2019-07-25 07:00:00+00:00,31.0,52.660458,0.0,9.387651,122.471176,0.271
2019-07-25 08:00:00+00:00,31.3,50.50173,0.0,8.161764,131.42357,0.269
2019-07-25 09:00:00+00:00,30.2,56.853622,0.0,9.220499,141.34016,0.268
2019-07-25 10:00:00+00:00,29.0,65.77551,0.0,7.10031,149.53453,0.266
2019-07-25 11:00:00+00:00,27.35,72.630486,0.0,6.792466,147.99466,0.266
2019-07-25 12:00:00+00:00,26.05,76.28168,0.0,6.725354,105.52418,0.26
2019-07-25 13:00:00+00:00,25.25,83.735275,0.0,8.089993,69.14546,0.259
2019-07-25 14:00:00+00:00,24.8,88.93266,0.0,8.209263,74.74483,0.259
2019-07-25 15:00:00+00:00,24.6,88.378845,0.0,8.64,90.0,0.259
2019-07-25 16:00:00+00:00,24.25,88.619484,0.0,8.049845,100.30479,0.259
2019-07-25 17:00:00+00:00,23.75,89.12178,0.0,7.8954163,114.22774,0.259
2019-07-25 18:00:00+00:00,23.35,87.19931,0.0,7.729527,117.75845,0.259
2019-07-25 19:00:00+00:00,22.75,88.4979,0.0,7.9036193,120.0685,0.259
2019-07-25 20:00:00+00:00,22.2,92.353745,0.0,7.9036193,120.0685,0.259
2019-07-25 21:00:00+00:00,21.85,95.51218,0.0,7.7043357,127.40543,0.259
2019-07-25 22:00:00+00:00,21.75,96.68886,0.0,7.928177,129.47243,0.258
2019-07-25 23:00:00+00:00,21.65,97.28164,0.0,7.8954163,136.8476,0.258
2019-07-26 00:00:00+00:00,22.85,93.81249,0.0,6.6087217,150.64235,0.258
2019-07-26 01:00:00+00:00,25.25,85.27595,0.0,6.3690495,137.29063,0.257
2019-07-26 02:00:00+00:00,27.2,78.09717,0.0,7.928177,129.47243,0.256
2019-07-26 03:00:00+00:00,29.1,66.60247,0.0,7.8954163,136.8476,0.255
2019-07-26 04:00:00+00:00,30.1,61.358364,0.0,8.4963045,143.61555,0.253
2019-07-26 05:00:00+00:00,30.6,58.721107,0.0,7.653705,138.81418,0.251
2019-07-26 06:00:00+00:00,30.6,58.006607,0.0,6.1094027,135.0001,0.249
2019-07-26 07:00:00+00:00,30.8,55.95706,0.1,5.904439,127.568665,0.248
2019-07-26 08:00:00+00:00,30.8,56.129192,0.1,5.495161,121.60746,0.246
2019-07-26 09:00:00+00:00,30.35,58.125904,0.0,5.3517847,137.72638,0.245
2019-07-26 10:00:00+00:00,29.65,67.1185,0.0,4.072935,135.0001,0.244
2019-07-26 11:00:00+00:00,28.0,73.185555,0.0,6.379216,106.38962,0.244
2019-07-26 12:00:00+00:00,27.0,75.04626,0.0,9.0645685,83.15732,0.237
2019-07-26 13:00:00+00:00,26.25,78.43609,0.0,6.5693827,99.46225,0.237
2019-07-26 14:00:00+00:00,25.9,80.07676,0.0,6.6185193,112.38018,0.237
2019-07-26 15:00:00+00:00,25.45,81.49505,0.0,6.489992,93.17977,0.236
2019-07-26 16:00:00+00:00,24.7,86.26435,0.0,5.4119864,93.814,0.236
2019-07-26 17:00:00+00:00,24.5,88.370674,0.0,5.815978,111.801476,0.236
2019-07-26 18:00:00+00:00,23.85,92.444565,0.0,5.0911684,135.0001,0.236
2019-07-26 19:00:00+00:00,24.2,90.79686,0.0,5.3999996,126.86998,0.236
2019-07-26 20:00:00+00:00,24.1,92.17836,0.0,7.5685663,115.34614,0.236
2019-07-26 21:00:00+00:00,23.75,93.852936,0.0,7.5685663,115.34614,0.236
2019-07-26 22:00:00+00:00,23.2,96.431175,0.0,7.8954163,114.22774,0.236
2019-07-26 23:00:00+00:00,23.0,97.01369,0.0,7.7043357,127.40543,0.236
2019-07-27 00:00:00+00:00,24.15,93.022644,0.0,6.1094027,135.0001,0.236
2019-07-27 01:00:00+00:00,25.65,86.35479,0.0,6.489992,146.3099,0.236
2019-07-27 02:00:00+00:00,27.4,78.83669,0.0,7.7043357,142.59457,0.235
2019-07-27 03:00:00+00:00,29.25,68.270424,0.2,8.669949,138.36655,0.235
2019-07-27 04:00:00+00:00,30.35,62.545708,0.1,8.654987,135.0001,0.234
2019-07-27 05:00:00+00:00,31.05,59.005043,0.1,8.942214,130.10085,0.233
2019-07-27 06:00:00+00:00,31.55,57.175064,0.1,6.9153743,128.65984,0.232
2019-07-27 07:00:00+00:00,31.8,56.026802,0.1,6.193674,125.537766,0.231
2019-07-27 08:00:00+00:00,30.75,60.574993,0.1,7.628263,109.290146,0.23
2019-07-27 09:00:00+00:00,30.05,66.99526,0.2,3.671294,101.3099,0.23
2019-07-27 10:00:00+00:00,28.05,75.67009,0.3,7.6367526,98.13002,0.231
2019-07-27 11:00:00+00:00,26.4,87.73252,0.1,5.2416787,105.945465,0.232
2019-07-27 12:00:00+00:00,26.4,86.94627,0.0,3.671294,78.6901,0.222
2019-07-27 13:00:00+00:00,26.15,89.03747,0.0,5.0142193,68.96242,0.222
2019-07-27 14:00:00+00:00,25.9,90.09366,0.0,6.87779,96.00892,0.222
2019-07-27 15:00:00+00:00,25.8,89.547134,0.0,7.5942073,84.55976,0.222
2019-07-27 16:00:00+00:00,25.5,90.881805,0.0,6.489992,86.82024,0.222
2019-07-27 17:00:00+00:00,25.1,90.3094,0.1,11.119281,119.05451,0.223
2019-07-27 18:00:00+00:00,24.75,87.059586,0.2,4.8433046,138.01286,0.224
2019-07-27 19:00:00+00:00,24.45,88.90523,0.2,7.2,126.86999,0.225
2019-07-27 20:00:00+00:00,24.25,91.076,0.0,6.3690495,132.70937,0.225
2019-07-27 21:00:00+00:00,23.95,93.86188,0.0,7.0911775,156.0375,0.225
2019-07-27 22:00:00+00:00,23.65,95.8611,0.0,7.24486,153.43501,0.225
2019-07-27 23:00:00+00:00,23.4,96.72913,0.0,7.7879906,146.3099,0.225
2019-07-28 00:00:00+00:00,24.45,92.75711,0.0,8.217153,151.1893,0.225
2019-07-28 01:00:00+00:00,26.1,85.61986,0.0,9.021574,151.38963,0.225
2019-07-28 02:00:00+00:00,27.5,78.376465,0.0,9.793059,143.97253,0.224
2019-07-28 03:00:00+00:00,29.15,68.66616,0.0,9.504272,142.69597,0.223
2019-07-28 04:00:00+00:00,30.7,59.104324,0.0,9.504272,142.69597,0.222
2019-07-28 05:00:00+00:00,31.75,53.831078,0.0,10.086427,145.17545,0.22
2019-07-28 06:00:00+00:00,32.7,51.01624,0.0,9.693296,148.67137,0.218
2019-07-28 07:00:00+00:00,33.0,49.246693,0.0,9.585739,145.71307,0.216
2019-07-28 08:00:00+00:00,32.75,49.030773,0.0,10.009036,142.3057,0.215
2019-07-28 09:00:00+00:00,31.85,50.48671,0.0,9.585739,145.71307,0.214
2019-07-28 10:00:00+00:00,30.65,58.374588,0.0,6.989936,145.49142,0.213
2019-07-28 11:00:00+00:00,28.5,66.88884,0.0,4.896529,107.10281,0.213
2019-07-28 12:00:00+00:00,26.95,76.42042,0.0,3.5455887,66.037506,0.207
2019-07-28 13:00:00+00:00,26.65,80.663025,0.0,4.072935,44.999897,0.207
2019-07-28 14:00:00+00:00,26.1,85.10496,0.0,4.5536795,71.564964,0.207
2019-07-28 15:00:00+00:00,25.75,88.4725,0.0,5.506941,78.6901,0.207
2019-07-28 16:00:00+00:00,24.85,92.77798,0.0,4.73506,98.74608,0.207
2019-07-28 17:00:00+00:00,24.8,87.59445,0.0,5.1919937,123.690094,0.207
2019-07-28 18:00:00+00:00,24.5,85.72087,0.0,5.8603754,137.4896,0.207
2019-07-28 19:00:00+00:00,24.15,89.42428,0.0,7.653705,131.18582,0.207
2019-07-28 20:00:00+00:00,23.85,93.007454,0.0,7.653705,138.81418,0.207
2019-07-28 21:00:00+00:00,23.7,94.42173,0.0,7.7043357,142.59457,0.207
2019-07-28 22:00:00+00:00,23.5,95.8565,0.0,8.161764,138.57643,0.207
2019-07-28 23:00:00+00:00,23.35,96.72787,0.0,9.0,143.13002,0.207
2019-07-29 00:00:00+00:00,24.6,91.92833,0.0,8.4963045,143.61555,0.207
2019-07-29 01:00:00+00:00,26.65,83.63802,0.0,9.085988,146.3099,0.206
2019-07-29 02:00:00+00:00,28.5,73.49207,0.0,9.585739,145.71307,0.206
2019-07-29 03:00:00+00:00,29.95,63.99826,0.0,8.587338,146.97614,0.205
2019-07-29 04:00:00+00:00,31.15,57.080135,0.0,7.5942082,148.57048,0.204
2019-07-29 05:00:00+00:00,32.15,53.765297,0.0,7.9932966,144.16226,0.202
2019-07-29 06:00:00+00:00,32.5,52.551662,0.0,7.9932966,144.16226,0.201
2019-07-29 07:00:00+00:00,32.85,51.367985,0.0,7.7043357,142.59457,0.2
2019-07-29 08:00:00+00:00,32.6,51.1475,0.0,7.7043357,142.59457,0.198
2019-07-29 09:00:00+00:00,31.95,52.09249,0.0,8.161764,138.57643,0.197
2019-07-29 10:00:00+00:00,30.75,57.864506,0.0,6.618519,135.0001,0.197
2019-07-29 11:00:00+00:00,28.9,64.956406,0.0,8.404285,133.26433,0.196
2019-07-29 12:00:00+00:00,27.5,68.76787,0.0,8.287822,87.5105,0.193
2019-07-29 13:00:00+00:00,26.7,75.918144,0.0,7.8954163,65.77226,0.193
2019-07-29 14:00:00+00:00,25.95,79.35517,0.0,7.5170207,73.300674,0.193
2019-07-29 15:00:00+00:00,25.3,82.97998,0.0,7.8625183,74.054535,0.193
2019-07-29 16:00:00+00:00,25.05,86.56005,0.0,8.049845,79.69521,0.193
2019-07-29 17:00:00+00:00,24.75,91.10787,0.0,8.669949,94.76356,0.193
2019-07-29 18:00:00+00:00,24.65,94.46023,0.0,9.360001,112.61991,0.193
2019-07-29 19:00:00+00:00,24.35,94.448074,0.0,9.0,126.86999,0.193
2019-07-29 20:00:00+00:00,23.9,95.290886,0.0,8.435069,129.80553,0.193
2019-07-29 21:00:00+00:00,23.55,95.2788,0.0,8.4963045,126.384445,0.193
2019-07-29 22:00:00+00:00,23.25,95.84887,0.0,8.435069,129.80553,0.193
2019-07-29 23:00:00+00:00,23.0,97.01369,0.0,8.587338,146.97614,0.193
2019-07-30 00:00:00+00:00,24.25,91.908005,0.0,7.24486,153.43501,0.195
2019-07-30 01:00:00+00:00,26.55,80.1631,0.0,12.261157,139.76372,0.195
2019-07-30 02:00:00+00:00,28.3,71.48293,0.0,12.218805,135.0001,0.195
2019-07-30 03:00:00+00:00,29.85,62.818584,0.1,11.246759,140.19447,0.194
2019-07-30 04:00:00+00:00,30.65,58.73272,0.0,9.885262,146.88864,0.193
2019-07-30 05:00:00+00:00,31.4,54.743835,0.0,9.659814,153.43501,0.192
2019-07-30 06:00:00+00:00,32.05,51.639324,0.0,9.339208,152.44728,0.191
2019-07-30 07:00:00+00:00,32.05,50.382362,0.0,9.659814,153.43501,0.19
2019-07-30 08:00:00+00:00,31.8,50.786633,0.0,9.178235,154.44008,0.189
2019-07-30 09:00:00+00:00,31.35,50.514572,0.0,9.19939,149.42085,0.188
2019-07-30 10:00:00+00:00,30.55,55.553417,0.0,5.8048253,150.2552,0.188
2019-07-30 11:00:00+00:00,28.6,62.93182,0.0,6.1305785,139.76372,0.187
2019-07-30 12:00:00+00:00,26.75,70.55087,0.0,5.1165614,129.28938,0.183
2019-07-30 13:00:00+00:00,26.6,67.961136,0.0,9.220499,128.65984,0.182
2019-07-30 14:00:00+00:00,25.6,71.65681,0.0,8.654986,106.9276,0.182
2019-07-30 15:00:00+00:00,25.15,73.82783,0.0,8.766573,109.17911,0.182
2019-07-30 16:00:00+00:00,24.7,74.67205,0.0,10.1887,122.00535,0.182
2019-07-30 17:00:00+00:00,24.65,73.05947,0.0,9.957108,130.60121,0.182
2019-07-30 18:00:00+00:00,23.7,81.02374,0.0,9.673221,135.0001,0.182
2019-07-30 19:00:00+00:00,23.05,86.90442,0.0,9.178235,138.17992,0.182
2019-07-30 20:00:00+00:00,22.95,89.059746,0.0,8.913181,136.63654,0.182
2019-07-30 21:00:00+00:00,22.75,91.53905,0.0,8.654987,135.0001,0.182
2019-07-30 22:00:00+00:00,22.2,95.23167,0.0,8.669949,138.36655,0.182
2019-07-30 23:00:00+00:00,22.05,96.69625,0.0,9.0,143.13002,0.182
2019-07-31 00:00:00+00:00,23.2,92.40897,0.0,9.021574,151.38963,0.183
2019-07-31 01:00:00+00:00,25.55,82.75705,0.0,10.00256,149.74365,0.183
2019-07-31 02:00:00+00:00,27.7,70.50986,0.0,14.4,143.13002,0.182
2019-07-31 03:00:00+00:00,29.25,61.168327,0.0,12.904882,149.8587,0.182
2019-07-31 04:00:00+00:00,30.45,53.67393,0.0,12.24,151.92761,0.181
2019-07-31 05:00:00+00:00,31.35,49.582905,0.0,13.608762,142.52374,0.18
2019-07-31 06:00:00+00:00,32.15,46.36251,0.0,11.525623,141.34016,0.179
2019-07-31 07:00:00+00:00,32.5,43.374348,0.0,11.808878,142.43134,0.178
2019-07-31 08:00:00+00:00,32.25,43.17106,0.0,12.538134,140.82635,0.177
2019-07-31 09:00:00+00:00,31.25,48.488884,0.0,13.783817,139.23648,0.176
2019-07-31 10:00:00+00:00,30.3,53.969906,0.0,7.5685663,154.65387,0.176
2019-07-31 11:00:00+00:00,28.3,64.038666,0.0,4.6938252,175.60138,0.176
2019-07-31 12:00:00+00:00,27.4,63.059414,0.0,5.6920996,198.43504,0.175
2019-07-31 13:00:00+00:00,26.8,66.54535,0.0,3.5455887,113.962494,0.175
2019-07-31 14:00:00+00:00,26.0,71.95002,0.0,6.638072,77.4712,0.175
2019-07-31 15:00:00+00:00,25.65,76.688675,0.0,6.638072,102.5288,0.175
2019-07-31 16:00:00+00:00,25.4,77.35973,0.0,7.10031,120.46546,0.175
2019-07-31 17:00:00+00:00,24.75,77.98017,0.0,8.78872,124.992096,0.175
2019-07-31 18:00:00+00:00,23.95,82.06113,0.0,8.78872,124.992096,0.175
2019-07-31 19:00:00+00:00,23.25,86.12462,0.0,8.209263,127.875046,0.175
2019-07-31 20:00:00+00:00,22.6,90.13495,0.0,8.435069,129.80553,0.175
2019-07-31 21:00:00+00:00,22.3,92.928345,0.0,8.4963045,126.384445,0.175
2019-07-31 22:00:00+00:00,22.2,94.64987,0.0,8.669949,131.63345,0.175
2019-07-31 23:00:00+00:00,22.05,96.40071,0.0,8.942214,139.89915,0.175
2019-08-01 00:00:00+00:00,23.5,91.02791,0.0,9.085988,146.3099,0.175
2019-08-01 01:00:00+00:00,25.8,81.78696,0.0,9.290511,144.46223,0.175
2019-08-01 02:00:00+00:00,28.0,71.64672,0.0,10.739832,140.44037,0.174
2019-08-01 03:00:00+00:00,30.2,57.02891,0.0,11.246759,140.19447,0.174
2019-08-01 04:00:00+00:00,31.65,48.29234,0.0,11.753876,139.9698,0.173
2019-08-01 05:00:00+00:00,32.6,43.810574,0.0,10.464797,139.18501,0.172
2019-08-01 06:00:00+00:00,33.2,41.050274,0.0,10.195057,137.86247,0.171
2019-08-01 07:00:00+00:00,33.25,40.04457,0.0,10.233123,140.71062,0.17
2019-08-01 08:00:00+00:00,32.95,40.597176,0.0,10.739832,140.44037,0.169
2019-08-01 09:00:00+00:00,32.2,43.293266,0.0,10.233123,140.71062,0.169
2019-08-01 10:00:00+00:00,31.2,48.174328,0.0,8.534353,152.35411,0.168
2019-08-01 11:00:00+00:00,28.75,57.92776,0.0,9.449572,139.63554,0.168
2019-08-01 12:00:00+00:00,27.45,61.52295,0.0,9.19939,120.57915,0.162
2019-08-01 13:00:00+00:00,26.55,66.494446,0.0,8.427383,109.98319,0.162
2019-08-01 14:00:00+00:00,25.95,72.83335,0.0,9.565437,109.798965,0.162
2019-08-01 15:00:00+00:00,25.7,73.69304,0.0,9.659814,116.56499,0.162
2019-08-01 16:00:00+00:00,25.45,72.97163,0.0,10.990322,121.60746,0.162
2019-08-01 17:00:00+00:00,25.05,76.59676,0.0,10.990322,121.60746,0.162
2019-08-01 18:00:00+00:00,24.5,81.12627,0.0,10.805998,119.98155,0.162
2019-08-01 19:00:00+00:00,24.05,84.37383,0.0,10.787993,115.70991,0.162
2019-08-01 20:00:00+00:00,23.6,87.48939,0.0,9.826088,118.442825,0.162
2019-08-01 21:00:00+00:00,23.05,90.99888,0.0,7.491114,144.78232,0.162
2019-08-01 22:00:00+00:00,22.5,94.66168,0.0,7.628263,160.70985,0.162
2019-08-01 23:00:00+00:00,22.15,96.69871,0.0,7.754637,158.19853,0.162
2019-08-02 00:00:00+00:00,23.65,90.48433,0.0,6.9899354,168.11136,0.162
2019-08-02 01:00:00+00:00,26.05,80.340614,0.0,8.766573,160.82089,0.162
2019-08-02 02:00:00+00:00,28.15,69.52589,0.0,13.70839,150.06857,0.162
2019-08-02 03:00:00+00:00,29.4,61.390026,0.0,12.10157,149.62096,0.162
2019-08-02 04:00:00+00:00,30.7,53.73615,0.0,11.792404,148.73633,0.161
2019-08-02 05:00:00+00:00,31.7,48.305428,0.0,12.682018,145.40765,0.161
2019-08-02 06:00:00+00:00,32.2,45.658783,0.0,12.4811535,146.76828,0.16
2019-08-02 07:00:00+00:00,32.6,43.53739,0.0,11.298495,149.34941,0.16
2019-08-02 08:00:00+00:00,32.5,42.833878,0.0,11.119281,150.9455,0.159
2019-08-02 09:00:00+00:00,31.95,44.325455,0.0,11.298495,149.34941,0.159
2019-08-02 10:00:00+00:00,30.95,48.25924,0.0,7.10031,149.53453,0.159
2019-08-02 11:00:00+00:00,28.9,55.668068,0.0,7.2359104,174.2895,0.158
2019-08-02 12:00:00+00:00,27.35,60.173504,0.0,6.618519,135.0001,0.155
2019-08-02 13:00:00+00:00,26.5,62.666317,0.0,9.107359,108.43504,0.154
2019-08-02 14:00:00+00:00,25.9,66.15509,0.0,8.473393,102.26476,0.154
2019-08-02 15:00:00+00:00,25.65,71.88768,0.0,9.904906,109.09359,0.154
2019-08-02 16:00:00+00:00,25.7,74.3768,0.0,10.24578,108.43504,0.154
2019-08-02 17:00:00+00:00,25.4,77.597466,0.0,9.983106,115.64096,0.154
2019-08-02 18:00:00+00:00,25.0,80.94191,0.0,10.495713,120.96369,0.154
2019-08-02 19:00:00+00:00,24.65,82.90428,0.0,10.495713,120.96369,0.154
2019-08-02 20:00:00+00:00,24.3,84.65943,0.0,9.693296,121.328636,0.154
2019-08-02 21:00:00+00:00,24.05,86.20199,0.0,9.085988,123.6901,0.155
2019-08-02 22:00:00+00:00,23.85,87.24423,0.0,8.287822,124.3804,0.155
2019-08-02 23:00:00+00:00,23.5,89.375305,0.0,7.386582,133.02507,0.155
2019-08-03 00:00:00+00:00,24.5,85.98268,0.0,8.0899935,147.72438,0.155
2019-08-03 01:00:00+00:00,26.65,77.3097,0.0,9.339208,152.44728,0.155
2019-08-03 02:00:00+00:00,28.6,68.769264,0.0,10.883676,145.78424,0.155
2019-08-03 03:00:00+00:00,30.35,59.56773,0.0,10.587918,144.6887,0.155
2019-08-03 04:00:00+00:00,31.8,52.53726,0.0,10.195057,137.86247,0.155
2019-08-03 05:00:00+00:00,32.95,48.18413,0.0,9.673221,135.0001,0.154
2019-08-03 06:00:00+00:00,33.35,46.679947,0.0,8.714677,128.2902,0.154
2019-08-03 07:00:00+00:00,33.15,47.20677,0.1,8.891343,121.75944,0.154
2019-08-03 08:00:00+00:00,32.8,48.144978,0.1,9.19939,120.57915,0.154
2019-08-03 09:00:00+00:00,32.3,49.065376,0.0,9.19939,120.57915,0.154
2019-08-03 10:00:00+00:00,31.3,52.088856,0.0,7.42159,129.09386,0.154
2019-08-03 11:00:00+00:00,29.55,58.837692,0.0,5.8603754,100.619606,0.154
2019-08-03 12:00:00+00:00,27.9,66.56355,0.0,5.2416787,105.945465,0.15
2019-08-03 13:00:00+00:00,27.25,72.83499,0.0,5.154415,114.775116,0.15
2019-08-03 14:00:00+00:00,26.5,77.28735,0.0,6.792466,122.00535,0.15
2019-08-03 15:00:00+00:00,25.85,79.826546,0.0,6.9527545,111.25058,0.15
2019-08-03 16:00:00+00:00,25.45,79.28631,0.0,8.089993,110.854546,0.15
2019-08-03 17:00:00+00:00,25.25,76.157364,0.0,8.557102,112.24908,0.15
2019-08-03 18:00:00+00:00,24.85,77.03968,0.0,9.021574,118.61037,0.15
2019-08-03 19:00:00+00:00,24.35,80.362045,0.0,9.290511,125.537766,0.15
2019-08-03 20:00:00+00:00,23.85,84.09353,0.0,9.686609,131.98714,0.15
2019-08-03 21:00:00+00:00,23.45,87.74474,0.0,10.195057,137.86247,0.15
2019-08-03 22:00:00+00:00,23.15,90.727394,0.0,9.178235,138.17992,0.15
2019-08-03 23:00:00+00:00,22.85,92.95653,0.0,8.714677,141.7098,0.15
2019-08-04 00:00:00+00:00,24.25,87.81363,0.0,9.511088,150.5242,0.15
2019-08-04 01:00:00+00:00,26.45,78.7034,0.0,10.495713,149.03632,0.15
2019-08-04 02:00:00+00:00,28.55,67.72039,0.0,13.830749,141.34016,0.15
2019-08-04 03:00:00+00:00,29.85,60.928654,0.2,14.565548,140.01317,0.151
2019-08-04 04:00:00+00:00,30.6,57.29977,0.1,14.113652,142.25313,0.152
2019-08-04 05:00:00+00:00,31.1,54.67024,0.1,12.783802,147.65259,0.152
2019-08-04 06:00:00+00:00,32.0,51.152023,0.1,11.592895,154.23073,0.152
2019-08-04 07:00:00+00:00,32.45,49.10427,0.0,10.948973,152.59251,0.153
2019-08-04 08:00:00+00:00,32.0,49.90507,0.0,10.787993,154.2901,0.153
2019-08-04 09:00:00+00:00,31.7,50.137074,0.0,8.557102,157.75093,0.153
2019-08-04 10:00:00+00:00,31.05,53.492287,0.0,5.634891,153.43501,0.153
2019-08-04 11:00:00+00:00,29.55,56.697777,0.0,8.942214,139.89915,0.153
2019-08-04 12:00:00+00:00,28.7,58.095993,0.0,10.1887,122.00535,0.148
2019-08-04 13:00:00+00:00,27.55,62.702274,0.0,6.9899354,101.88863,0.148
2019-08-04 14:00:00+00:00,27.1,64.17844,0.0,7.5685663,115.34614,0.148
2019-08-04 15:00:00+00:00,26.75,67.3635,0.0,9.83268,113.749504,0.148
2019-08-04 16:00:00+00:00,26.4,71.35973,0.0,11.592895,115.76928,0.148
2019-08-04 17:00:00+00:00,25.65,75.98608,0.0,9.585739,124.286934,0.148
2019-08-04 18:00:00+00:00,25.05,79.96305,0.0,8.287822,124.3804,0.148
2019-08-04 19:00:00+00:00,24.65,82.398384,0.0,8.669949,131.63345,0.148
2019-08-04 20:00:00+00:00,24.7,82.910126,0.0,8.404285,136.73567,0.148
2019-08-04 21:00:00+00:00,24.2,85.95337,0.0,8.209263,142.12495,0.148
2019-08-04 22:00:00+00:00,23.9,88.32134,0.0,9.085988,146.3099,0.148
2019-08-04 23:00:00+00:00,23.5,91.58466,0.0,10.00256,149.74365,0.149
2019-08-05 00:00:00+00:00,24.5,88.63955,0.0,8.534353,152.35411,0.151
2019-08-05 01:00:00+00:00,26.55,78.7175,0.0,15.856354,140.52757,0.151
2019-08-05 02:00:00+00:00,28.3,68.50246,0.0,14.113652,142.25313,0.151
2019-08-05 03:00:00+00:00,29.8,61.291435,0.0,11.983188,147.26479,0.151
2019-08-05 04:00:00+00:00,30.8,55.785393,0.1,10.365251,159.67677,0.151
2019-08-05 05:00:00+00:00,31.55,53.12447,0.2,8.557102,165.37909,0.153
2019-08-05 06:00:00+00:00,32.0,51.626633,0.1,8.311245,162.3498,0.154
2019-08-05 07:00:00+00:00,31.85,52.873676,0.2,8.557102,157.75093,0.155
2019-08-05 08:00:00+00:00,31.5,53.934566,0.0,8.225035,156.80139,0.155
2019-08-05 09:00:00+00:00,31.05,56.017426,0.2,7.42159,140.90616,0.156
2019-08-05 10:00:00+00:00,30.5,57.452072,0.0,7.386582,133.02507,0.156
2019-08-05 11:00:00+00:00,29.2,62.29398,0.0,7.0911775,113.962494,0.156
2019-08-05 12:00:00+00:00,28.0,66.58379,0.0,8.854829,116.56499,0.152
2019-08-05 13:00:00+00:00,27.3,67.68108,0.0,7.69592,100.784256,0.151
2019-08-05 14:00:00+00:00,26.65,69.88427,0.0,9.346143,105.64231,0.151
2019-08-05 15:00:00+00:00,26.15,73.76897,0.0,9.0,106.26028,0.151
2019-08-05 16:00:00+00:00,25.85,75.55261,0.0,9.178235,115.55992,0.151
2019-08-05 17:00:00+00:00,25.4,77.12269,0.0,10.086427,124.82456,0.151
2019-08-05 18:00:00+00:00,25.05,78.26405,0.0,11.457958,133.72705,0.151
2019-08-05 19:00:00+00:00,24.65,80.40169,0.0,10.739832,140.44037,0.151
2019-08-05 20:00:00+00:00,24.2,82.8516,0.0,10.296251,143.53067,0.151
2019-08-05 21:00:00+00:00,24.0,83.85222,0.0,10.685391,147.38077,0.151
2019-08-05 22:00:00+00:00,23.65,85.37366,0.0,9.693296,148.67137,0.151
2019-08-05 23:00:00+00:00,23.3,86.12949,0.0,8.707237,150.2552,0.151
2019-08-06 00:00:00+00:00,24.15,81.08153,0.0,9.387651,147.52882,0.152
2019-08-06 01:00:00+00:00,25.6,69.25476,0.0,12.4811535,146.76828,0.152
2019-08-06 02:00:00+00:00,27.4,60.750484,0.0,13.979872,145.49142,0.152
2019-08-06 03:00:00+00:00,29.15,54.69777,0.0,13.392774,143.74608,0.152
2019-08-06 04:00:00+00:00,30.65,50.021538,0.0,12.031756,141.07245,0.151
2019-08-06 05:00:00+00:00,32.25,45.9577,0.0,10.495713,149.03632,0.151
2019-08-06 06:00:00+00:00,32.4,44.585526,0.0,7.24486,153.43501,0.151
2019-08-06 07:00:00+00:00,32.05,45.052067,0.0,8.699793,155.55606,0.151
2019-08-06 08:00:00+00:00,32.15,44.2405,0.0,10.685391,147.38077,0.15
2019-08-06 09:00:00+00:00,31.55,45.200794,0.0,10.97262,131.00899,0.15
2019-08-06 10:00:00+00:00,31.2,45.53428,0.0,8.161764,138.57643,0.15
2019-08-06 11:00:00+00:00,29.7,47.929752,0.0,8.473393,167.73524,0.15
2019-08-06 12:00:00+00:00,28.65,50.76864,0.0,8.587338,146.97614,0.149
2019-08-06 13:00:00+00:00,27.65,55.3614,0.0,6.9247384,117.89718,0.149
2019-08-06 14:00:00+00:00,26.5,67.10534,0.0,9.47012,98.74608,0.149
2019-08-06 15:00:00+00:00,26.2,73.32578,0.0,9.6932955,105.06854,0.149
2019-08-06 16:00:00+00:00,25.85,73.94551,0.0,9.504273,114.62355,0.149
2019-08-06 17:00:00+00:00,25.05,77.307465,0.0,9.387651,122.471176,0.149
2019-08-06 18:00:00+00:00,24.5,78.18451,0.0,9.957108,130.60121,0.149
2019-08-06 19:00:00+00:00,23.95,79.322624,0.0,8.654987,135.0001,0.149
2019-08-06 20:00:00+00:00,23.55,80.25581,0.0,7.9932966,144.16226,0.149
2019-08-06 21:00:00+00:00,23.65,79.52701,0.0,8.209263,142.12495,0.149
2019-08-06 22:00:00+00:00,23.3,81.72808,0.0,8.587338,146.97614,0.149
2019-08-06 23:00:00+00:00,23.1,83.23536,0.0,9.021574,151.38963,0.149
2019-08-07 00:00:00+00:00,23.65,82.786896,0.0,9.983106,154.35904,0.151
2019-08-07 01:00:00+00:00,25.35,76.40754,0.0,11.4862,147.80429,0.151
2019-08-07 02:00:00+00:00,27.25,67.879745,0.0,12.538134,140.82635,0.151
2019-08-07 03:00:00+00:00,29.15,59.108418,0.0,12.313894,142.12495,0.151
2019-08-07 04:00:00+00:00,30.85,51.653637,0.0,11.592894,143.84172,0.15
2019-08-07 05:00:00+00:00,31.8,47.4382,0.0,10.00256,149.74365,0.15
2019-08-07 06:00:00+00:00,30.9,50.24229,0.0,8.854829,153.43501,0.15
2019-08-07 07:00:00+00:00,31.0,49.95641,0.0,8.0899935,147.72438,0.15
2019-08-07 08:00:00+00:00,31.1,49.8271,0.0,8.14587,135.0001,0.15
2019-08-07 09:00:00+00:00,30.95,49.943466,0.0,9.449572,130.36446,0.15
2019-08-07 10:00:00+00:00,30.55,50.939426,0.0,7.8954163,136.8476,0.15
2019-08-07 11:00:00+00:00,28.8,57.40253,0.0,7.8954163,133.1524,0.149
2019-08-07 12:00:00+00:00,28.35,57.47381,0.0,8.942214,130.10085,0.148
2019-08-07 13:00:00+00:00,27.55,59.65886,0.0,7.2,143.13002,0.148
2019-08-07 14:00:00+00:00,26.2,65.1942,0.0,7.0911775,113.962494,0.148
2019-08-07 15:00:00+00:00,25.3,69.62926,0.0,8.905908,104.03627,0.148
2019-08-07 16:00:00+00:00,24.95,72.209564,0.0,8.557102,112.24908,0.148
2019-08-07 17:00:00+00:00,24.65,76.53521,0.0,8.209263,127.875046,0.148
2019-08-07 18:00:00+00:00,24.15,79.595634,0.0,8.161764,138.57643,0.148
2019-08-07 19:00:00+00:00,23.85,80.54415,0.0,7.8954163,136.8476,0.148
2019-08-07 20:00:00+00:00,23.6,81.01086,0.0,8.161764,138.57643,0.148
2019-08-07 21:00:00+00:00,23.35,81.73426,0.0,7.729527,152.24155,0.148
2019-08-07 22:00:00+00:00,23.0,83.74045,0.0,7.754637,158.19853,0.148
2019-08-07 23:00:00+00:00,23.05,83.74608,0.0,8.766573,160.82089,0.148
2019-08-08 00:00:00+00:00,23.45,83.79087,0.0,8.427383,160.0168,0.149
2019-08-08 01:00:00+00:00,25.4,75.71359,0.0,10.315115,150.75127,0.149
2019-08-08 02:00:00+00:00,27.55,67.7305,0.0,13.392774,143.74608,0.149
2019-08-08 03:00:00+00:00,29.25,59.314285,0.0,13.830749,141.34016,0.149
2019-08-08 04:00:00+00:00,30.3,54.47334,0.0,12.031756,141.07245,0.148
2019-08-08 05:00:00+00:00,32.1,47.076225,0.0,11.4862,147.80429,0.148
2019-08-08 06:00:00+00:00,32.4,45.42814,0.0,10.636766,156.0375,0.148
2019-08-08 07:00:00+00:00,33.1,43.13057,0.0,9.449572,162.25523,0.148
2019-08-08 08:00:00+00:00,31.95,46.021282,0.0,11.792404,148.73633,0.148
2019-08-08 09:00:00+00:00,31.25,48.18745,0.0,12.819235,141.84273,0.148
2019-08-08 10:00:00+00:00,31.1,49.67237,0.0,6.1305785,139.76372,0.148
2019-08-08 11:00:00+00:00,29.55,54.119102,0.0,9.021574,118.61037,0.148
2019-08-08 12:00:00+00:00,28.45,59.866478,0.0,6.489992,109.440125,0.148
2019-08-08 13:00:00+00:00,27.65,63.5057,0.0,7.69592,79.21575,0.148
2019-08-08 14:00:00+00:00,26.5,75.424965,0.0,9.178235,78.6901,0.148
2019-08-08 15:00:00+00:00,26.3,79.64482,0.0,9.726665,92.12105,0.148
2019-08-08 16:00:00+00:00,25.9,82.54735,0.0,10.587917,107.818985,0.148
2019-08-08 17:00:00+00:00,25.4,83.24439,0.0,9.885262,123.11135,0.148
2019-08-08 18:00:00+00:00,24.8,83.429955,0.0,9.178235,131.82008,0.148
2019-08-08 19:00:00+00:00,24.3,83.88554,0.0,9.085988,146.3099,0.148
2019-08-08 20:00:00+00:00,24.0,84.109955,0.0,10.1887,147.99466,0.148
2019-08-08 21:00:00+00:00,23.65,85.37366,0.0,10.296251,143.53067,0.148
2019-08-08 22:00:00+00:00,23.45,86.67473,0.0,9.085988,146.3099,0.148
2019-08-08 23:00:00+00:00,23.1,89.071434,0.0,7.491114,144.78232,0.148
2019-08-09 00:00:00+00:00,23.95,86.45647,0.0,7.928177,140.52757,0.149
2019-08-09 01:00:00+00:00,26.2,77.24259,0.0,9.504272,142.69597,0.149
2019-08-09 02:00:00+00:00,28.3,68.293785,0.0,10.799999,143.13002,0.149
2019-08-09 03:00:00+00:00,30.4,58.31614,0.0,10.948973,152.59251,0.149
2019-08-09 04:00:00+00:00,31.4,54.075733,0.0,9.346143,164.3577,0.149
2019-08-09 05:00:00+00:00,31.6,53.300533,0.2,8.647496,177.6141,0.15
2019-08-09 06:00:00+00:00,32.4,50.627586,0.0,7.8954163,155.77226,0.15
2019-08-09 07:00:00+00:00,32.3,50.602013,0.1,6.9899354,168.11136,0.151
2019-08-09 08:00:00+00:00,32.15,51.190224,0.2,6.2145634,169.99208,0.152
2019-08-09 09:00:00+00:00,31.95,51.1393,0.0,9.449572,139.63554,0.152
2019-08-09 10:00:00+00:00,31.05,54.82631,0.0,9.885262,123.11135,0.152
2019-08-09 11:00:00+00:00,29.85,59.45278,0.0,7.386582,133.02507,0.152
2019-08-09 12:00:00+00:00,28.6,62.54575,0.0,9.585739,124.286934,0.152
2019-08-09 13:00:00+00:00,27.65,66.30856,0.0,8.435069,129.80553,0.152
2019-08-09 14:00:00+00:00,26.95,69.51194,0.0,7.628263,109.290146,0.152
2019-08-09 15:00:00+00:00,26.7,70.32505,0.0,10.636766,113.962494,0.152
2019-08-09 16:00:00+00:00,26.55,73.16098,0.0,10.30883,114.775116,0.152
2019-08-09 17:00:00+00:00,25.7,78.837845,0.0,9.686609,131.98714,0.152
2019-08-09 18:00:00+00:00,25.2,81.46377,0.0,11.200571,135.0001,0.152
2019-08-09 19:00:00+00:00,24.75,82.91593,0.0,11.304229,142.76509,0.152
2019-08-09 20:00:00+00:00,24.35,84.923965,0.0,10.799999,143.13002,0.152
2019-08-09 21:00:00+00:00,24.0,87.25765,0.0,10.182337,135.0001,0.152
2019-08-09 22:00:00+00:00,23.8,88.58322,0.0,11.090103,144.24602,0.152
2019-08-09 23:00:00+00:00,23.65,89.93401,0.0,10.514218,141.95291,0.152
2019-08-10 00:00:00+00:00,24.3,87.817924,0.0,10.739832,140.44037,0.153
2019-08-10 01:00:00+00:00,26.3,78.204834,0.0,19.346441,135.0001,0.153
2019-08-10 02:00:00+00:00,27.9,70.11777,0.0,13.246826,132.79738,0.153
2019-08-10 03:00:00+00:00,29.65,62.01246,0.0,11.988594,138.65233,0.152
2019-08-10 04:00:00+00:00,31.45,54.756065,0.0,10.739832,140.44037,0.152
2019-08-10 05:00:00+00:00,32.55,50.200855,0.0,9.290511,144.46223,0.152
2019-08-10 06:00:00+00:00,33.65,45.902084,0.0,8.373386,154.5367,0.152
2019-08-10 07:00:00+00:00,34.55,42.985874,0.0,7.729527,152.24155,0.151
2019-08-10 08:00:00+00:00,34.25,43.844875,0.0,5.937272,165.96373,0.151
2019-08-10 09:00:00+00:00,33.75,43.982826,0.0,5.154415,155.22488,0.151
2019-08-10 10:00:00+00:00,32.8,46.96913,0.0,6.12,118.072395,0.151
2019-08-10 11:00:00+00:00,30.75,54.248604,0.0,8.766573,109.17911,0.151
2019-08-10 12:00:00+00:00,28.8,63.557884,0.0,11.928989,84.805664,0.15
2019-08-10 13:00:00+00:00,27.3,73.066,0.0,6.9247384,62.10283,0.15
2019-08-10 14:00:00+00:00,26.75,77.32454,0.0,7.9526596,84.805664,0.15
2019-08-10 15:00:00+00:00,26.65,79.93393,0.0,10.495713,112.1664,0.15
2019-08-10 16:00:00+00:00,26.4,78.696365,0.0,9.19939,120.57915,0.15
2019-08-10 17:00:00+00:00,25.85,80.5591,0.0,8.891343,121.75944,0.15
2019-08-10 18:00:00+00:00,25.7,80.29445,0.0,9.0,126.86999,0.15
2019-08-10 19:00:00+00:00,25.05,82.69825,0.0,8.913181,136.63654,0.15
2019-08-10 20:00:00+00:00,24.55,84.94486,0.0,10.009036,142.3057,0.15
2019-08-10 21:00:00+00:00,24.25,87.27998,0.0,8.78872,145.0079,0.15
2019-08-10 22:00:00+00:00,23.85,90.222755,0.0,7.24486,153.43501,0.15
2019-08-10 23:00:00+00:00,23.55,92.70984,0.0,7.289445,147.09476,0.15
2019-08-11 00:00:00+00:00,24.75,88.391136,0.0,6.763786,154.7989,0.151
2019-08-11 01:00:00+00:00,26.9,77.81761,0.0,14.565548,140.01317,0.151
2019-08-11 02:00:00+00:00,28.45,69.58238,0.0,13.246826,137.20262,0.151
2019-08-11 03:00:00+00:00,30.2,60.821228,0.0,12.538134,140.82635,0.151
2019-08-11 04:00:00+00:00,31.8,54.00872,0.0,10.799999,143.13002,0.151
2019-08-11 05:00:00+00:00,32.6,51.1475,0.1,8.225035,156.80139,0.152
2019-08-11 06:00:00+00:00,33.2,48.24933,0.1,7.072878,165.2564,0.152
2019-08-11 07:00:00+00:00,33.25,47.23305,0.1,7.69592,169.21574,0.153
2019-08-11 08:00:00+00:00,33.25,47.23305,0.1,9.504273,155.37645,0.153
2019-08-11 09:00:00+00:00,32.85,48.90592,0.0,9.693296,148.67137,0.153
2019-08-11 10:00:00+00:00,32.15,50.25284,0.0,10.182337,135.0001,0.153
2019-08-11 11:00:00+00:00,30.35,56.540485,0.0,10.703569,132.27362,0.152
2019-08-11 12:00:00+00:00,29.1,62.081158,0.0,9.422101,136.54811,0.151
2019-08-11 13:00:00+00:00,27.75,68.81597,0.0,8.311245,107.650215,0.151
2019-08-11 14:00:00+00:00,27.0,74.36356,0.0,8.707238,97.12492,0.151
2019-08-11 15:00:00+00:00,26.85,75.94161,0.0,9.227524,110.55612,0.151
2019-08-11 16:00:00+00:00,26.8,74.10405,0.0,11.4862,122.1957,0.151
2019-08-11 17:00:00+00:00,26.25,73.33433,0.0,10.514218,128.04709,0.151
2019-08-11 18:00:00+00:00,25.5,74.80311,0.0,9.726664,128.991,0.151
2019-08-11 19:00:00+00:00,24.8,78.46905,0.0,9.178235,138.17992,0.151
2019-08-11 20:00:00+00:00,24.45,82.12212,0.0,9.085988,146.3099,0.151
2019-08-11 21:00:00+00:00,24.05,86.20199,0.0,8.707237,150.2552,0.151
2019-08-11 22:00:00+00:00,23.7,89.66363,0.0,8.587338,146.97614,0.151
2019-08-11 23:00:00+00:00,23.45,92.42268,0.0,8.891343,148.24057,0.151
2019-08-12 00:00:00+00:00,24.45,89.44678,0.0,8.225035,156.80139,0.152
2019-08-12 01:00:00+00:00,26.8,78.27658,0.0,14.77755,145.92276,0.152
2019-08-12 02:00:00+00:00,28.65,67.9467,0.0,12.181624,145.84026,0.152
2019-08-12 03:00:00+00:00,30.6,59.26202,0.0,11.681987,146.3099,0.152
2019-08-12 04:00:00+00:00,32.25,52.811626,0.0,9.826088,151.55717,0.152
2019-08-12 05:00:00+00:00,33.6,48.205315,0.0,7.289444,159.77505,0.151
2019-08-12 06:00:00+00:00,34.55,44.882355,0.0,6.28713,166.75948,0.151
2019-08-12 07:00:00+00:00,35.05,42.591602,0.0,6.519877,173.6599,0.151
2019-08-12 08:00:00+00:00,34.75,42.774536,0.0,6.924738,171.02745,0.15
2019-08-12 09:00:00+00:00,33.7,45.211872,0.0,6.6087217,150.64235,0.15
2019-08-12 10:00:00+00:00,32.65,48.853992,0.0,8.404285,136.73567,0.15
2019-08-12 11:00:00+00:00,30.8,55.44342,0.0,7.928177,129.47243,0.15
2019-08-12 12:00:00+00:00,29.1,64.60242,0.0,10.239453,79.87539,0.151
2019-08-12 13:00:00+00:00,28.0,72.74294,0.0,9.028754,85.42616,0.151
2019-08-12 14:00:00+00:00,27.6,71.79385,0.0,9.028754,94.57384,0.151
2019-08-12 15:00:00+00:00,27.15,74.1621,0.0,9.47012,98.74608,0.151
2019-08-12 16:00:00+00:00,26.85,76.40506,0.0,11.269782,116.56499,0.151
2019-08-12 17:00:00+00:00,26.4,77.74458,0.0,10.086427,124.82456,0.151
2019-08-12 18:00:00+00:00,25.9,78.38611,0.0,10.948973,133.66785,0.151
2019-08-12 19:00:00+00:00,25.4,80.00998,0.0,10.464797,139.18501,0.151
2019-08-12 20:00:00+00:00,25.1,82.70413,0.0,10.233123,140.71062,0.15
2019-08-12 21:00:00+00:00,24.8,85.7506,0.0,9.931042,136.46873,0.15
2019-08-12 22:00:00+00:00,24.85,86.27867,0.0,9.178235,138.17992,0.15
2019-08-12 23:00:00+00:00,24.35,89.16798,0.0,8.287822,145.6196,0.15
2019-08-13 00:00:00+00:00,25.2,86.57406,0.0,8.534353,152.35411,0.15
2019-08-13 01:00:00+00:00,27.1,78.31947,0.0,13.979872,145.49142,0.15
2019-08-13 02:00:00+00:00,29.0,67.397766,0.0,12.88981,144.09018,0.15
2019-08-13 03:00:00+00:00,30.6,61.096733,0.0,11.183201,146.82147,0.15
2019-08-13 04:00:00+00:00,32.05,55.57668,0.0,9.585739,145.71307,0.15
2019-08-13 05:00:00+00:00,33.35,51.02535,0.0,9.387651,147.52882,0.15
2019-08-13 06:00:00+00:00,33.75,49.440132,0.0,10.086427,145.17545,0.15
2019-08-13 07:00:00+00:00,34.05,48.027534,0.0,9.693296,148.67137,0.149
2019-08-13 08:00:00+00:00,33.5,49.224766,0.0,9.585739,145.71307,0.149
2019-08-13 09:00:00+00:00,32.65,50.847267,0.0,7.42159,140.90616,0.149
2019-08-13 10:00:00+00:00,32.3,51.70262,0.0,7.10031,149.53453,0.149
2019-08-13 11:00:00+00:00,30.6,57.124226,0.0,7.653705,138.81418,0.149
2019-08-13 12:00:00+00:00,29.0,65.375336,0.0,8.311245,72.34979,0.145
2019-08-13 13:00:00+00:00,28.05,72.751595,0.0,6.830519,71.564964,0.145
2019-08-13 14:00:00+00:00,27.55,72.00416,0.0,6.162207,83.29026,0.145
2019-08-13 15:00:00+00:00,27.05,72.57836,0.0,7.6367526,98.13002,0.145
2019-08-13 16:00:00+00:00,26.6,76.134224,0.0,8.825508,101.768265,0.145
2019-08-13 17:00:00+00:00,26.3,79.16226,0.0,9.504273,114.62355,0.145
2019-08-13 18:00:00+00:00,25.8,79.33457,0.0,8.669949,131.63345,0.145
2019-08-13 19:00:00+00:00,25.35,79.030205,0.0,8.913181,136.63654,0.145
2019-08-13 20:00:00+00:00,24.9,80.929054,0.0,8.913181,133.36346,0.145
2019-08-13 21:00:00+00:00,24.7,83.929794,0.0,8.714677,141.7098,0.145
2019-08-13 22:00:00+00:00,24.4,87.55959,0.0,9.422101,136.54811,0.145
2019-08-13 23:00:00+00:00,24.15,90.793564,0.0,9.220499,141.34016,0.145
2019-08-14 00:00:00+00:00,25.1,87.88619,0.0,7.0911775,156.0375,0.146
2019-08-14 01:00:00+00:00,27.3,77.17215,0.0,12.096214,143.47105,0.146
2019-08-14 02:00:00+00:00,29.3,67.04882,0.0,10.799999,143.13002,0.146
2019-08-14 03:00:00+00:00,31.1,58.30146,0.0,10.883676,145.78424,0.146
2019-08-14 04:00:00+00:00,31.75,53.996353,0.2,10.514218,141.95291,0.147
2019-08-14 05:00:00+00:00,32.65,51.63269,0.1,8.14587,135.0001,0.147
2019-08-14 06:00:00+00:00,33.35,49.792595,0.0,8.714677,128.2902,0.147
2019-08-14 07:00:00+00:00,33.35,49.186058,0.0,8.4963045,126.384445,0.147
2019-08-14 08:00:00+00:00,33.15,48.683502,0.0,7.42159,129.09386,0.147
2019-08-14 09:00:00+00:00,32.8,48.293766,0.0,5.8603754,132.5104,0.147
2019-08-14 10:00:00+00:00,32.2,49.496128,0.0,6.0347,107.35411,0.147
2019-08-14 11:00:00+00:00,30.25,58.46011,0.0,9.0,73.73973,0.146
2019-08-14 12:00:00+00:00,29.0,61.678783,0.0,7.289444,110.22495,0.142
2019-08-14 13:00:00+00:00,27.95,69.06508,0.0,6.12,90.0,0.142
2019-08-14 14:00:00+00:00,27.0,76.89362,0.0,6.162207,96.70974,0.142
2019-08-14 15:00:00+00:00,26.8,76.63011,0.0,7.729527,117.75845,0.142
2019-08-14 16:00:00+00:00,26.65,69.02818,0.0,9.178235,131.82008,0.142
2019-08-14 17:00:00+00:00,25.85,72.81602,0.0,8.435069,129.80553,0.142
2019-08-14 18:00:00+00:00,25.25,77.813805,0.0,8.435069,140.19447,0.142
2019-08-14 19:00:00+00:00,24.7,82.404366,0.0,7.9036193,149.9315,0.142
2019-08-14 20:00:00+00:00,24.4,85.18912,0.0,8.39657,149.03632,0.142
2019-08-14 21:00:00+00:00,24.2,87.00967,0.0,8.707237,150.2552,0.142
2019-08-14 22:00:00+00:00,24.2,87.809326,0.0,8.707237,150.2552,0.142
2019-08-14 23:00:00+00:00,23.85,90.773796,0.0,8.209263,142.12495,0.142
2019-08-15 00:00:00+00:00,25.15,86.83221,0.0,8.0899935,147.72438,0.142
2019-08-15 01:00:00+00:00,27.0,78.54263,0.0,10.685391,147.38077,0.142
2019-08-15 02:00:00+00:00,28.75,67.553665,0.0,10.00256,149.74365,0.142
2019-08-15 03:00:00+00:00,30.15,57.90076,0.0,9.885262,146.88864,0.142
2019-08-15 04:00:00+00:00,32.4,46.718246,0.0,10.739832,140.44037,0.142
2019-08-15 05:00:00+00:00,33.6,40.902218,0.0,11.212135,137.60262,0.142
2019-08-15 06:00:00+00:00,34.65,37.85741,0.0,9.673221,135.0001,0.142
2019-08-15 07:00:00+00:00,35.2,37.30066,0.0,10.233123,129.28938,0.142
2019-08-15 08:00:00+00:00,34.75,38.603455,0.0,10.883676,124.21575,0.141
2019-08-15 09:00:00+00:00,34.3,39.581512,0.0,11.592894,126.15828,0.141
2019-08-15 10:00:00+00:00,32.4,45.28673,0.0,12.261158,93.366394,0.141
2019-08-15 11:00:00+00:00,29.85,63.395477,0.0,12.224107,76.37299,0.141
2019-08-15 12:00:00+00:00,28.75,64.92504,0.0,10.182337,98.13002,0.13
2019-08-15 13:00:00+00:00,28.3,65.23,0.0,10.931203,107.241554,0.13
2019-08-15 14:00:00+00:00,27.7,68.38616,0.0,11.165805,110.77233,0.13
2019-08-15 15:00:00+00:00,27.2,70.85034,0.0,11.770403,113.42871,0.13
2019-08-15 16:00:00+00:00,26.85,73.436386,0.0,11.435313,118.1785,0.13
2019-08-15 17:00:00+00:00,26.35,76.79527,0.0,9.885262,123.11135,0.13
2019-08-15 18:00:00+00:00,25.9,79.106804,0.0,9.220499,128.65984,0.13
2019-08-15 19:00:00+00:00,25.5,81.00603,0.0,9.178235,131.82008,0.13
2019-08-15 20:00:00+00:00,25.05,83.71301,0.0,9.220499,141.34016,0.13
2019-08-15 21:00:00+00:00,24.7,86.26435,0.0,9.178235,138.17992,0.13
2019-08-15 22:00:00+00:00,24.15,89.96982,0.0,7.491114,144.78232,0.13
2019-08-15 23:00:00+00:00,23.8,92.441864,0.0,6.162207,173.29025,0.13
2019-08-16 00:00:00+00:00,25.0,87.8777,0.0,5.1544156,192.09474,0.13
2019-08-16 01:00:00+00:00,27.15,77.14975,0.0,9.227524,159.44388,0.13
2019-08-16 02:00:00+00:00,29.0,65.9764,0.0,8.534353,152.35411,0.13
2019-08-16 03:00:00+00:00,31.05,54.82631,0.0,10.383987,146.3099,0.13
2019-08-16 04:00:00+00:00,32.35,48.77602,0.1,10.514218,141.95291,0.131
2019-08-16 05:00:00+00:00,33.25,45.37247,0.1,9.085988,146.3099,0.132
2019-08-16 06:00:00+00:00,34.25,42.24489,0.0,8.891344,158.62932,0.132
2019-08-16 07:00:00+00:00,34.85,39.97945,0.0,9.83268,156.2505,0.132
2019-08-16 08:00:00+00:00,35.2,38.36529,0.0,10.028439,158.96242,0.132
2019-08-16 09:00:00+00:00,34.5,39.51233,0.0,11.620809,163.81073,0.132
2019-08-16 10:00:00+00:00,33.4,42.01503,0.0,10.137692,163.49556,0.132
2019-08-16 11:00:00+00:00,31.5,47.0643,0.0,7.4128532,150.9455,0.132
2019-08-16 12:00:00+00:00,29.7,58.15194,0.0,7.145796,49.085716,0.128
2019-08-16 13:00:00+00:00,28.75,64.52869,0.0,7.628263,70.70986,0.128
2019-08-16 14:00:00+00:00,27.95,67.80935,0.0,7.172949,72.47434,0.128
2019-08-16 15:00:00+00:00,27.75,68.81597,0.0,5.3517847,109.653915,0.128
2019-08-16 16:00:00+00:00,26.85,79.238144,0.0,4.1046314,105.25517,0.128
2019-08-16 17:00:00+00:00,25.5,83.00315,0.5,4.8433046,228.01286,0.132
2019-08-16 18:00:00+00:00,24.5,91.92252,1.1,6.3690495,222.70937,0.141
2019-08-16 19:00:00+00:00,24.1,96.16438,0.9,4.5820518,224.9999,0.148
2019-08-16 20:00:00+00:00,23.95,97.62143,0.2,2.968636,255.96373,0.149
2019-08-16 21:00:00+00:00,23.8,98.20943,0.0,3.319036,192.5288,0.15
2019-08-16 22:00:00+00:00,23.8,97.61881,0.0,5.0142193,158.96242,0.15
2019-08-16 23:00:00+00:00,23.25,98.79819,0.0,2.8116899,230.19447,0.15
2019-08-17 00:00:00+00:00,24.45,95.597176,0.2,6.0347,162.64589,0.134
2019-08-17 01:00:00+00:00,26.0,86.12787,0.0,8.557102,157.75093,0.134
2019-08-17 02:00:00+00:00,27.9,77.728294,0.0,5.3999996,143.13002,0.134
2019-08-17 03:00:00+00:00,29.4,72.328255,0.0,5.904439,142.43134,0.135
2019-08-17 04:00:00+00:00,31.25,61.427353,0.0,10.009036,142.3057,0.135
2019-08-17 05:00:00+00:00,32.05,55.238823,0.0,10.685391,122.61923,0.135
2019-08-17 06:00:00+00:00,32.85,53.12304,0.1,11.480557,131.18582,0.136
2019-08-17 07:00:00+00:00,33.2,47.805763,0.0,9.726664,141.009,0.136
2019-08-17 08:00:00+00:00,33.35,46.106823,0.0,10.514218,141.95291,0.136
2019-08-17 09:00:00+00:00,32.7,48.26767,0.0,10.464797,139.18501,0.136
2019-08-17 10:00:00+00:00,31.8,51.417202,0.0,10.44,133.60289,0.136
2019-08-17 11:00:00+00:00,29.95,60.57932,0.0,5.6920996,108.43504,0.136
2019-08-17 12:00:00+00:00,28.85,65.14483,0.0,9.0645685,96.84268,0.128
2019-08-17 13:00:00+00:00,27.8,75.63079,0.0,9.007196,92.29056,0.128
2019-08-17 14:00:00+00:00,27.35,77.647934,0.0,9.178235,101.3099,0.128
2019-08-17 15:00:00+00:00,27.0,75.96501,0.0,9.746631,94.23632,0.128
2019-08-17 16:00:00+00:00,26.75,76.622444,0.0,10.594036,99.78234,0.128
2019-08-17 17:00:00+00:00,26.4,79.90046,0.0,11.631956,111.801476,0.128
2019-08-17 18:00:00+00:00,25.9,82.04796,0.0,11.592895,115.76928,0.128
2019-08-17 19:00:00+00:00,25.3,84.764915,0.0,10.464797,116.56499,0.128
2019-08-17 20:00:00+00:00,24.8,87.86066,0.0,9.826088,118.442825,0.128
2019-08-17 21:00:00+00:00,24.35,91.08237,0.0,10.00256,120.256355,0.128
2019-08-17 22:00:00+00:00,24.0,93.86411,0.0,9.585739,124.286934,0.128
2019-08-17 23:00:00+00:00,23.55,96.73275,0.0,8.714677,128.2902,0.128
2019-08-18 00:00:00+00:00,24.55,91.92544,0.0,7.145796,139.08571,0.128
2019-08-18 01:00:00+00:00,27.05,77.83946,0.0,11.480557,131.18582,0.128
2019-08-18 02:00:00+00:00,29.15,61.71215,0.0,11.090103,125.753975,0.128
2019-08-18 03:00:00+00:00,31.05,49.65941,0.0,12.10157,120.37905,0.128
2019-08-18 04:00:00+00:00,32.4,42.806793,0.0,12.55879,117.29949,0.128
2019-08-18 05:00:00+00:00,33.6,38.65319,0.0,12.10157,112.751015,0.128
2019-08-18 06:00:00+00:00,34.35,36.029537,0.0,11.966953,111.16133,0.128
2019-08-18 07:00:00+00:00,34.6,34.863136,0.0,11.726277,107.87879,0.128
2019-08-18 08:00:00+00:00,34.6,33.98852,0.0,13.684735,91.50741,0.128
2019-08-18 09:00:00+00:00,33.05,41.00942,0.0,16.676977,76.26372,0.128
2019-08-18 10:00:00+00:00,32.15,39.996387,0.0,15.941944,83.51703,0.128
2019-08-18 11:00:00+00:00,30.35,44.03261,0.0,11.609651,82.875084,0.128
2019-08-18 12:00:00+00:00,28.1,51.43403,0.0,9.885262,79.50858,0.128
2019-08-18 13:00:00+00:00,26.9,59.321735,0.0,10.028439,68.96242,0.128
2019-08-18 14:00:00+00:00,25.85,74.17323,0.0,10.365251,69.67678,0.128
2019-08-18 15:00:00+00:00,25.4,80.74644,0.0,9.178235,78.6901,0.128
2019-08-18 16:00:00+00:00,24.85,85.23518,0.0,7.69592,100.784256,0.128
2019-08-18 17:00:00+00:00,24.4,85.449684,0.0,8.049845,116.56499,0.128
2019-08-18 18:00:00+00:00,24.0,77.14956,0.0,8.669949,131.63345,0.128
2019-08-18 19:00:00+00:00,23.35,77.291504,0.0,8.404285,133.26433,0.128
2019-08-18 20:00:00+00:00,22.8,82.43,0.0,8.654987,135.0001,0.128
2019-08-18 21:00:00+00:00,22.4,87.65353,0.0,8.404285,136.73567,0.128
2019-08-18 22:00:00+00:00,22.0,92.05868,0.0,8.4963045,143.61555,0.128
2019-08-18 23:00:00+00:00,21.7,95.214066,0.0,8.699793,155.55606,0.128
2019-08-19 00:00:00+00:00,23.25,89.356384,0.0,8.373386,154.5367,0.128
2019-08-19 01:00:00+00:00,25.85,78.378944,0.0,9.021574,151.38963,0.128
2019-08-19 02:00:00+00:00,28.25,68.075905,0.0,9.387651,147.52882,0.128
2019-08-19 03:00:00+00:00,30.45,57.26414,0.0,9.085988,146.3099,0.128
2019-08-19 04:00:00+00:00,32.15,47.53036,0.0,7.9932966,144.16226,0.129
2019-08-19 05:00:00+00:00,33.4,42.543137,0.0,6.4096174,141.84273,0.129
2019-08-19 06:00:00+00:00,34.2,41.450745,0.0,6.9247384,152.10283,0.129
2019-08-19 07:00:00+00:00,34.25,42.50794,0.0,7.491114,144.78232,0.129
2019-08-19 08:00:00+00:00,32.9,46.850296,0.2,7.0911775,113.962494,0.13
2019-08-19 09:00:00+00:00,32.25,49.204197,0.1,4.452954,75.96373,0.131
2019-08-19 10:00:00+00:00,31.9,48.0584,0.0,6.6087217,119.357666,0.131
2019-08-19 11:00:00+00:00,30.1,54.423916,0.0,7.42159,104.03627,0.131
2019-08-19 12:00:00+00:00,28.95,59.06193,0.0,9.346143,105.64231,0.124
2019-08-19 13:00:00+00:00,27.8,68.61532,0.0,9.47012,98.74608,0.124
2019-08-19 14:00:00+00:00,27.25,69.78237,0.0,9.779817,96.340096,0.124
2019-08-19 15:00:00+00:00,27.05,71.91566,0.0,10.105681,94.08554,0.124
2019-08-19 16:00:00+00:00,26.5,76.118706,0.0,9.531505,100.88548,0.124
2019-08-19 17:00:00+00:00,26.1,75.59229,0.0,10.24578,108.43504,0.124
2019-08-19 18:00:00+00:00,25.7,75.52874,0.0,10.028439,111.03758,0.124
2019-08-19 19:00:00+00:00,25.15,78.27846,0.0,9.511088,119.4758,0.124
2019-08-19 20:00:00+00:00,24.55,81.63216,0.0,8.854829,116.56499,0.124
2019-08-19 21:00:00+00:00,24.2,83.36165,0.0,8.78872,124.992096,0.124
2019-08-19 22:00:00+00:00,23.8,85.65119,0.0,8.404285,136.73567,0.124
2019-08-19 23:00:00+00:00,23.5,87.21281,0.0,8.714677,141.7098,0.124
2019-08-20 00:00:00+00:00,24.65,82.651,0.0,7.928177,140.52757,0.126
2019-08-20 01:00:00+00:00,27.1,71.04937,0.0,9.957108,130.60121,0.126
2019-08-20 02:00:00+00:00,29.35,60.07275,0.0,11.808878,127.568665,0.126
2019-08-20 03:00:00+00:00,31.4,50.527412,0.0,12.261157,130.23628,0.126
2019-08-20 04:00:00+00:00,33.1,43.53614,0.0,12.496718,131.49637,0.126
2019-08-20 05:00:00+00:00,34.7,38.34891,0.0,12.313894,127.875046,0.126
2019-08-20 06:00:00+00:00,35.4,36.43077,0.0,9.1641035,135.0001,0.126
2019-08-20 07:00:00+00:00,35.25,35.48552,0.0,11.298495,120.65059,0.126
2019-08-20 08:00:00+00:00,33.75,42.24121,0.3,11.966953,111.16133,0.128
2019-08-20 09:00:00+00:00,33.95,40.741978,0.0,9.085988,123.6901,0.128
2019-08-20 10:00:00+00:00,32.95,43.495724,0.0,11.874544,104.03627,0.128
2019-08-20 11:00:00+00:00,30.55,55.38254,0.0,11.620809,73.81073,0.128
2019-08-20 12:00:00+00:00,29.9,54.20599,0.0,13.084402,82.09293,0.125
2019-08-20 13:00:00+00:00,29.3,56.813488,0.0,10.661107,101.68935,0.125
2019-08-20 14:00:00+00:00,29.05,58.721073,0.0,10.948973,117.40749,0.125
2019-08-20 15:00:00+00:00,28.65,60.657753,0.0,12.24,118.072395,0.125
2019-08-20 16:00:00+00:00,28.0,61.83726,0.0,11.923557,118.88649,0.126
2019-08-20 17:00:00+00:00,27.15,64.18912,0.0,10.630672,118.30067,0.126
2019-08-20 18:00:00+00:00,26.05,70.63924,0.0,9.19939,120.57915,0.126
2019-08-20 19:00:00+00:00,25.25,76.157364,0.0,9.19939,120.57915,0.126
2019-08-20 20:00:00+00:00,24.75,79.189316,0.0,8.669949,131.63345,0.126
2019-08-20 21:00:00+00:00,24.35,81.85821,0.0,7.7879906,146.3099,0.126
2019-08-20 22:00:00+00:00,24.05,84.37383,0.0,6.763786,154.7989,0.126
2019-08-20 23:00:00+00:00,23.7,87.230774,0.0,6.379216,163.61038,0.126
2019-08-21 00:00:00+00:00,24.9,82.680565,0.0,5.815978,158.19853,0.127
2019-08-21 01:00:00+00:00,26.85,75.94161,0.0,7.5942082,148.57048,0.127
2019-08-21 02:00:00+00:00,28.8,66.137115,0.0,8.942214,139.89915,0.127
2019-08-21 03:00:00+00:00,30.8,55.10329,0.1,10.44,133.60289,0.127
2019-08-21 04:00:00+00:00,31.85,49.405525,0.2,9.422101,133.45189,0.129
2019-08-21 05:00:00+00:00,33.3,44.273144,0.1,8.669949,131.63345,0.13
2019-08-21 06:00:00+00:00,34.25,42.24489,0.0,7.6367526,135.0001,0.13
2019-08-21 07:00:00+00:00,34.85,40.606045,0.0,7.729527,152.24155,0.13
2019-08-21 08:00:00+00:00,34.8,40.466476,0.0,7.9036193,149.9315,0.13
2019-08-21 09:00:00+00:00,34.3,41.348965,0.0,8.913181,136.63654,0.13
2019-08-21 10:00:00+00:00,33.3,43.72585,0.0,8.654987,135.0001,0.13
2019-08-21 11:00:00+00:00,31.2,49.544003,0.1,9.531505,100.88548,0.131
2019-08-21 12:00:00+00:00,29.0,64.38422,0.0,8.707238,82.875084,0.127
2019-08-21 13:00:00+00:00,27.8,72.70844,0.0,7.2,90.0,0.127
2019-08-21 14:00:00+00:00,27.25,73.953224,0.0,8.669949,94.76356,0.127
2019-08-21 15:00:00+00:00,27.05,74.14552,0.0,9.255571,103.49575,0.127
2019-08-21 16:00:00+00:00,26.55,76.126495,0.0,8.373386,115.46331,0.127
2019-08-21 17:00:00+00:00,26.2,76.53837,0.0,8.854829,116.56499,0.127
2019-08-21 18:00:00+00:00,25.9,76.96196,0.0,10.00256,120.256355,0.127
2019-08-21 19:00:00+00:00,25.75,78.364624,0.0,9.793059,126.027466,0.127
2019-08-21 20:00:00+00:00,25.3,81.22804,0.0,8.942214,130.10085,0.127
2019-08-21 21:00:00+00:00,24.95,82.93926,0.0,9.1641035,135.0001,0.127
2019-08-21 22:00:00+00:00,24.6,85.209595,0.0,9.387651,147.52882,0.127
2019-08-21 23:00:00+00:00,24.35,87.555176,0.0,8.891343,148.24057,0.127
2019-08-22 00:00:00+00:00,25.55,83.26153,0.1,8.78872,145.0079,0.127
2019-08-22 01:00:00+00:00,27.05,77.36908,0.1,11.304229,142.76509,0.127
2019-08-22 02:00:00+00:00,28.95,68.41971,0.0,10.587918,144.6887,0.127
2019-08-22 03:00:00+00:00,30.3,62.534836,0.0,9.511088,150.5242,0.127
2019-08-22 04:00:00+00:00,31.75,56.01475,0.0,9.585739,145.71307,0.128
2019-08-22 05:00:00+00:00,33.45,46.133274,0.0,10.195057,137.86247,0.128
2019-08-22 06:00:00+00:00,34.65,40.678177,0.0,10.464797,139.18501,0.128
2019-08-22 07:00:00+00:00,34.65,39.925087,0.0,10.182337,135.0001,0.128
2019-08-22 08:00:00+00:00,34.7,39.07561,0.1,10.514218,128.04709,0.128
2019-08-22 09:00:00+00:00,33.6,41.80738,0.1,12.313894,127.875046,0.129
2019-08-22 10:00:00+00:00,32.75,44.679337,0.0,11.525623,128.65984,0.129
2019-08-22 11:00:00+00:00,31.05,49.351173,0.0,8.654986,106.9276,0.129
2019-08-22 12:00:00+00:00,29.95,52.72286,0.0,7.7043357,127.40543,0.123
2019-08-22 13:00:00+00:00,28.9,56.541225,0.0,8.049845,100.30479,0.123
2019-08-22 14:00:00+00:00,28.15,62.640022,0.0,8.557102,104.62092,0.123
2019-08-22 15:00:00+00:00,28.05,62.424885,0.0,11.183201,123.17853,0.123
2019-08-22 16:00:00+00:00,27.4,65.444954,0.0,11.480557,131.18582,0.123
2019-08-22 17:00:00+00:00,26.55,70.94921,0.0,10.195057,137.86247,0.123
2019-08-22 18:00:00+00:00,25.7,76.22741,0.0,9.290511,144.46223,0.123
2019-08-22 19:00:00+00:00,25.2,79.98317,0.0,9.085988,146.3099,0.123
2019-08-22 20:00:00+00:00,24.6,83.91874,0.0,8.707237,150.2552,0.123
2019-08-22 21:00:00+00:00,24.05,87.52896,0.0,8.0899935,147.72438,0.123
2019-08-22 22:00:00+00:00,23.55,91.03114,0.0,7.491114,144.78232,0.123
2019-08-22 23:00:00+00:00,23.35,92.982056,0.0,6.696387,143.74608,0.123
2019-08-23 00:00:00+00:00,24.85,86.541306,0.0,6.792466,147.99466,0.123
2019-08-23 01:00:00+00:00,27.2,75.30695,0.0,13.18308,145.0079,0.123
2019-08-23 02:00:00+00:00,28.7,67.13334,0.0,11.753876,139.9698,0.123
2019-08-23 03:00:00+00:00,30.75,55.60202,0.0,10.44,133.60289,0.123
2019-08-23 04:00:00+00:00,32.4,47.155373,0.0,10.799999,126.86998,0.123
2019-08-23 05:00:00+00:00,33.55,42.318943,0.0,10.383987,123.690094,0.123
2019-08-23 06:00:00+00:00,34.65,38.818417,0.0,10.636766,113.962494,0.123
2019-08-23 07:00:00+00:00,34.65,38.69712,0.0,11.090103,103.13403,0.124
2019-08-23 08:00:00+00:00,34.1,40.528824,0.0,11.043261,109.025696,0.124
2019-08-23 09:00:00+00:00,32.85,43.877865,0.0,10.948973,117.40749,0.124
2019-08-23 10:00:00+00:00,31.5,49.161793,0.1,10.966713,113.19862,0.124
2019-08-23 11:00:00+00:00,30.1,54.08764,0.0,8.669949,85.23644,0.124
2019-08-23 12:00:00+00:00,28.6,60.45929,0.0,10.086427,92.045364,0.122
2019-08-23 13:00:00+00:00,28.15,61.29907,0.0,8.707238,97.12492,0.122
2019-08-23 14:00:00+00:00,27.6,64.88332,0.0,10.365251,69.67678,0.122
2019-08-23 15:00:00+00:00,26.9,74.12065,0.0,9.360001,67.3801,0.122
2019-08-23 16:00:00+00:00,26.15,79.86691,0.0,8.311245,72.34979,0.122
2019-08-23 17:00:00+00:00,25.6,84.28394,0.0,8.287822,92.4895,0.122
2019-08-23 18:00:00+00:00,25.35,87.642136,0.0,9.983106,115.64096,0.122
2019-08-23 19:00:00+00:00,25.25,86.31678,0.0,11.019764,128.36752,0.122
2019-08-23 20:00:00+00:00,24.7,86.002174,0.0,10.195057,132.13753,0.122
2019-08-23 21:00:00+00:00,24.1,89.42053,0.0,9.931042,136.46873,0.122
2019-08-23 22:00:00+00:00,23.7,92.43638,0.0,9.686609,138.01286,0.122
2019-08-23 23:00:00+00:00,23.35,94.98293,0.0,8.714677,141.7098,0.122
2019-08-24 00:00:00+00:00,24.55,89.18332,0.0,8.39657,149.03632,0.121
2019-08-24 01:00:00+00:00,26.6,77.53771,0.0,13.044722,140.59937,0.121
2019-08-24 02:00:00+00:00,28.85,63.763775,0.0,10.086427,145.17545,0.121
2019-08-24 03:00:00+00:00,31.45,48.23992,0.0,11.183201,146.82147,0.121
2019-08-24 04:00:00+00:00,33.1,40.638123,0.0,10.383987,146.3099,0.121
2019-08-24 05:00:00+00:00,34.25,35.436134,0.0,9.504272,142.69597,0.121
2019-08-24 06:00:00+00:00,34.9,31.662035,0.0,9.178235,138.17992,0.121
2019-08-24 07:00:00+00:00,35.45,29.362974,0.0,9.178235,138.17992,0.121
2019-08-24 08:00:00+00:00,35.55,29.013842,0.0,10.44,133.60289,0.121
2019-08-24 09:00:00+00:00,34.9,30.076118,0.0,11.019764,128.36752,0.121
2019-08-24 10:00:00+00:00,34.05,32.04373,0.0,10.464797,130.81499,0.121
2019-08-24 11:00:00+00:00,31.85,38.41701,0.0,11.304229,99.16227,0.121
2019-08-24 12:00:00+00:00,28.7,58.27657,0.0,11.252519,82.64771,0.123
2019-08-24 13:00:00+00:00,28.15,61.29907,0.0,10.446206,91.97489,0.123
2019-08-24 14:00:00+00:00,27.7,63.320366,0.0,10.594036,99.78234,0.123
2019-08-24 15:00:00+00:00,27.4,66.87277,0.0,11.726277,107.87879,0.123
2019-08-24 16:00:00+00:00,27.0,68.671364,0.0,10.464797,116.56499,0.123
2019-08-24 17:00:00+00:00,26.6,70.30648,0.0,9.511088,119.4758,0.123
2019-08-24 18:00:00+00:00,25.75,75.30512,0.0,8.373386,115.46331,0.123
2019-08-24 19:00:00+00:00,25.25,79.258644,0.0,6.489992,123.6901,0.123
2019-08-24 20:00:00+00:00,25.15,80.961174,0.0,6.297428,149.03632,0.123
2019-08-24 21:00:00+00:00,25.2,81.46377,0.0,8.0899935,147.72438,0.123
2019-08-24 22:00:00+00:00,25.0,83.45263,0.0,8.0899935,147.72438,0.123
2019-08-24 23:00:00+00:00,24.85,84.97601,0.0,7.771331,166.60748,0.123
2019-08-25 00:00:00+00:00,25.3,83.48655,0.0,5.6920996,161.56496,0.123
2019-08-25 01:00:00+00:00,26.2,79.63123,0.0,7.0911775,156.0375,0.123
2019-08-25 02:00:00+00:00,27.1,74.834305,0.0,8.089993,159.14546,0.123
2019-08-25 03:00:00+00:00,28.3,67.878136,0.0,8.089993,159.14546,0.123
2019-08-25 04:00:00+00:00,30.15,57.72304,0.0,8.217153,151.1893,0.123
2019-08-25 05:00:00+00:00,31.5,49.46803,0.0,7.5942082,148.57048,0.123
2019-08-25 06:00:00+00:00,32.65,44.236576,0.0,6.4096174,141.84273,0.123
2019-08-25 07:00:00+00:00,33.1,41.9337,0.0,3.8773184,158.19853,0.123
2019-08-25 08:00:00+00:00,33.75,38.93862,0.0,3.0758414,159.44388,0.123
2019-08-25 09:00:00+00:00,33.2,39.77959,0.0,5.3999996,126.86998,0.123
2019-08-25 10:00:00+00:00,32.4,43.483402,0.0,9.693296,121.328636,0.123
2019-08-25 11:00:00+00:00,30.9,49.31214,0.0,9.028754,113.49858,0.123
2019-08-25 12:00:00+00:00,28.3,60.390945,0.0,7.5685663,92.72626,0.122
2019-08-25 13:00:00+00:00,27.35,65.63691,0.0,6.87779,83.99109,0.122
2019-08-25 14:00:00+00:00,26.65,67.761284,0.0,7.42159,50.906155,0.122
2019-08-25 15:00:00+00:00,26.55,69.00896,0.0,7.42159,50.906155,0.122
2019-08-25 16:00:00+00:00,26.9,71.23114,0.0,10.1376915,83.88459,0.123
2019-08-25 17:00:00+00:00,27.15,79.04026,0.0,10.464798,86.05489,0.123
2019-08-25 18:00:00+00:00,26.65,82.63588,0.0,8.707238,97.12492,0.123
2019-08-25 19:00:00+00:00,26.25,82.33923,0.0,7.968939,108.43504,0.123
2019-08-25 20:00:00+00:00,25.9,82.54735,0.0,6.297428,120.963684,0.123
2019-08-25 21:00:00+00:00,25.35,85.02779,0.0,6.151683,159.44388,0.123
2019-08-25 22:00:00+00:00,25.15,85.265785,0.0,6.519877,173.6599,0.123
2019-08-25 23:00:00+00:00,25.1,85.00193,0.0,5.2416787,195.94547,0.123
2019-08-26 00:00:00+00:00,26.2,80.60466,0.0,4.198285,149.03632,0.119
2019-08-26 01:00:00+00:00,27.1,76.90871,0.0,5.00128,149.74365,0.119
2019-08-26 02:00:00+00:00,28.45,70.64743,0.0,5.3517847,132.27362,0.119
2019-08-26 03:00:00+00:00,29.85,62.62731,0.1,7.8625183,105.945465,0.12
2019-08-26 04:00:00+00:00,29.7,62.785976,0.1,6.849467,93.012726,0.12
2019-08-26 05:00:00+00:00,31.1,56.373867,0.0,3.671294,78.6901,0.121
2019-08-26 06:00:00+00:00,32.25,52.328323,0.1,3.7585104,73.300674,0.122
2019-08-26 07:00:00+00:00,32.75,51.185585,0.1,3.219938,116.56499,0.122
2019-08-26 08:00:00+00:00,30.7,60.19594,0.2,10.446206,91.97489,0.124
2019-08-26 09:00:00+00:00,29.5,66.078384,0.4,9.826088,81.57312,0.127
2019-08-26 10:00:00+00:00,29.2,66.82547,0.0,3.7585104,106.699326,0.127
2019-08-26 11:00:00+00:00,26.95,81.19023,0.2,1.9386592,21.801476,0.129
2019-08-26 12:00:00+00:00,28.15,69.52589,0.5,5.6920996,71.564964,0.122
2019-08-26 13:00:00+00:00,27.25,73.72836,0.0,5.4119864,93.814,0.122
2019-08-26 14:00:00+00:00,26.8,76.39737,0.0,6.28713,66.37061,0.122
2019-08-26 15:00:00+00:00,26.35,80.13656,0.0,7.072878,75.25639,0.122
2019-08-26 16:00:00+00:00,25.9,84.06155,0.0,6.6087217,60.64234,0.122
2019-08-26 17:00:00+00:00,25.35,88.173386,0.0,5.8048253,60.255207,0.122
2019-08-26 18:00:00+00:00,24.45,93.03774,1.4,5.1544156,12.094739,0.133
2019-08-26 19:00:00+00:00,24.05,98.50865,0.3,3.7064266,299.0545,0.135
2019-08-26 20:00:00+00:00,23.8,99.40001,0.4,1.8,126.86999,0.138
2019-08-26 21:00:00+00:00,23.65,98.80181,0.1,2.6208394,195.94547,0.139
2019-08-26 22:00:00+00:00,23.55,98.50309,0.4,3.8939953,236.3099,0.144
2019-08-26 23:00:00+00:00,23.5,99.39862,0.0,2.2768397,288.43503,0.144
2019-08-27 00:00:00+00:00,23.75,97.32366,0.6,2.5959969,213.6901,0.226
2019-08-27 01:00:00+00:00,24.8,93.61748,0.1,4.5536795,108.43504,0.227
2019-08-27 02:00:00+00:00,26.5,83.62128,0.0,7.145796,139.08571,0.227
2019-08-27 03:00:00+00:00,28.5,77.35013,0.1,4.452954,165.96373,0.226
2019-08-27 04:00:00+00:00,29.25,72.30218,0.1,5.8603754,169.3804,0.226
2019-08-27 05:00:00+00:00,31.2,61.41626,0.0,5.495161,211.60745,0.225
2019-08-27 06:00:00+00:00,30.2,64.44097,1.6,7.9932976,82.234924,0.238
2019-08-27 07:00:00+00:00,27.25,85.222176,2.2,7.628263,70.70986,0.263
2019-08-27 08:00:00+00:00,28.7,78.07775,0.6,0.5091169,44.999897,0.267
2019-08-27 09:00:00+00:00,28.65,80.43839,0.1,3.2599385,83.659904,0.266
2019-08-27 10:00:00+00:00,27.65,81.27823,0.0,3.8939953,33.6901,0.265
2019-08-27 11:00:00+00:00,26.0,92.00889,0.3,4.8433046,228.01286,0.267
2019-08-27 12:00:00+00:00,25.1,99.109825,0.9,4.802999,347.00537,0.245
2019-08-27 13:00:00+00:00,24.4,99.40267,0.7,4.6102495,308.65982,0.254
2019-08-27 14:00:00+00:00,24.3,99.402245,0.2,3.5455887,23.962492,0.256
2019-08-27 15:00:00+00:00,24.1,98.50919,0.1,5.3999996,36.86998,0.256
2019-08-27 16:00:00+00:00,23.9,100.0,1.8,2.9024127,119.74479,0.28
2019-08-27 17:00:00+00:00,23.8,100.0,1.4,0.8049845,26.564985,0.3
2019-08-27 18:00:00+00:00,23.55,100.0,2.0,4.198285,239.0363,0.326
2019-08-27 19:00:00+00:00,23.4,99.69872,1.3,4.6938257,302.47116,0.341
2019-08-27 20:00:00+00:00,23.2,99.69822,0.7,2.3051248,218.65984,0.347
2019-08-27 21:00:00+00:00,23.25,99.698364,0.2,2.6208394,195.94547,0.346
2019-08-27 22:00:00+00:00,23.2,100.0,0.1,2.0364676,224.9999,0.343
2019-08-27 23:00:00+00:00,23.05,100.0,0.0,4.32,180.0,0.34
2019-08-28 00:00:00+00:00,23.7,98.208046,0.0,6.87779,186.00891,0.305
2019-08-28 01:00:00+00:00,24.55,93.32397,0.0,9.36,180.0,0.303
2019-08-28 02:00:00+00:00,25.65,90.076096,0.2,7.928178,182.60251,0.303
2019-08-28 03:00:00+00:00,26.75,83.39778,0.2,9.178235,168.69011,0.303
2019-08-28 04:00:00+00:00,28.05,78.2191,0.3,7.928178,177.39749,0.302
2019-08-28 05:00:00+00:00,29.0,76.27418,0.4,6.28713,203.6294,0.302
2019-08-28 06:00:00+00:00,28.55,77.35753,0.4,8.891343,211.75943,0.302
2019-08-28 07:00:00+00:00,28.75,73.09209,0.2,5.904439,217.56866,0.301
2019-08-28 08:00:00+00:00,28.45,73.040924,0.3,4.6102495,231.34016,0.3
2019-08-28 09:00:00+00:00,27.75,78.885506,0.0,2.52,90.0,0.298
2019-08-28 10:00:00+00:00,27.35,79.546295,0.0,2.52,90.0,0.296
2019-08-28 11:00:00+00:00,26.1,87.97075,0.0,4.1046314,127.875046,0.295
2019-08-28 12:00:00+00:00,24.9,99.10852,0.2,4.0249224,100.30479,0.35
2019-08-28 13:00:00+00:00,24.55,98.80982,0.1,6.489992,109.440125,0.347
2019-08-28 14:00:00+00:00,24.2,97.91989,0.1,6.12,118.072395,0.344
2019-08-28 15:00:00+00:00,24.05,97.62322,0.0,5.0911684,135.0001,0.341
2019-08-28 16:00:00+00:00,23.9,97.32668,0.0,6.638072,139.39879,0.338
2019-08-28 17:00:00+00:00,23.75,97.61793,0.0,6.439876,153.43501,0.335
2019-08-28 18:00:00+00:00,23.65,98.207436,0.0,3.4152596,161.56496,0.333
2019-08-28 19:00:00+00:00,23.6,98.50366,0.0,3.4152596,161.56496,0.33
2019-08-28 20:00:00+00:00,23.5,98.50253,0.0,5.95906,154.98314,0.328
2019-08-28 21:00:00+00:00,23.4,98.204094,0.0,6.830519,161.56496,0.326
2019-08-28 22:00:00+00:00,23.4,98.204094,0.0,7.6367526,171.86998,0.323
2019-08-28 23:00:00+00:00,23.35,98.79908,0.0,8.759178,170.53775,0.321
2019-08-29 00:00:00+00:00,23.9,98.50699,0.0,8.4042845,170.13426,0.326
2019-08-29 01:00:00+00:00,24.3,97.04227,0.0,9.255571,166.50426,0.324
2019-08-29 02:00:00+00:00,24.75,93.89744,0.0,10.464797,153.43501,0.322
2019-08-29 03:00:00+00:00,26.2,85.62978,0.0,10.514218,141.95291,0.32
2019-08-29 04:00:00+00:00,28.6,72.40731,0.0,11.525623,141.34016,0.317
2019-08-29 05:00:00+00:00,30.4,62.17746,0.0,11.592894,143.84172,0.313
2019-08-29 06:00:00+00:00,30.95,62.486763,0.0,9.220499,141.34016,0.309
2019-08-29 07:00:00+00:00,31.85,60.27337,0.0,8.669949,138.36655,0.305
2019-08-29 08:00:00+00:00,31.65,59.86466,0.0,11.212135,137.60262,0.301
2019-08-29 09:00:00+00:00,30.25,64.06185,0.3,11.480557,131.18582,0.301
2019-08-29 10:00:00+00:00,28.7,71.33814,0.1,12.7279215,135.0001,0.299
2019-08-29 11:00:00+00:00,27.2,78.57091,0.0,10.383987,146.3099,0.298
2019-08-29 12:00:00+00:00,27.65,73.57164,0.0,8.4963045,143.61555,0.286
2019-08-29 13:00:00+00:00,27.1,78.08278,0.0,9.0,143.13002,0.285
2019-08-29 14:00:00+00:00,26.25,83.08969,0.0,7.7879906,146.3099,0.284
2019-08-29 15:00:00+00:00,25.75,85.585045,0.0,7.9036193,149.9315,0.284
2019-08-29 16:00:00+00:00,25.45,87.91587,0.0,9.511088,150.5242,0.283
2019-08-29 17:00:00+00:00,25.2,89.50271,0.0,9.585739,145.71307,0.282
2019-08-29 18:00:00+00:00,24.85,88.936554,0.0,8.78872,145.0079,0.281
2019-08-29 19:00:00+00:00,24.35,89.43928,0.0,7.0911775,156.0375,0.28
2019-08-29 20:00:00+00:00,24.15,89.42428,0.0,7.10031,149.53453,0.28
2019-08-29 21:00:00+00:00,23.85,90.222755,0.0,7.491114,144.78232,0.279
2019-08-29 22:00:00+00:00,23.45,92.42268,0.0,9.178235,138.17992,0.278
2019-08-29 23:00:00+00:00,23.25,93.54524,0.0,8.373386,154.5367,0.278
2019-08-30 00:00:00+00:00,24.0,90.2332,0.0,6.9527545,158.74942,0.276
2019-08-30 01:00:00+00:00,26.05,78.64692,0.0,7.342588,168.69011,0.275
2019-08-30 02:00:00+00:00,28.0,64.37005,0.0,11.609651,150.2552,0.273
2019-08-30 03:00:00+00:00,30.15,51.63587,0.0,14.336861,141.1155,0.27
2019-08-30 04:00:00+00:00,31.65,43.28054,0.0,16.29174,135.0001,0.267
2019-08-30 05:00:00+00:00,32.7,40.785275,0.0,16.29174,135.0001,0.263
2019-08-30 06:00:00+00:00,33.3,41.595596,0.0,15.530151,135.9391,0.26
2019-08-30 07:00:00+00:00,33.5,43.104008,0.0,14.529915,138.01286,0.256
2019-08-30 08:00:00+00:00,33.1,44.495514,0.0,15.815435,138.69148,0.253
2019-08-30 09:00:00+00:00,32.3,46.114395,0.0,15.9134655,142.35231,0.251
2019-08-30 10:00:00+00:00,31.15,50.934956,0.0,13.281023,147.17146,0.249
2019-08-30 11:00:00+00:00,29.6,56.70979,0.0,9.9571085,167.4712,0.248
2019-08-30 12:00:00+00:00,27.85,58.622036,0.0,7.24486,116.56499,0.244
2019-08-30 13:00:00+00:00,26.6,59.25167,0.0,7.289444,110.22495,0.244
2019-08-30 14:00:00+00:00,26.0,61.19584,0.0,9.021574,118.61037,0.243
2019-08-30 15:00:00+00:00,25.35,64.40599,0.0,9.693296,121.328636,0.243
2019-08-30 16:00:00+00:00,25.0,68.06816,0.0,10.009036,127.694305,0.242
2019-08-30 17:00:00+00:00,24.2,73.66692,0.0,9.178235,131.82008,0.242
2019-08-30 18:00:00+00:00,23.4,78.26731,0.0,8.14587,135.0001,0.242
2019-08-30 19:00:00+00:00,22.65,82.66834,0.0,8.209263,142.12495,0.241
2019-08-30 20:00:00+00:00,22.1,86.54772,0.0,8.287822,145.6196,0.241
2019-08-30 21:00:00+00:00,21.7,89.514885,0.0,8.049845,153.43501,0.241
2019-08-30 22:00:00+00:00,21.3,92.303566,0.0,7.729527,152.24155,0.241
2019-08-30 23:00:00+00:00,21.05,94.02095,0.0,7.754637,158.19853,0.24
2019-08-31 00:00:00+00:00,22.55,88.2092,0.0,7.5685663,154.65387,0.241
2019-08-31 01:00:00+00:00,25.4,76.4153,0.0,9.19939,149.42085,0.24
2019-08-31 02:00:00+00:00,27.75,66.737885,0.0,12.979984,146.3099,0.239
2019-08-31 03:00:00+00:00,29.55,57.403385,0.0,15.072783,139.84407,0.237
2019-08-31 04:00:00+00:00,31.0,49.95641,0.0,14.773164,133.02507,0.234
2019-08-31 05:00:00+00:00,32.35,45.132378,0.0,16.039202,134.09071,0.232
2019-08-31 06:00:00+00:00,33.2,41.829662,0.0,14.336861,141.1155,0.229
2019-08-31 07:00:00+00:00,33.5,39.611645,0.0,12.819235,141.84273,0.227
2019-08-31 08:00:00+00:00,32.9,40.968533,0.0,14.84318,129.09386,0.225
2019-08-31 09:00:00+00:00,31.85,43.883186,0.0,12.819235,128.15727,0.223
2019-08-31 10:00:00+00:00,31.25,47.14533,0.0,7.386582,133.02507,0.222
2019-08-31 11:00:00+00:00,29.05,58.721073,0.0,10.8955765,82.40546,0.222
2019-08-31 12:00:00+00:00,27.75,63.921043,0.0,12.261158,86.63361,0.218
2019-08-31 13:00:00+00:00,27.6,62.713234,0.0,9.178235,101.3099,0.218
2019-08-31 14:00:00+00:00,26.95,67.19569,0.0,8.64,90.0,0.218
2019-08-31 15:00:00+00:00,26.35,70.69451,0.0,9.107359,108.43504,0.217
2019-08-31 16:00:00+00:00,25.65,73.23173,0.0,7.9036193,120.0685,0.217
2019-08-31 17:00:00+00:00,25.05,76.12616,0.0,8.161764,138.57643,0.217
2019-08-31 18:00:00+00:00,24.35,80.609726,0.0,8.089993,159.14546,0.217
2019-08-31 19:00:00+00:00,23.7,84.07704,0.0,7.968939,161.56496,0.217
2019-08-31 20:00:00+00:00,23.25,85.859985,0.0,8.534353,152.35411,0.216
2019-08-31 21:00:00+00:00,22.8,87.68839,0.0,8.39657,149.03632,0.216
2019-08-31 22:00:00+00:00,22.35,90.11724,0.0,7.9932966,144.16226,0.216
2019-08-31 23:00:00+00:00,22.05,92.0616,0.0,7.9036193,149.9315,0.216
2019-09-01 00:00:00+00:00,23.5,86.14885,0.0,7.5685663,154.65387,0.215
2019-09-01 01:00:00+00:00,26.15,74.90888,0.0,9.19939,149.42085,0.215
2019-09-01 02:00:00+00:00,28.45,65.06145,0.0,10.883676,145.78424,0.214
2019-09-01 03:00:00+00:00,30.55,54.36684,0.0,10.315115,150.75127,0.212
2019-09-01 04:00:00+00:00,32.35,46.27143,0.0,9.659814,153.43501,0.21
2019-09-01 05:00:00+00:00,33.6,40.902218,0.0,10.144082,152.52565,0.208
2019-09-01 06:00:00+00:00,34.45,36.862614,0.0,9.826088,151.55717,0.206
2019-09-01 07:00:00+00:00,34.65,35.32149,0.0,9.339208,152.44728,0.204
2019-09-01 08:00:00+00:00,34.6,34.973835,0.0,8.891343,148.24057,0.202
2019-09-01 09:00:00+00:00,33.9,36.71191,0.0,9.178235,138.17992,0.2
2019-09-01 10:00:00+00:00,32.45,42.55231,0.0,8.404285,133.26433,0.199
2019-09-01 11:00:00+00:00,29.95,51.103714,0.0,9.227524,110.55612,0.199
2019-09-01 12:00:00+00:00,28.1,63.799095,0.0,11.885453,91.73567,0.198
2019-09-01 13:00:00+00:00,27.45,67.502914,0.0,9.178235,115.55992,0.197
2019-09-01 14:00:00+00:00,26.85,71.44084,0.0,8.049845,116.56499,0.197
2019-09-01 15:00:00+00:00,26.05,76.749664,0.0,6.849467,86.98728,0.197
2019-09-01 16:00:00+00:00,25.55,81.01242,0.0,7.9932976,82.234924,0.197
2019-09-01 17:00:00+00:00,25.35,84.256935,0.0,7.69592,100.784256,0.197
2019-09-01 18:00:00+00:00,25.1,85.26067,0.0,7.42159,112.833694,0.197
2019-09-01 19:00:00+00:00,24.65,85.73575,0.0,7.9932966,125.837746,0.197
2019-09-01 20:00:00+00:00,24.1,87.000565,0.0,7.8954163,136.8476,0.197
2019-09-01 21:00:00+00:00,23.6,89.1102,0.0,7.9932966,144.16226,0.197
2019-09-01 22:00:00+00:00,23.3,90.737366,0.0,8.049845,153.43501,0.196
2019-09-01 23:00:00+00:00,22.95,92.96168,0.0,8.049845,153.43501,0.196
2019-09-02 00:00:00+00:00,24.4,86.76307,0.0,7.5685663,154.65387,0.197
2019-09-02 01:00:00+00:00,26.85,76.87099,0.0,7.6367526,135.0001,0.197
2019-09-02 02:00:00+00:00,29.3,64.841896,0.0,8.161764,138.57643,0.196
2019-09-02 03:00:00+00:00,31.4,54.57612,0.0,10.44,133.60289,0.195
2019-09-02 04:00:00+00:00,33.05,47.619427,0.0,11.966954,133.7812,0.193
2019-09-02 05:00:00+00:00,34.2,43.29232,0.0,13.044722,129.40063,0.192
2019-09-02 06:00:00+00:00,34.1,42.86485,0.0,14.003028,133.95847,0.19
2019-09-02 07:00:00+00:00,33.45,45.005695,0.0,13.746156,135.0001,0.189
2019-09-02 08:00:00+00:00,32.85,46.40394,0.0,11.988594,131.34769,0.188
2019-09-02 09:00:00+00:00,32.4,48.1893,0.0,9.585739,124.286934,0.187
2019-09-02 10:00:00+00:00,31.3,54.05102,0.0,7.491114,125.21768,0.186
2019-09-02 11:00:00+00:00,29.6,62.381783,0.0,4.8965297,126.027466,0.186
2019-09-02 12:00:00+00:00,29.2,63.449337,0.0,10.630672,61.69934,0.188
2019-09-02 13:00:00+00:00,28.4,67.484505,0.0,8.647496,87.614105,0.187
2019-09-02 14:00:00+00:00,27.7,69.4409,0.0,9.178235,101.3099,0.187
2019-09-02 15:00:00+00:00,27.4,71.103836,0.0,9.726665,92.12105,0.187
2019-09-02 16:00:00+00:00,27.2,74.17039,0.0,10.538843,97.853226,0.187
2019-09-02 17:00:00+00:00,26.8,74.78564,0.0,10.24578,108.43504,0.187
2019-09-02 18:00:00+00:00,26.05,75.81619,0.0,9.339208,117.552734,0.187
2019-09-02 19:00:00+00:00,25.35,78.06751,0.0,9.504273,114.62355,0.187
2019-09-02 20:00:00+00:00,24.8,80.66849,0.0,8.891344,111.3707,0.187
2019-09-02 21:00:00+00:00,24.15,84.90312,0.0,7.5942082,121.42952,0.187
2019-09-02 22:00:00+00:00,23.75,88.57916,0.0,7.7879906,146.3099,0.187
2019-09-02 23:00:00+00:00,23.5,92.14443,0.0,7.9036193,149.9315,0.186
2019-09-03 00:00:00+00:00,24.85,88.131775,0.0,7.072878,165.2564,0.187
2019-09-03 01:00:00+00:00,27.0,78.780716,0.0,10.464797,153.43501,0.186
2019-09-03 02:00:00+00:00,28.7,68.37134,0.0,10.233123,140.71062,0.186
2019-09-03 03:00:00+00:00,30.5,60.150528,0.0,10.296251,143.53067,0.185
2019-09-03 04:00:00+00:00,31.9,54.0334,0.1,8.891344,158.62932,0.184
2019-09-03 05:00:00+00:00,33.0,49.39824,0.1,9.693296,148.67137,0.184
2019-09-03 06:00:00+00:00,34.4,43.61478,0.0,11.090103,144.24602,0.183
2019-09-03 07:00:00+00:00,35.25,40.212597,0.0,10.799999,143.13002,0.182
2019-09-03 08:00:00+00:00,34.7,40.818436,0.0,14.05845,140.19447,0.18
2019-09-03 09:00:00+00:00,33.8,42.38652,0.0,13.246826,132.79738,0.18
2019-09-03 10:00:00+00:00,31.7,54.315964,0.0,15.7908325,133.1524,0.179
2019-09-03 11:00:00+00:00,30.05,59.498814,0.0,9.686609,131.98714,0.179
2019-09-03 12:00:00+00:00,29.7,60.33743,0.0,11.246759,140.19447,0.175
2019-09-03 13:00:00+00:00,28.75,64.52869,0.0,6.989936,124.50858,0.174
2019-09-03 14:00:00+00:00,27.8,69.88549,0.0,10.086427,92.045364,0.174
2019-09-03 15:00:00+00:00,27.35,71.749405,0.0,10.739833,103.57046,0.174
2019-09-03 16:00:00+00:00,27.0,72.34811,0.0,9.885262,123.11135,0.174
2019-09-03 17:00:00+00:00,26.45,73.81937,0.0,9.957108,130.60121,0.174
2019-09-03 18:00:00+00:00,25.85,76.01735,0.0,10.296251,126.46933,0.174
2019-09-03 19:00:00+00:00,25.15,80.71403,0.0,10.587918,125.311295,0.174
2019-09-03 20:00:00+00:00,24.65,85.73575,0.0,10.195057,132.13753,0.174
2019-09-03 21:00:00+00:00,24.35,89.16798,0.0,11.480557,131.18582,0.174
2019-09-03 22:00:00+00:00,24.35,90.53177,0.0,12.229406,132.61403,0.174
2019-09-03 23:00:00+00:00,24.05,93.29977,0.0,10.44,136.39711,0.174
2019-09-04 00:00:00+00:00,25.3,90.051445,0.0,10.182337,135.0001,0.173
2019-09-04 01:00:00+00:00,27.3,78.822716,0.0,13.755579,137.12111,0.173
2019-09-04 02:00:00+00:00,29.3,67.662025,0.0,11.019764,141.63248,0.172
2019-09-04 03:00:00+00:00,31.4,56.273556,0.0,9.957108,139.39879,0.172
2019-09-04 04:00:00+00:00,33.05,46.313286,0.0,9.220499,141.34016,0.171
2019-09-04 05:00:00+00:00,34.4,39.732746,0.0,9.422101,136.54811,0.17
2019-09-04 06:00:00+00:00,35.5,35.89055,0.0,9.726664,128.991,0.169
2019-09-04 07:00:00+00:00,35.75,34.08672,0.0,8.942214,130.10085,0.168
2019-09-04 08:00:00+00:00,35.3,33.96405,0.0,9.931042,133.53127,0.167
2019-09-04 09:00:00+00:00,34.25,36.00212,0.0,10.383987,146.3099,0.167
2019-09-04 10:00:00+00:00,33.35,39.446228,0.0,9.904906,160.90642,0.166
2019-09-04 11:00:00+00:00,30.75,48.056004,0.0,5.6233797,140.19447,0.166
2019-09-04 12:00:00+00:00,28.55,62.342495,0.0,10.308831,77.90526,0.16
2019-09-04 13:00:00+00:00,27.95,62.402843,0.0,9.114471,80.909805,0.16
2019-09-04 14:00:00+00:00,27.65,60.242344,0.0,8.654986,106.9276,0.16
2019-09-04 15:00:00+00:00,27.1,60.871918,0.0,9.114471,99.090195,0.16
2019-09-04 16:00:00+00:00,26.5,65.054535,0.0,9.793058,107.10281,0.16
2019-09-04 17:00:00+00:00,25.6,72.77258,0.0,9.360001,112.61991,0.16
2019-09-04 18:00:00+00:00,24.9,77.52339,0.0,9.659814,116.56499,0.16
2019-09-04 19:00:00+00:00,24.4,80.616295,0.0,9.83268,113.749504,0.16
2019-09-04 20:00:00+00:00,24.0,83.85222,0.0,10.703569,109.653915,0.16
2019-09-04 21:00:00+00:00,23.6,87.48939,0.0,9.659814,116.56499,0.16
2019-09-04 22:00:00+00:00,23.0,91.83479,0.0,9.028754,175.42616,0.16
2019-09-04 23:00:00+00:00,22.6,95.245705,0.0,8.287822,145.6196,0.16
2019-09-05 00:00:00+00:00,23.85,89.94836,0.0,6.6087217,150.64235,0.16
2019-09-05 01:00:00+00:00,26.6,75.902504,0.0,11.966954,136.2188,0.16
2019-09-05 02:00:00+00:00,28.85,63.1798,0.0,9.449572,139.63554,0.159
2019-09-05 03:00:00+00:00,31.25,50.176537,0.0,8.78872,145.0079,0.159
2019-09-05 04:00:00+00:00,33.1,41.28145,0.0,7.5942082,148.57048,0.158
2019-09-05 05:00:00+00:00,34.4,35.141403,0.0,7.7879906,146.3099,0.158
2019-09-05 06:00:00+00:00,35.05,32.626907,0.0,8.4963045,143.61555,0.157
2019-09-05 07:00:00+00:00,35.4,31.194439,0.0,8.78872,145.0079,0.157
2019-09-05 08:00:00+00:00,35.35,30.685802,0.0,9.290511,144.46223,0.156
2019-09-05 09:00:00+00:00,34.75,32.028984,0.0,10.514218,141.95291,0.156
2019-09-05 10:00:00+00:00,33.5,35.682484,0.0,10.233123,140.71062,0.155
2019-09-05 11:00:00+00:00,30.5,43.655903,0.0,9.931042,136.46873,0.155
2019-09-05 12:00:00+00:00,28.45,51.686863,0.0,9.19939,120.57915,0.151
2019-09-05 13:00:00+00:00,26.9,62.364586,0.0,7.5685663,115.34614,0.151
2019-09-05 14:00:00+00:00,26.05,68.48689,0.0,7.928178,92.60251,0.151
2019-09-05 15:00:00+00:00,25.8,70.15739,0.0,9.007196,87.70944,0.151
2019-09-05 16:00:00+00:00,25.8,72.35967,0.0,11.183201,86.308685,0.151
2019-09-05 17:00:00+00:00,25.4,80.254814,0.0,9.826088,98.42689,0.151
2019-09-05 18:00:00+00:00,24.65,84.696465,0.0,8.891344,111.3707,0.151
2019-09-05 19:00:00+00:00,24.15,86.739914,0.0,9.178235,115.55992,0.151
2019-09-05 20:00:00+00:00,23.7,88.84617,0.0,9.290511,125.537766,0.151
2019-09-05 21:00:00+00:00,23.4,91.299675,0.0,9.686609,138.01286,0.151
2019-09-05 22:00:00+00:00,23.0,94.6812,0.0,8.209263,142.12495,0.151
2019-09-05 23:00:00+00:00,22.65,97.59841,0.0,8.049845,153.43501,0.151
2019-09-06 00:00:00+00:00,24.25,90.800125,0.0,7.5685663,154.65387,0.152
2019-09-06 01:00:00+00:00,27.05,75.97283,0.0,13.513193,138.23979,0.152
2019-09-06 02:00:00+00:00,29.25,64.04467,0.0,11.212135,137.60262,0.152
2019-09-06 03:00:00+00:00,31.45,54.088066,0.0,9.290511,144.46223,0.151
2019-09-06 04:00:00+00:00,32.95,47.59321,0.0,8.0899935,147.72438,0.151
2019-09-06 05:00:00+00:00,34.25,42.772423,0.0,7.5942082,148.57048,0.151
2019-09-06 06:00:00+00:00,35.2,39.211704,0.0,7.491114,144.78232,0.15
2019-09-06 07:00:00+00:00,35.2,37.888874,0.0,8.161764,138.57643,0.15
2019-09-06 08:00:00+00:00,35.1,37.040333,0.0,7.928177,140.52757,0.15
2019-09-06 09:00:00+00:00,34.7,37.75242,0.0,7.289445,147.09476,0.15
2019-09-06 10:00:00+00:00,33.9,38.85728,0.0,8.534353,117.64589,0.15
2019-09-06 11:00:00+00:00,30.85,56.3138,0.0,12.429127,79.99209,0.149
2019-09-06 12:00:00+00:00,29.05,62.07012,0.0,9.779817,83.659904,0.151
2019-09-06 13:00:00+00:00,28.6,64.29955,0.0,10.1376915,83.88459,0.151
2019-09-06 14:00:00+00:00,27.8,68.40561,0.0,9.726665,92.12105,0.151
2019-09-06 15:00:00+00:00,27.25,71.9511,0.0,10.495713,95.906044,0.151
2019-09-06 16:00:00+00:00,26.6,78.010544,0.0,8.825508,101.768265,0.151
