{"type":"FeatureCollection","features":[{"type":"Feature","properties":{"source":"Greifswald Mire Centre \u2014 Global Peatland Map 2.0 (GPM 2022)","display_resolution_km":9},"geometry":{"type":"MultiPolygon","coordinates":[[[[99.66270304600003,6.925647902600008],[99.74255414680003,6.925647902600008],[99.74255414680003,7.005499003400008],[99.66270304600003,7.005499003400008],[99.66270304600003,6.925647902600008]]],[[[116.67098751640003,6.925647902600008],[116.75083861720003,6.925647902600008],[116.75083861720003,7.005499003400008],[116.67098751640003,7.005499003400008],[116.67098751640003,6.925647902600008]]],[[[124.09713989080004,6.925647902600008],[124.17699099160004,6.925647902600008],[124.17699099160004,7.005499003400008],[124.09713989080004,7.005499003400008],[124.09713989080004,6.925647902600008]]],[[[124.41654429400003,6.925647902600008],[124.57624649560003,6.925647902600008],[124.57624649560003,7.005499003400008],[124.41654429400003,7.005499003400008],[124.41654429400003,6.925647902600008]]],[[[124.73594869720003,6.925647902600008],[124.89565089880003,6.925647902600008],[124.89565089880003,7.005499003400008],[124.73594869720003,7.005499003400008],[124.73594869720003,6.925647902600008]]],[[[126.01356631000004,6.925647902600008],[126.09341741080004,6.925647902600008],[126.09341741080004,7.005499003400008],[126.01356631000004,7.005499003400008],[126.01356631000004,6.925647902600008]]],[[[99.66270304600003,6.845796801800008],[99.82240524760003,6.845796801800008],[99.82240524760003,6.925647902600008],[99.66270304600003,6.925647902600008],[99.66270304600003,6.845796801800008]]],[[[116.67098751640003,6.845796801800008],[116.75083861720003,6.845796801800008],[116.75083861720003,6.925647902600008],[116.67098751640003,6.925647902600008],[116.67098751640003,6.845796801800008]]],[[[124.49639539480003,6.845796801800008],[124.81579979800003,6.845796801800008],[124.81579979800003,6.925647902600008],[124.49639539480003,6.925647902600008],[124.49639539480003,6.845796801800008]]],[[[99.74255414680003,6.765945701000008],[99.90225634840003,6.765945701000008],[99.90225634840003,6.845796801800008],[99.74255414680003,6.845796801800008],[99.74255414680003,6.765945701000008]]],[[[101.49927836440003,6.765945701000008],[101.57912946520004,6.765945701000008],[101.57912946520004,6.845796801800008],[101.49927836440003,6.845796801800008],[101.49927836440003,6.765945701000008]]],[[[124.41654429400003,6.765945701000008],[124.49639539480003,6.765945701000008],[124.49639539480003,6.845796801800008],[124.41654429400003,6.845796801800008],[124.41654429400003,6.765945701000008]]],[[[124.57624649560003,6.765945701000008],[124.65609759640003,6.765945701000008],[124.65609759640003,6.845796801800008],[124.57624649560003,6.845796801800008],[124.57624649560003,6.765945701000008]]],[[[124.73594869720003,6.765945701000008],[124.81579979800003,6.765945701000008],[124.81579979800003,6.845796801800008],[124.73594869720003,6.845796801800008],[124.73594869720003,6.765945701000008]]],[[[99.82240524760003,6.686094600200008],[99.90225634840003,6.686094600200008],[99.90225634840003,6.765945701000008],[99.82240524760003,6.765945701000008],[99.82240524760003,6.686094600200008]]],[[[101.57912946520004,6.686094600200008],[101.65898056600004,6.686094600200008],[101.65898056600004,6.765945701000008],[101.57912946520004,6.765945701000008],[101.57912946520004,6.686094600200008]]],[[[124.01728879000004,6.686094600200008],[124.17699099160004,6.686094600200008],[124.17699099160004,6.765945701000008],[124.01728879000004,6.765945701000008],[124.01728879000004,6.686094600200008]]],[[[101.49927836440003,6.606243499400008],[101.57912946520004,6.606243499400008],[101.57912946520004,6.686094600200008],[101.49927836440003,6.686094600200008],[101.49927836440003,6.606243499400008]]],[[[101.65898056600004,6.606243499400008],[101.73883166680004,6.606243499400008],[101.73883166680004,6.686094600200008],[101.65898056600004,6.686094600200008],[101.65898056600004,6.606243499400008]]],[[[121.54190466520004,6.606243499400008],[121.62175576600004,6.606243499400008],[121.62175576600004,6.686094600200008],[121.54190466520004,6.686094600200008],[121.54190466520004,6.606243499400008]]],[[[124.01728879000004,6.606243499400008],[124.09713989080004,6.606243499400008],[124.09713989080004,6.686094600200008],[124.01728879000004,6.686094600200008],[124.01728879000004,6.606243499400008]]],[[[124.49639539480003,6.606243499400008],[124.57624649560003,6.606243499400008],[124.57624649560003,6.686094600200008],[124.49639539480003,6.686094600200008],[124.49639539480003,6.606243499400008]]],[[[101.41942726360003,6.526392398600008],[101.49927836440003,6.526392398600008],[101.49927836440003,6.606243499400008],[101.41942726360003,6.606243499400008],[101.41942726360003,6.526392398600008]]],[[[101.65898056600004,6.526392398600008],[101.73883166680004,6.526392398600008],[101.73883166680004,6.606243499400008],[101.65898056600004,6.606243499400008],[101.65898056600004,6.526392398600008]]],[[[124.49639539480003,6.526392398600008],[124.57624649560003,6.526392398600008],[124.57624649560003,6.606243499400008],[124.49639539480003,6.606243499400008],[124.49639539480003,6.526392398600008]]],[[[101.65898056600004,6.446541297800008],[101.81868276760004,6.446541297800008],[101.81868276760004,6.526392398600008],[101.65898056600004,6.526392398600008],[101.65898056600004,6.446541297800008]]],[[[116.43143421400003,6.446541297800008],[116.51128531480003,6.446541297800008],[116.51128531480003,6.526392398600008],[116.43143421400003,6.526392398600008],[116.43143421400003,6.446541297800008]]],[[[117.38964742360004,6.446541297800008],[117.46949852440004,6.446541297800008],[117.46949852440004,6.526392398600008],[117.38964742360004,6.526392398600008],[117.38964742360004,6.446541297800008]]],[[[117.62920072600004,6.446541297800008],[117.78890292760003,6.446541297800008],[117.78890292760003,6.526392398600008],[117.62920072600004,6.526392398600008],[117.62920072600004,6.446541297800008]]],[[[124.57624649560003,6.446541297800008],[124.65609759640003,6.446541297800008],[124.65609759640003,6.526392398600008],[124.57624649560003,6.526392398600008],[124.57624649560003,6.446541297800008]]],[[[101.65898056600004,6.366690197000008],[101.89853386840004,6.366690197000008],[101.89853386840004,6.446541297800008],[101.65898056600004,6.446541297800008],[101.65898056600004,6.366690197000008]]],[[[116.43143421400003,6.366690197000008],[116.51128531480003,6.366690197000008],[116.51128531480003,6.446541297800008],[116.43143421400003,6.446541297800008],[116.43143421400003,6.366690197000008]]],[[[117.46949852440004,6.366690197000008],[117.78890292760003,6.366690197000008],[117.78890292760003,6.446541297800008],[117.46949852440004,6.446541297800008],[117.46949852440004,6.366690197000008]]],[[[120.50384035480003,6.366690197000008],[120.58369145560003,6.366690197000008],[120.58369145560003,6.446541297800008],[120.50384035480003,6.446541297800008],[120.50384035480003,6.366690197000008]]],[[[124.01728879000004,6.366690197000008],[124.09713989080004,6.366690197000008],[124.09713989080004,6.446541297800008],[124.01728879000004,6.446541297800008],[124.01728879000004,6.366690197000008]]],[[[124.57624649560003,6.366690197000008],[124.65609759640003,6.366690197000008],[124.65609759640003,6.446541297800008],[124.57624649560003,6.446541297800008],[124.57624649560003,6.366690197000008]]],[[[101.81868276760004,6.286839096200008],[101.97838496920004,6.286839096200008],[101.97838496920004,6.366690197000008],[101.81868276760004,6.366690197000008],[101.81868276760004,6.286839096200008]]],[[[117.38964742360004,6.286839096200008],[117.62920072600004,6.286839096200008],[117.62920072600004,6.366690197000008],[117.38964742360004,6.366690197000008],[117.38964742360004,6.286839096200008]]],[[[120.50384035480003,6.286839096200008],[120.66354255640003,6.286839096200008],[120.66354255640003,6.366690197000008],[120.50384035480003,6.366690197000008],[120.50384035480003,6.286839096200008]]],[[[101.81868276760004,6.206987995400008],[102.13808717080003,6.206987995400008],[102.13808717080003,6.286839096200008],[101.81868276760004,6.286839096200008],[101.81868276760004,6.206987995400008]]],[[[117.38964742360004,6.206987995400008],[117.46949852440004,6.206987995400008],[117.46949852440004,6.286839096200008],[117.38964742360004,6.286839096200008],[117.38964742360004,6.206987995400008]]],[[[117.54934962520004,6.206987995400008],[117.62920072600004,6.206987995400008],[117.62920072600004,6.286839096200008],[117.54934962520004,6.286839096200008],[117.54934962520004,6.206987995400008]]],[[[120.50384035480003,6.206987995400008],[120.58369145560003,6.206987995400008],[120.58369145560003,6.286839096200008],[120.50384035480003,6.286839096200008],[120.50384035480003,6.206987995400008]]],[[[101.25972506200003,6.1271368946000075],[101.33957616280003,6.1271368946000075],[101.33957616280003,6.206987995400008],[101.25972506200003,6.206987995400008],[101.25972506200003,6.1271368946000075]]],[[[101.89853386840004,6.1271368946000075],[102.13808717080003,6.1271368946000075],[102.13808717080003,6.206987995400008],[101.89853386840004,6.206987995400008],[101.89853386840004,6.1271368946000075]]],[[[117.46949852440004,6.1271368946000075],[117.54934962520004,6.1271368946000075],[117.54934962520004,6.206987995400008],[117.46949852440004,6.206987995400008],[117.46949852440004,6.1271368946000075]]],[[[124.17699099160004,6.1271368946000075],[124.25684209240003,6.1271368946000075],[124.25684209240003,6.206987995400008],[124.17699099160004,6.206987995400008],[124.17699099160004,6.1271368946000075]]],[[[101.89853386840004,6.0472857938000075],[102.05823607000004,6.0472857938000075],[102.05823607000004,6.1271368946000075],[101.89853386840004,6.1271368946000075],[101.89853386840004,6.0472857938000075]]],[[[121.78145796760003,6.0472857938000075],[121.86130906840003,6.0472857938000075],[121.86130906840003,6.1271368946000075],[121.78145796760003,6.1271368946000075],[121.78145796760003,6.0472857938000075]]],[[[101.49927836440003,5.9674346930000075],[101.57912946520004,5.9674346930000075],[101.57912946520004,6.0472857938000075],[101.49927836440003,6.0472857938000075],[101.49927836440003,5.9674346930000075]]],[[[102.05823607000004,5.9674346930000075],[102.13808717080003,5.9674346930000075],[102.13808717080003,6.0472857938000075],[102.05823607000004,6.0472857938000075],[102.05823607000004,5.9674346930000075]]],[[[102.37764047320003,5.9674346930000075],[102.45749157400003,5.9674346930000075],[102.45749157400003,6.0472857938000075],[102.37764047320003,6.0472857938000075],[102.37764047320003,5.9674346930000075]]],[[[117.30979632280004,5.9674346930000075],[117.62920072600004,5.9674346930000075],[117.62920072600004,6.0472857938000075],[117.30979632280004,6.0472857938000075],[117.30979632280004,5.9674346930000075]]],[[[120.02473375000004,5.9674346930000075],[120.10458485080004,5.9674346930000075],[120.10458485080004,6.0472857938000075],[120.02473375000004,6.0472857938000075],[120.02473375000004,5.9674346930000075]]],[[[121.62175576600004,5.9674346930000075],[121.70160686680003,5.9674346930000075],[121.70160686680003,6.0472857938000075],[121.62175576600004,6.0472857938000075],[121.62175576600004,5.9674346930000075]]],[[[121.78145796760003,5.9674346930000075],[121.94116016920003,5.9674346930000075],[121.94116016920003,6.0472857938000075],[121.78145796760003,6.0472857938000075],[121.78145796760003,5.9674346930000075]]],[[[102.05823607000004,5.8875835922000075],[102.13808717080003,5.8875835922000075],[102.13808717080003,5.9674346930000075],[102.05823607000004,5.9674346930000075],[102.05823607000004,5.8875835922000075]]],[[[102.37764047320003,5.8875835922000075],[102.45749157400003,5.8875835922000075],[102.45749157400003,5.9674346930000075],[102.37764047320003,5.9674346930000075],[102.37764047320003,5.8875835922000075]]],[[[117.30979632280004,5.8875835922000075],[117.62920072600004,5.8875835922000075],[117.62920072600004,5.9674346930000075],[117.30979632280004,5.9674346930000075],[117.30979632280004,5.8875835922000075]]],[[[119.94488264920004,5.8875835922000075],[120.02473375000004,5.8875835922000075],[120.02473375000004,5.9674346930000075],[119.94488264920004,5.9674346930000075],[119.94488264920004,5.8875835922000075]]],[[[102.37764047320003,5.8077324914000075],[102.45749157400003,5.8077324914000075],[102.45749157400003,5.8875835922000075],[102.37764047320003,5.8875835922000075],[102.37764047320003,5.8077324914000075]]],[[[116.03217871000004,5.8077324914000075],[116.11202981080004,5.8077324914000075],[116.11202981080004,5.8875835922000075],[116.03217871000004,5.8875835922000075],[116.03217871000004,5.8077324914000075]]],[[[117.30979632280004,5.8077324914000075],[117.54934962520004,5.8077324914000075],[117.54934962520004,5.8875835922000075],[117.30979632280004,5.8875835922000075],[117.30979632280004,5.8077324914000075]]],[[[119.94488264920004,5.8077324914000075],[120.02473375000004,5.8077324914000075],[120.02473375000004,5.8875835922000075],[119.94488264920004,5.8875835922000075],[119.94488264920004,5.8077324914000075]]],[[[102.53734267480003,5.7278813906000074],[102.61719377560003,5.7278813906000074],[102.61719377560003,5.8077324914000075],[102.53734267480003,5.8077324914000075],[102.53734267480003,5.7278813906000074]]],[[[115.95232760920004,5.7278813906000074],[116.03217871000004,5.7278813906000074],[116.03217871000004,5.8077324914000075],[115.95232760920004,5.8077324914000075],[115.95232760920004,5.7278813906000074]]],[[[117.38964742360004,5.7278813906000074],[117.46949852440004,5.7278813906000074],[117.46949852440004,5.8077324914000075],[117.38964742360004,5.8077324914000075],[117.38964742360004,5.7278813906000074]]],[[[102.61719377560003,5.648030289800007],[102.77689597720004,5.648030289800007],[102.77689597720004,5.7278813906000074],[102.61719377560003,5.7278813906000074],[102.61719377560003,5.648030289800007]]],[[[115.87247650840004,5.648030289800007],[115.95232760920004,5.648030289800007],[115.95232760920004,5.7278813906000074],[115.87247650840004,5.7278813906000074],[115.87247650840004,5.648030289800007]]],[[[95.27089250200004,5.568179189000007],[95.43059470360004,5.568179189000007],[95.43059470360004,5.648030289800007],[95.27089250200004,5.648030289800007],[95.27089250200004,5.568179189000007]]],[[[102.61719377560003,5.568179189000007],[102.77689597720004,5.568179189000007],[102.77689597720004,5.648030289800007],[102.61719377560003,5.648030289800007],[102.61719377560003,5.568179189000007]]],[[[115.79262540760004,5.568179189000007],[115.95232760920004,5.568179189000007],[115.95232760920004,5.648030289800007],[115.79262540760004,5.648030289800007],[115.79262540760004,5.568179189000007]]],[[[118.26800953240004,5.568179189000007],[118.42771173400004,5.568179189000007],[118.42771173400004,5.648030289800007],[118.26800953240004,5.648030289800007],[118.26800953240004,5.568179189000007]]],[[[118.66726503640004,5.568179189000007],[118.74711613720004,5.568179189000007],[118.74711613720004,5.648030289800007],[118.66726503640004,5.648030289800007],[118.66726503640004,5.568179189000007]]],[[[95.19104140120004,5.488328088200007],[95.51044580440004,5.488328088200007],[95.51044580440004,5.568179189000007],[95.19104140120004,5.568179189000007],[95.19104140120004,5.488328088200007]]],[[[102.69704487640004,5.488328088200007],[103.01644927960004,5.488328088200007],[103.01644927960004,5.568179189000007],[102.69704487640004,5.568179189000007],[102.69704487640004,5.488328088200007]]],[[[115.47322100440003,5.488328088200007],[115.95232760920004,5.488328088200007],[115.95232760920004,5.568179189000007],[115.47322100440003,5.568179189000007],[115.47322100440003,5.488328088200007]]],[[[117.86875402840003,5.488328088200007],[118.26800953240004,5.488328088200007],[118.26800953240004,5.568179189000007],[117.86875402840003,5.568179189000007],[117.86875402840003,5.488328088200007]]],[[[118.34786063320004,5.488328088200007],[118.42771173400004,5.488328088200007],[118.42771173400004,5.568179189000007],[118.34786063320004,5.568179189000007],[118.34786063320004,5.488328088200007]]],[[[118.58741393560004,5.488328088200007],[118.74711613720004,5.488328088200007],[118.74711613720004,5.568179189000007],[118.58741393560004,5.568179189000007],[118.58741393560004,5.488328088200007]]],[[[95.19104140120004,5.408476987400007],[95.51044580440004,5.408476987400007],[95.51044580440004,5.488328088200007],[95.19104140120004,5.488328088200007],[95.19104140120004,5.408476987400007]]],[[[95.74999910680003,5.408476987400007],[95.98955240920003,5.408476987400007],[95.98955240920003,5.488328088200007],[95.74999910680003,5.488328088200007],[95.74999910680003,5.408476987400007]]],[[[102.77689597720004,5.408476987400007],[103.09630038040004,5.408476987400007],[103.09630038040004,5.488328088200007],[102.77689597720004,5.488328088200007],[102.77689597720004,5.408476987400007]]],[[[115.39336990360003,5.408476987400007],[115.79262540760004,5.408476987400007],[115.79262540760004,5.488328088200007],[115.39336990360003,5.488328088200007],[115.39336990360003,5.408476987400007]]],[[[117.86875402840003,5.408476987400007],[118.18815843160004,5.408476987400007],[118.18815843160004,5.488328088200007],[117.86875402840003,5.488328088200007],[117.86875402840003,5.408476987400007]]],[[[118.58741393560004,5.408476987400007],[118.74711613720004,5.408476987400007],[118.74711613720004,5.488328088200007],[118.58741393560004,5.488328088200007],[118.58741393560004,5.408476987400007]]],[[[95.43059470360004,5.328625886600008],[95.59029690520003,5.328625886600008],[95.59029690520003,5.408476987400007],[95.43059470360004,5.408476987400007],[95.43059470360004,5.328625886600008]]],[[[95.74999910680003,5.328625886600008],[96.06940351000003,5.328625886600008],[96.06940351000003,5.408476987400007],[95.74999910680003,5.408476987400007],[95.74999910680003,5.328625886600008]]],[[[102.85674707800004,5.328625886600008],[103.09630038040004,5.328625886600008],[103.09630038040004,5.408476987400007],[102.85674707800004,5.408476987400007],[102.85674707800004,5.328625886600008]]],[[[115.39336990360003,5.328625886600008],[115.79262540760004,5.328625886600008],[115.79262540760004,5.408476987400007],[115.39336990360003,5.408476987400007],[115.39336990360003,5.328625886600008]]],[[[117.78890292760003,5.328625886600008],[117.86875402840003,5.328625886600008],[117.86875402840003,5.408476987400007],[117.78890292760003,5.408476987400007],[117.78890292760003,5.328625886600008]]],[[[118.10830733080003,5.328625886600008],[118.18815843160004,5.328625886600008],[118.18815843160004,5.408476987400007],[118.10830733080003,5.408476987400007],[118.10830733080003,5.328625886600008]]],[[[95.19104140120004,5.248774785800007],[95.27089250200004,5.248774785800007],[95.27089250200004,5.328625886600008],[95.19104140120004,5.328625886600008],[95.19104140120004,5.248774785800007]]],[[[95.59029690520003,5.248774785800007],[95.67014800600003,5.248774785800007],[95.67014800600003,5.328625886600008],[95.59029690520003,5.328625886600008],[95.59029690520003,5.248774785800007]]],[[[95.82985020760003,5.248774785800007],[96.30895681240004,5.248774785800007],[96.30895681240004,5.328625886600008],[95.82985020760003,5.328625886600008],[95.82985020760003,5.248774785800007]]],[[[96.70821231640004,5.248774785800007],[97.02761671960003,5.248774785800007],[97.02761671960003,5.328625886600008],[96.70821231640004,5.328625886600008],[96.70821231640004,5.248774785800007]]],[[[97.42687222360003,5.248774785800007],[97.58657442520004,5.248774785800007],[97.58657442520004,5.328625886600008],[97.42687222360003,5.328625886600008],[97.42687222360003,5.248774785800007]]],[[[102.93659817880004,5.248774785800007],[103.09630038040004,5.248774785800007],[103.09630038040004,5.328625886600008],[102.93659817880004,5.328625886600008],[102.93659817880004,5.248774785800007]]],[[[115.47322100440003,5.248774785800007],[115.71277430680004,5.248774785800007],[115.71277430680004,5.328625886600008],[115.47322100440003,5.328625886600008],[115.47322100440003,5.248774785800007]]],[[[95.19104140120004,5.168923685000008],[95.35074360280004,5.168923685000008],[95.35074360280004,5.248774785800007],[95.19104140120004,5.248774785800007],[95.19104140120004,5.168923685000008]]],[[[95.82985020760003,5.168923685000008],[96.06940351000003,5.168923685000008],[96.06940351000003,5.248774785800007],[95.82985020760003,5.248774785800007],[95.82985020760003,5.168923685000008]]],[[[96.14925461080003,5.168923685000008],[97.10746782040003,5.168923685000008],[97.10746782040003,5.248774785800007],[96.14925461080003,5.248774785800007],[96.14925461080003,5.168923685000008]]],[[[97.26717002200003,5.168923685000008],[97.58657442520004,5.168923685000008],[97.58657442520004,5.248774785800007],[97.26717002200003,5.248774785800007],[97.26717002200003,5.168923685000008]]],[[[102.93659817880004,5.168923685000008],[103.01644927960004,5.168923685000008],[103.01644927960004,5.248774785800007],[102.93659817880004,5.248774785800007],[102.93659817880004,5.168923685000008]]],[[[103.09630038040004,5.168923685000008],[103.17615148120004,5.168923685000008],[103.17615148120004,5.248774785800007],[103.09630038040004,5.248774785800007],[103.09630038040004,5.168923685000008]]],[[[115.47322100440003,5.168923685000008],[115.71277430680004,5.168923685000008],[115.71277430680004,5.248774785800007],[115.47322100440003,5.248774785800007],[115.47322100440003,5.168923685000008]]],[[[95.27089250200004,5.089072584200007],[95.51044580440004,5.089072584200007],[95.51044580440004,5.168923685000008],[95.27089250200004,5.168923685000008],[95.27089250200004,5.089072584200007]]],[[[96.22910571160003,5.089072584200007],[96.94776561880003,5.089072584200007],[96.94776561880003,5.168923685000008],[96.22910571160003,5.168923685000008],[96.22910571160003,5.089072584200007]]],[[[97.10746782040003,5.089072584200007],[97.66642552600004,5.089072584200007],[97.66642552600004,5.168923685000008],[97.10746782040003,5.168923685000008],[97.10746782040003,5.089072584200007]]],[[[100.46121405400004,5.089072584200007],[100.70076735640004,5.089072584200007],[100.70076735640004,5.168923685000008],[100.46121405400004,5.168923685000008],[100.46121405400004,5.089072584200007]]],[[[103.09630038040004,5.089072584200007],[103.25600258200004,5.089072584200007],[103.25600258200004,5.168923685000008],[103.09630038040004,5.168923685000008],[103.09630038040004,5.089072584200007]]],[[[115.55307210520003,5.089072584200007],[115.63292320600004,5.089072584200007],[115.63292320600004,5.168923685000008],[115.55307210520003,5.168923685000008],[115.55307210520003,5.089072584200007]]],[[[95.27089250200004,5.009221483400008],[95.43059470360004,5.009221483400008],[95.43059470360004,5.089072584200007],[95.27089250200004,5.089072584200007],[95.27089250200004,5.009221483400008]]],[[[96.86791451800003,5.009221483400008],[96.94776561880003,5.009221483400008],[96.94776561880003,5.089072584200007],[96.86791451800003,5.089072584200007],[96.86791451800003,5.009221483400008]]],[[[97.10746782040003,5.009221483400008],[97.74627662680004,5.009221483400008],[97.74627662680004,5.089072584200007],[97.10746782040003,5.089072584200007],[97.10746782040003,5.009221483400008]]],[[[100.46121405400004,5.009221483400008],[100.70076735640004,5.009221483400008],[100.70076735640004,5.089072584200007],[100.46121405400004,5.089072584200007],[100.46121405400004,5.009221483400008]]],[[[103.17615148120004,5.009221483400008],[103.33585368280004,5.009221483400008],[103.33585368280004,5.089072584200007],[103.17615148120004,5.089072584200007],[103.17615148120004,5.009221483400008]]],[[[115.39336990360003,5.009221483400008],[115.55307210520003,5.009221483400008],[115.55307210520003,5.089072584200007],[115.39336990360003,5.089072584200007],[115.39336990360003,5.009221483400008]]],[[[95.51044580440004,4.929370382600007],[95.59029690520003,4.929370382600007],[95.59029690520003,5.009221483400008],[95.51044580440004,5.009221483400008],[95.51044580440004,4.929370382600007]]],[[[97.10746782040003,4.929370382600007],[97.58657442520004,4.929370382600007],[97.58657442520004,5.009221483400008],[97.10746782040003,5.009221483400008],[97.10746782040003,4.929370382600007]]],[[[97.66642552600004,4.929370382600007],[97.82612772760004,4.929370382600007],[97.82612772760004,5.009221483400008],[97.66642552600004,5.009221483400008],[97.66642552600004,4.929370382600007]]],[[[100.46121405400004,4.929370382600007],[100.70076735640004,4.929370382600007],[100.70076735640004,5.009221483400008],[100.46121405400004,5.009221483400008],[100.46121405400004,4.929370382600007]]],[[[103.17615148120004,4.929370382600007],[103.41570478360003,4.929370382600007],[103.41570478360003,5.009221483400008],[103.17615148120004,5.009221483400008],[103.17615148120004,4.929370382600007]]],[[[115.31351880280003,4.929370382600007],[115.63292320600004,4.929370382600007],[115.63292320600004,5.009221483400008],[115.31351880280003,5.009221483400008],[115.31351880280003,4.929370382600007]]],[[[95.35074360280004,4.849519281800008],[95.67014800600003,4.849519281800008],[95.67014800600003,4.929370382600007],[95.35074360280004,4.929370382600007],[95.35074360280004,4.849519281800008]]],[[[97.34702112280003,4.849519281800008],[97.58657442520004,4.849519281800008],[97.58657442520004,4.929370382600007],[97.34702112280003,4.929370382600007],[97.34702112280003,4.849519281800008]]],[[[97.66642552600004,4.849519281800008],[97.74627662680004,4.849519281800008],[97.74627662680004,4.929370382600007],[97.66642552600004,4.929370382600007],[97.66642552600004,4.849519281800008]]],[[[97.82612772760004,4.849519281800008],[97.90597882840004,4.849519281800008],[97.90597882840004,4.929370382600007],[97.82612772760004,4.929370382600007],[97.82612772760004,4.849519281800008]]],[[[100.54106515480004,4.849519281800008],[100.78061845720003,4.849519281800008],[100.78061845720003,4.929370382600007],[100.54106515480004,4.929370382600007],[100.54106515480004,4.849519281800008]]],[[[103.17615148120004,4.849519281800008],[103.41570478360003,4.849519281800008],[103.41570478360003,4.929370382600007],[103.17615148120004,4.929370382600007],[103.17615148120004,4.849519281800008]]],[[[114.99411439960004,4.849519281800008],[115.55307210520003,4.849519281800008],[115.55307210520003,4.929370382600007],[114.99411439960004,4.929370382600007],[114.99411439960004,4.849519281800008]]],[[[119.78518044760003,4.849519281800008],[119.86503154840004,4.849519281800008],[119.86503154840004,4.929370382600007],[119.78518044760003,4.929370382600007],[119.78518044760003,4.849519281800008]]],[[[95.43059470360004,4.769668181000007],[95.67014800600003,4.769668181000007],[95.67014800600003,4.849519281800008],[95.43059470360004,4.849519281800008],[95.43059470360004,4.769668181000007]]],[[[96.06940351000003,4.769668181000007],[96.14925461080003,4.769668181000007],[96.14925461080003,4.849519281800008],[96.06940351000003,4.849519281800008],[96.06940351000003,4.769668181000007]]],[[[97.42687222360003,4.769668181000007],[97.50672332440003,4.769668181000007],[97.50672332440003,4.849519281800008],[97.42687222360003,4.849519281800008],[97.42687222360003,4.769668181000007]]],[[[97.82612772760004,4.769668181000007],[97.98582992920004,4.769668181000007],[97.98582992920004,4.849519281800008],[97.82612772760004,4.849519281800008],[97.82612772760004,4.769668181000007]]],[[[100.62091625560004,4.769668181000007],[100.70076735640004,4.769668181000007],[100.70076735640004,4.849519281800008],[100.62091625560004,4.849519281800008],[100.62091625560004,4.769668181000007]]],[[[103.17615148120004,4.769668181000007],[103.41570478360003,4.769668181000007],[103.41570478360003,4.849519281800008],[103.17615148120004,4.849519281800008],[103.17615148120004,4.769668181000007]]],[[[114.59485889560003,4.769668181000007],[114.75456109720004,4.769668181000007],[114.75456109720004,4.849519281800008],[114.59485889560003,4.849519281800008],[114.59485889560003,4.769668181000007]]],[[[114.83441219800004,4.769668181000007],[115.39336990360003,4.769668181000007],[115.39336990360003,4.849519281800008],[114.83441219800004,4.849519281800008],[114.83441219800004,4.769668181000007]]],[[[95.43059470360004,4.689817080200008],[95.67014800600003,4.689817080200008],[95.67014800600003,4.769668181000007],[95.43059470360004,4.769668181000007],[95.43059470360004,4.689817080200008]]],[[[97.82612772760004,4.689817080200008],[97.98582992920004,4.689817080200008],[97.98582992920004,4.769668181000007],[97.82612772760004,4.769668181000007],[97.82612772760004,4.689817080200008]]],[[[103.33585368280004,4.689817080200008],[103.41570478360003,4.689817080200008],[103.41570478360003,4.769668181000007],[103.33585368280004,4.769668181000007],[103.33585368280004,4.689817080200008]]],[[[114.59485889560003,4.689817080200008],[114.75456109720004,4.689817080200008],[114.75456109720004,4.769668181000007],[114.59485889560003,4.769668181000007],[114.59485889560003,4.689817080200008]]],[[[114.83441219800004,4.689817080200008],[115.31351880280003,4.689817080200008],[115.31351880280003,4.769668181000007],[114.83441219800004,4.769668181000007],[114.83441219800004,4.689817080200008]]],[[[95.51044580440004,4.609965979400007],[95.74999910680003,4.609965979400007],[95.74999910680003,4.689817080200008],[95.51044580440004,4.689817080200008],[95.51044580440004,4.609965979400007]]],[[[95.90970130840003,4.609965979400007],[95.98955240920003,4.609965979400007],[95.98955240920003,4.689817080200008],[95.90970130840003,4.689817080200008],[95.90970130840003,4.609965979400007]]],[[[97.82612772760004,4.609965979400007],[98.06568103000004,4.609965979400007],[98.06568103000004,4.689817080200008],[97.82612772760004,4.689817080200008],[97.82612772760004,4.609965979400007]]],[[[103.33585368280004,4.609965979400007],[103.49555588440003,4.609965979400007],[103.49555588440003,4.689817080200008],[103.33585368280004,4.689817080200008],[103.33585368280004,4.609965979400007]]],[[[114.35530559320003,4.609965979400007],[114.51500779480003,4.609965979400007],[114.51500779480003,4.689817080200008],[114.35530559320003,4.689817080200008],[114.35530559320003,4.609965979400007]]],[[[114.59485889560003,4.609965979400007],[114.99411439960004,4.609965979400007],[114.99411439960004,4.689817080200008],[114.59485889560003,4.689817080200008],[114.59485889560003,4.609965979400007]]],[[[115.31351880280003,4.609965979400007],[115.39336990360003,4.609965979400007],[115.39336990360003,4.689817080200008],[115.31351880280003,4.689817080200008],[115.31351880280003,4.609965979400007]]],[[[95.59029690520003,4.530114878600008],[95.98955240920003,4.530114878600008],[95.98955240920003,4.609965979400007],[95.59029690520003,4.609965979400007],[95.59029690520003,4.530114878600008]]],[[[96.06940351000003,4.530114878600008],[96.14925461080003,4.530114878600008],[96.14925461080003,4.609965979400007],[96.06940351000003,4.609965979400007],[96.06940351000003,4.530114878600008]]],[[[97.74627662680004,4.530114878600008],[98.14553213080004,4.530114878600008],[98.14553213080004,4.609965979400007],[97.74627662680004,4.609965979400007],[97.74627662680004,4.530114878600008]]],[[[100.62091625560004,4.530114878600008],[100.70076735640004,4.530114878600008],[100.70076735640004,4.609965979400007],[100.62091625560004,4.609965979400007],[100.62091625560004,4.530114878600008]]],[[[103.33585368280004,4.530114878600008],[103.49555588440003,4.530114878600008],[103.49555588440003,4.609965979400007],[103.33585368280004,4.609965979400007],[103.33585368280004,4.530114878600008]]],[[[113.95605008920003,4.530114878600008],[114.75456109720004,4.530114878600008],[114.75456109720004,4.609965979400007],[113.95605008920003,4.609965979400007],[113.95605008920003,4.530114878600008]]],[[[114.83441219800004,4.530114878600008],[114.91426329880004,4.530114878600008],[114.91426329880004,4.609965979400007],[114.83441219800004,4.609965979400007],[114.83441219800004,4.530114878600008]]],[[[115.55307210520003,4.530114878600008],[115.63292320600004,4.530114878600008],[115.63292320600004,4.609965979400007],[115.55307210520003,4.609965979400007],[115.55307210520003,4.530114878600008]]],[[[95.67014800600003,4.450263777800007],[96.14925461080003,4.450263777800007],[96.14925461080003,4.530114878600008],[95.67014800600003,4.530114878600008],[95.67014800600003,4.450263777800007]]],[[[97.90597882840004,4.450263777800007],[98.30523433240003,4.450263777800007],[98.30523433240003,4.530114878600008],[97.90597882840004,4.530114878600008],[97.90597882840004,4.450263777800007]]],[[[100.62091625560004,4.450263777800007],[100.78061845720003,4.450263777800007],[100.78061845720003,4.530114878600008],[100.62091625560004,4.530114878600008],[100.62091625560004,4.450263777800007]]],[[[103.41570478360003,4.450263777800007],[103.49555588440003,4.450263777800007],[103.49555588440003,4.530114878600008],[103.41570478360003,4.530114878600008],[103.41570478360003,4.450263777800007]]],[[[113.95605008920003,4.450263777800007],[114.67470999640004,4.450263777800007],[114.67470999640004,4.530114878600008],[113.95605008920003,4.530114878600008],[113.95605008920003,4.450263777800007]]],[[[114.83441219800004,4.450263777800007],[114.91426329880004,4.450263777800007],[114.91426329880004,4.530114878600008],[114.83441219800004,4.530114878600008],[114.83441219800004,4.450263777800007]]],[[[115.55307210520003,4.450263777800007],[115.63292320600004,4.450263777800007],[115.63292320600004,4.530114878600008],[115.55307210520003,4.530114878600008],[115.55307210520003,4.450263777800007]]],[[[95.74999910680003,4.370412677000008],[96.38880791320004,4.370412677000008],[96.38880791320004,4.450263777800007],[95.74999910680003,4.450263777800007],[95.74999910680003,4.370412677000008]]],[[[97.66642552600004,4.370412677000008],[97.74627662680004,4.370412677000008],[97.74627662680004,4.450263777800007],[97.66642552600004,4.450263777800007],[97.66642552600004,4.370412677000008]]],[[[97.90597882840004,4.370412677000008],[98.30523433240003,4.370412677000008],[98.30523433240003,4.450263777800007],[97.90597882840004,4.450263777800007],[97.90597882840004,4.370412677000008]]],[[[100.62091625560004,4.370412677000008],[100.94032065880003,4.370412677000008],[100.94032065880003,4.450263777800007],[100.62091625560004,4.450263777800007],[100.62091625560004,4.370412677000008]]],[[[103.25600258200004,4.370412677000008],[103.41570478360003,4.370412677000008],[103.41570478360003,4.450263777800007],[103.25600258200004,4.450263777800007],[103.25600258200004,4.370412677000008]]],[[[113.95605008920003,4.370412677000008],[114.67470999640004,4.370412677000008],[114.67470999640004,4.450263777800007],[113.95605008920003,4.450263777800007],[113.95605008920003,4.370412677000008]]],[[[115.55307210520003,4.370412677000008],[115.63292320600004,4.370412677000008],[115.63292320600004,4.450263777800007],[115.55307210520003,4.450263777800007],[115.55307210520003,4.370412677000008]]],[[[95.90970130840003,4.290561576200007],[96.30895681240004,4.290561576200007],[96.30895681240004,4.370412677000008],[95.90970130840003,4.370412677000008],[95.90970130840003,4.290561576200007]]],[[[96.38880791320004,4.290561576200007],[96.46865901400004,4.290561576200007],[96.46865901400004,4.370412677000008],[96.38880791320004,4.370412677000008],[96.38880791320004,4.290561576200007]]],[[[97.74627662680004,4.290561576200007],[98.30523433240003,4.290561576200007],[98.30523433240003,4.370412677000008],[97.74627662680004,4.370412677000008],[97.74627662680004,4.290561576200007]]],[[[100.78061845720003,4.290561576200007],[101.10002286040003,4.290561576200007],[101.10002286040003,4.370412677000008],[100.78061845720003,4.370412677000008],[100.78061845720003,4.290561576200007]]],[[[103.25600258200004,4.290561576200007],[103.49555588440003,4.290561576200007],[103.49555588440003,4.370412677000008],[103.25600258200004,4.370412677000008],[103.25600258200004,4.290561576200007]]],[[[113.95605008920003,4.290561576200007],[114.51500779480003,4.290561576200007],[114.51500779480003,4.370412677000008],[113.95605008920003,4.370412677000008],[113.95605008920003,4.290561576200007]]],[[[114.59485889560003,4.290561576200007],[114.67470999640004,4.290561576200007],[114.67470999640004,4.370412677000008],[114.59485889560003,4.370412677000008],[114.59485889560003,4.290561576200007]]],[[[95.90970130840003,4.210710475400008],[96.46865901400004,4.210710475400008],[96.46865901400004,4.290561576200007],[95.90970130840003,4.290561576200007],[95.90970130840003,4.210710475400008]]],[[[97.90597882840004,4.210710475400008],[98.30523433240003,4.210710475400008],[98.30523433240003,4.290561576200007],[97.90597882840004,4.290561576200007],[97.90597882840004,4.210710475400008]]],[[[100.78061845720003,4.210710475400008],[101.02017175960003,4.210710475400008],[101.02017175960003,4.290561576200007],[100.78061845720003,4.290561576200007],[100.78061845720003,4.210710475400008]]],[[[103.33585368280004,4.210710475400008],[103.49555588440003,4.210710475400008],[103.49555588440003,4.290561576200007],[103.33585368280004,4.290561576200007],[103.33585368280004,4.210710475400008]]],[[[114.11575229080003,4.210710475400008],[114.43515669400003,4.210710475400008],[114.43515669400003,4.290561576200007],[114.11575229080003,4.290561576200007],[114.11575229080003,4.210710475400008]]],[[[114.59485889560003,4.210710475400008],[114.75456109720004,4.210710475400008],[114.75456109720004,4.290561576200007],[114.59485889560003,4.290561576200007],[114.59485889560003,4.210710475400008]]],[[[117.22994522200004,4.210710475400008],[117.38964742360004,4.210710475400008],[117.38964742360004,4.290561576200007],[117.22994522200004,4.290561576200007],[117.22994522200004,4.210710475400008]]],[[[126.73222621720004,4.210710475400008],[126.81207731800004,4.210710475400008],[126.81207731800004,4.290561576200007],[126.73222621720004,4.290561576200007],[126.73222621720004,4.210710475400008]]],[[[95.98955240920003,4.130859374600007],[96.38880791320004,4.130859374600007],[96.38880791320004,4.210710475400008],[95.98955240920003,4.210710475400008],[95.98955240920003,4.130859374600007]]],[[[97.90597882840004,4.130859374600007],[98.30523433240003,4.130859374600007],[98.30523433240003,4.210710475400008],[97.90597882840004,4.210710475400008],[97.90597882840004,4.130859374600007]]],[[[100.70076735640004,4.130859374600007],[100.94032065880003,4.130859374600007],[100.94032065880003,4.210710475400008],[100.70076735640004,4.210710475400008],[100.70076735640004,4.130859374600007]]],[[[103.33585368280004,4.130859374600007],[103.49555588440003,4.130859374600007],[103.49555588440003,4.210710475400008],[103.33585368280004,4.210710475400008],[103.33585368280004,4.130859374600007]]],[[[113.95605008920003,4.130859374600007],[114.51500779480003,4.130859374600007],[114.51500779480003,4.210710475400008],[113.95605008920003,4.210710475400008],[113.95605008920003,4.130859374600007]]],[[[114.59485889560003,4.130859374600007],[114.75456109720004,4.130859374600007],[114.75456109720004,4.210710475400008],[114.59485889560003,4.210710475400008],[114.59485889560003,4.130859374600007]]],[[[117.22994522200004,4.130859374600007],[117.70905182680004,4.130859374600007],[117.70905182680004,4.210710475400008],[117.22994522200004,4.210710475400008],[117.22994522200004,4.130859374600007]]],[[[117.86875402840003,4.130859374600007],[117.94860512920003,4.130859374600007],[117.94860512920003,4.210710475400008],[117.86875402840003,4.210710475400008],[117.86875402840003,4.130859374600007]]],[[[96.14925461080003,4.051008273800008],[96.62836121560004,4.051008273800008],[96.62836121560004,4.130859374600007],[96.14925461080003,4.130859374600007],[96.14925461080003,4.051008273800008]]],[[[97.58657442520004,4.051008273800008],[97.66642552600004,4.051008273800008],[97.66642552600004,4.130859374600007],[97.58657442520004,4.130859374600007],[97.58657442520004,4.051008273800008]]],[[[97.90597882840004,4.051008273800008],[98.46493653400003,4.051008273800008],[98.46493653400003,4.130859374600007],[97.90597882840004,4.130859374600007],[97.90597882840004,4.051008273800008]]],[[[100.70076735640004,4.051008273800008],[101.02017175960003,4.051008273800008],[101.02017175960003,4.130859374600007],[100.70076735640004,4.130859374600007],[100.70076735640004,4.051008273800008]]],[[[103.25600258200004,4.051008273800008],[103.41570478360003,4.051008273800008],[103.41570478360003,4.130859374600007],[103.25600258200004,4.130859374600007],[103.25600258200004,4.051008273800008]]],[[[113.71649678680004,4.051008273800008],[114.51500779480003,4.051008273800008],[114.51500779480003,4.130859374600007],[113.71649678680004,4.130859374600007],[113.71649678680004,4.051008273800008]]],[[[117.07024302040003,4.051008273800008],[117.94860512920003,4.051008273800008],[117.94860512920003,4.130859374600007],[117.07024302040003,4.130859374600007],[117.07024302040003,4.051008273800008]]],[[[96.22910571160003,3.9711571730000075],[96.70821231640004,3.9711571730000075],[96.70821231640004,4.051008273800008],[96.22910571160003,4.051008273800008],[96.22910571160003,3.9711571730000075]]],[[[97.98582992920004,3.9711571730000075],[98.62463873560003,3.9711571730000075],[98.62463873560003,4.051008273800008],[97.98582992920004,4.051008273800008],[97.98582992920004,3.9711571730000075]]],[[[100.70076735640004,3.9711571730000075],[101.25972506200003,3.9711571730000075],[101.25972506200003,4.051008273800008],[100.70076735640004,4.051008273800008],[100.70076735640004,3.9711571730000075]]],[[[103.33585368280004,3.9711571730000075],[103.41570478360003,3.9711571730000075],[103.41570478360003,4.051008273800008],[103.33585368280004,4.051008273800008],[103.33585368280004,3.9711571730000075]]],[[[113.63664568600004,3.9711571730000075],[114.83441219800004,3.9711571730000075],[114.83441219800004,4.051008273800008],[113.63664568600004,4.051008273800008],[113.63664568600004,3.9711571730000075]]],[[[116.91054081880003,3.9711571730000075],[117.86875402840003,3.9711571730000075],[117.86875402840003,4.051008273800008],[116.91054081880003,4.051008273800008],[116.91054081880003,3.9711571730000075]]],[[[96.22910571160003,3.8913060722000075],[96.78806341720004,3.8913060722000075],[96.78806341720004,3.9711571730000075],[96.22910571160003,3.9711571730000075],[96.22910571160003,3.8913060722000075]]],[[[98.22538323160003,3.8913060722000075],[98.70448983640003,3.8913060722000075],[98.70448983640003,3.9711571730000075],[98.22538323160003,3.9711571730000075],[98.22538323160003,3.8913060722000075]]],[[[100.86046955800003,3.8913060722000075],[101.25972506200003,3.8913060722000075],[101.25972506200003,3.9711571730000075],[100.86046955800003,3.9711571730000075],[100.86046955800003,3.8913060722000075]]],[[[107.96721752920004,3.8913060722000075],[108.04706863000004,3.8913060722000075],[108.04706863000004,3.9711571730000075],[107.96721752920004,3.9711571730000075],[107.96721752920004,3.8913060722000075]]],[[[108.28662193240004,3.8913060722000075],[108.44632413400004,3.8913060722000075],[108.44632413400004,3.9711571730000075],[108.28662193240004,3.9711571730000075],[108.28662193240004,3.8913060722000075]]],[[[113.55679458520004,3.8913060722000075],[113.79634788760004,3.8913060722000075],[113.79634788760004,3.9711571730000075],[113.55679458520004,3.9711571730000075],[113.55679458520004,3.8913060722000075]]],[[[113.87619898840003,3.8913060722000075],[114.75456109720004,3.8913060722000075],[114.75456109720004,3.9711571730000075],[113.87619898840003,3.9711571730000075],[113.87619898840003,3.8913060722000075]]],[[[116.83068971800003,3.8913060722000075],[117.70905182680004,3.8913060722000075],[117.70905182680004,3.9711571730000075],[116.83068971800003,3.9711571730000075],[116.83068971800003,3.8913060722000075]]],[[[96.30895681240004,3.8114549714000074],[96.78806341720004,3.8114549714000074],[96.78806341720004,3.8913060722000075],[96.30895681240004,3.8913060722000075],[96.30895681240004,3.8114549714000074]]],[[[98.14553213080004,3.8114549714000074],[98.70448983640003,3.8114549714000074],[98.70448983640003,3.8913060722000075],[98.14553213080004,3.8913060722000075],[98.14553213080004,3.8114549714000074]]],[[[100.94032065880003,3.8114549714000074],[101.33957616280003,3.8114549714000074],[101.33957616280003,3.8913060722000075],[100.94032065880003,3.8913060722000075],[100.94032065880003,3.8114549714000074]]],[[[107.96721752920004,3.8114549714000074],[108.44632413400004,3.8114549714000074],[108.44632413400004,3.8913060722000075],[107.96721752920004,3.8913060722000075],[107.96721752920004,3.8114549714000074]]],[[[113.47694348440004,3.8114549714000074],[113.79634788760004,3.8114549714000074],[113.79634788760004,3.8913060722000075],[113.47694348440004,3.8913060722000075],[113.47694348440004,3.8114549714000074]]],[[[113.95605008920003,3.8114549714000074],[114.75456109720004,3.8114549714000074],[114.75456109720004,3.8913060722000075],[113.95605008920003,3.8913060722000075],[113.95605008920003,3.8114549714000074]]],[[[116.75083861720003,3.8114549714000074],[117.86875402840003,3.8114549714000074],[117.86875402840003,3.8913060722000075],[116.75083861720003,3.8913060722000075],[116.75083861720003,3.8114549714000074]]],[[[96.38880791320004,3.7316038706000074],[96.86791451800003,3.7316038706000074],[96.86791451800003,3.8114549714000074],[96.38880791320004,3.8114549714000074],[96.38880791320004,3.7316038706000074]]],[[[98.14553213080004,3.7316038706000074],[98.78434093720003,3.7316038706000074],[98.78434093720003,3.8114549714000074],[98.14553213080004,3.8114549714000074],[98.14553213080004,3.7316038706000074]]],[[[100.86046955800003,3.7316038706000074],[101.33957616280003,3.7316038706000074],[101.33957616280003,3.8114549714000074],[100.86046955800003,3.8114549714000074],[100.86046955800003,3.7316038706000074]]],[[[103.17615148120004,3.7316038706000074],[103.33585368280004,3.7316038706000074],[103.33585368280004,3.8114549714000074],[103.17615148120004,3.8114549714000074],[103.17615148120004,3.7316038706000074]]],[[[108.12691973080004,3.7316038706000074],[108.28662193240004,3.7316038706000074],[108.28662193240004,3.8114549714000074],[108.12691973080004,3.8114549714000074],[108.12691973080004,3.7316038706000074]]],[[[113.39709238360004,3.7316038706000074],[113.71649678680004,3.7316038706000074],[113.71649678680004,3.8114549714000074],[113.39709238360004,3.8114549714000074],[113.39709238360004,3.7316038706000074]]],[[[113.79634788760004,3.7316038706000074],[113.87619898840003,3.7316038706000074],[113.87619898840003,3.8114549714000074],[113.79634788760004,3.8114549714000074],[113.79634788760004,3.7316038706000074]]],[[[114.11575229080003,3.7316038706000074],[114.35530559320003,3.7316038706000074],[114.35530559320003,3.8114549714000074],[114.11575229080003,3.8114549714000074],[114.11575229080003,3.7316038706000074]]],[[[116.67098751640003,3.7316038706000074],[117.86875402840003,3.7316038706000074],[117.86875402840003,3.8114549714000074],[116.67098751640003,3.8114549714000074],[116.67098751640003,3.7316038706000074]]],[[[96.78806341720004,3.6517527698000074],[96.94776561880003,3.6517527698000074],[96.94776561880003,3.7316038706000074],[96.78806341720004,3.7316038706000074],[96.78806341720004,3.6517527698000074]]],[[[98.06568103000004,3.6517527698000074],[98.22538323160003,3.6517527698000074],[98.22538323160003,3.7316038706000074],[98.06568103000004,3.7316038706000074],[98.06568103000004,3.6517527698000074]]],[[[98.30523433240003,3.6517527698000074],[98.46493653400003,3.6517527698000074],[98.46493653400003,3.7316038706000074],[98.30523433240003,3.7316038706000074],[98.30523433240003,3.6517527698000074]]],[[[98.54478763480003,3.6517527698000074],[99.02389423960004,3.6517527698000074],[99.02389423960004,3.7316038706000074],[98.54478763480003,3.7316038706000074],[98.54478763480003,3.6517527698000074]]],[[[101.02017175960003,3.6517527698000074],[101.41942726360003,3.6517527698000074],[101.41942726360003,3.7316038706000074],[101.02017175960003,3.7316038706000074],[101.02017175960003,3.6517527698000074]]],[[[103.17615148120004,3.6517527698000074],[103.33585368280004,3.6517527698000074],[103.33585368280004,3.7316038706000074],[103.17615148120004,3.7316038706000074],[103.17615148120004,3.6517527698000074]]],[[[108.04706863000004,3.6517527698000074],[108.12691973080004,3.6517527698000074],[108.12691973080004,3.7316038706000074],[108.04706863000004,3.7316038706000074],[108.04706863000004,3.6517527698000074]]],[[[108.20677083160004,3.6517527698000074],[108.36647303320004,3.6517527698000074],[108.36647303320004,3.7316038706000074],[108.20677083160004,3.7316038706000074],[108.20677083160004,3.6517527698000074]]],[[[113.39709238360004,3.6517527698000074],[113.63664568600004,3.6517527698000074],[113.63664568600004,3.7316038706000074],[113.39709238360004,3.7316038706000074],[113.39709238360004,3.6517527698000074]]],[[[114.11575229080003,3.6517527698000074],[114.27545449240003,3.6517527698000074],[114.27545449240003,3.7316038706000074],[114.11575229080003,3.7316038706000074],[114.11575229080003,3.6517527698000074]]],[[[116.67098751640003,3.6517527698000074],[117.86875402840003,3.6517527698000074],[117.86875402840003,3.7316038706000074],[116.67098751640003,3.7316038706000074],[116.67098751640003,3.6517527698000074]]],[[[96.86791451800003,3.5719016690000074],[97.02761671960003,3.5719016690000074],[97.02761671960003,3.6517527698000074],[96.86791451800003,3.6517527698000074],[96.86791451800003,3.5719016690000074]]],[[[98.22538323160003,3.5719016690000074],[98.46493653400003,3.5719016690000074],[98.46493653400003,3.6517527698000074],[98.22538323160003,3.6517527698000074],[98.22538323160003,3.5719016690000074]]],[[[98.78434093720003,3.5719016690000074],[99.10374534040004,3.5719016690000074],[99.10374534040004,3.6517527698000074],[98.78434093720003,3.6517527698000074],[98.78434093720003,3.5719016690000074]]],[[[101.02017175960003,3.5719016690000074],[101.41942726360003,3.5719016690000074],[101.41942726360003,3.6517527698000074],[101.02017175960003,3.6517527698000074],[101.02017175960003,3.5719016690000074]]],[[[103.09630038040004,3.5719016690000074],[103.41570478360003,3.5719016690000074],[103.41570478360003,3.6517527698000074],[103.09630038040004,3.6517527698000074],[103.09630038040004,3.5719016690000074]]],[[[113.39709238360004,3.5719016690000074],[113.47694348440004,3.5719016690000074],[113.47694348440004,3.6517527698000074],[113.39709238360004,3.6517527698000074],[113.39709238360004,3.5719016690000074]]],[[[113.55679458520004,3.5719016690000074],[113.71649678680004,3.5719016690000074],[113.71649678680004,3.6517527698000074],[113.55679458520004,3.6517527698000074],[113.55679458520004,3.5719016690000074]]],[[[114.11575229080003,3.5719016690000074],[114.19560339160003,3.5719016690000074],[114.19560339160003,3.6517527698000074],[114.11575229080003,3.6517527698000074],[114.11575229080003,3.5719016690000074]]],[[[116.59113641560003,3.5719016690000074],[117.78890292760003,3.5719016690000074],[117.78890292760003,3.6517527698000074],[116.59113641560003,3.6517527698000074],[116.59113641560003,3.5719016690000074]]],[[[96.94776561880003,3.4920505682000074],[97.02761671960003,3.4920505682000074],[97.02761671960003,3.5719016690000074],[96.94776561880003,3.5719016690000074],[96.94776561880003,3.4920505682000074]]],[[[98.22538323160003,3.4920505682000074],[98.38508543320003,3.4920505682000074],[98.38508543320003,3.5719016690000074],[98.22538323160003,3.5719016690000074],[98.22538323160003,3.4920505682000074]]],[[[98.78434093720003,3.4920505682000074],[99.26344754200004,3.4920505682000074],[99.26344754200004,3.5719016690000074],[98.78434093720003,3.5719016690000074],[98.78434093720003,3.4920505682000074]]],[[[101.10002286040003,3.4920505682000074],[101.57912946520004,3.4920505682000074],[101.57912946520004,3.5719016690000074],[101.10002286040003,3.5719016690000074],[101.10002286040003,3.4920505682000074]]],[[[102.29778937240003,3.4920505682000074],[102.45749157400003,3.4920505682000074],[102.45749157400003,3.5719016690000074],[102.29778937240003,3.5719016690000074],[102.29778937240003,3.4920505682000074]]],[[[102.53734267480003,3.4920505682000074],[102.77689597720004,3.4920505682000074],[102.77689597720004,3.5719016690000074],[102.53734267480003,3.5719016690000074],[102.53734267480003,3.4920505682000074]]],[[[103.01644927960004,3.4920505682000074],[103.49555588440003,3.4920505682000074],[103.49555588440003,3.5719016690000074],[103.01644927960004,3.5719016690000074],[103.01644927960004,3.4920505682000074]]],[[[113.23739018200004,3.4920505682000074],[113.31724128280004,3.4920505682000074],[113.31724128280004,3.5719016690000074],[113.23739018200004,3.5719016690000074],[113.23739018200004,3.4920505682000074]]],[[[113.55679458520004,3.4920505682000074],[113.71649678680004,3.4920505682000074],[113.71649678680004,3.5719016690000074],[113.55679458520004,3.5719016690000074],[113.55679458520004,3.4920505682000074]]],[[[116.51128531480003,3.4920505682000074],[117.78890292760003,3.4920505682000074],[117.78890292760003,3.5719016690000074],[116.51128531480003,3.5719016690000074],[116.51128531480003,3.4920505682000074]]],[[[98.86419203800003,3.412199467400008],[99.42314974360004,3.412199467400008],[99.42314974360004,3.4920505682000074],[98.86419203800003,3.4920505682000074],[98.86419203800003,3.412199467400008]]],[[[101.17987396120003,3.412199467400008],[101.65898056600004,3.412199467400008],[101.65898056600004,3.4920505682000074],[101.17987396120003,3.4920505682000074],[101.17987396120003,3.412199467400008]]],[[[102.45749157400003,3.412199467400008],[103.49555588440003,3.412199467400008],[103.49555588440003,3.4920505682000074],[102.45749157400003,3.4920505682000074],[102.45749157400003,3.412199467400008]]],[[[113.55679458520004,3.412199467400008],[113.71649678680004,3.412199467400008],[113.71649678680004,3.4920505682000074],[113.55679458520004,3.4920505682000074],[113.55679458520004,3.412199467400008]]],[[[116.99039191960003,3.412199467400008],[117.70905182680004,3.412199467400008],[117.70905182680004,3.4920505682000074],[116.99039191960003,3.4920505682000074],[116.99039191960003,3.412199467400008]]],[[[97.10746782040003,3.3323483666000078],[97.18731892120003,3.3323483666000078],[97.18731892120003,3.412199467400008],[97.10746782040003,3.412199467400008],[97.10746782040003,3.3323483666000078]]],[[[97.26717002200003,3.3323483666000078],[97.34702112280003,3.3323483666000078],[97.34702112280003,3.412199467400008],[97.26717002200003,3.412199467400008],[97.26717002200003,3.3323483666000078]]],[[[98.62463873560003,3.3323483666000078],[98.70448983640003,3.3323483666000078],[98.70448983640003,3.412199467400008],[98.62463873560003,3.412199467400008],[98.62463873560003,3.3323483666000078]]],[[[98.86419203800003,3.3323483666000078],[99.50300084440003,3.3323483666000078],[99.50300084440003,3.412199467400008],[98.86419203800003,3.412199467400008],[98.86419203800003,3.3323483666000078]]],[[[101.25972506200003,3.3323483666000078],[101.65898056600004,3.3323483666000078],[101.65898056600004,3.412199467400008],[101.25972506200003,3.412199467400008],[101.25972506200003,3.3323483666000078]]],[[[102.37764047320003,3.3323483666000078],[102.69704487640004,3.3323483666000078],[102.69704487640004,3.412199467400008],[102.37764047320003,3.412199467400008],[102.37764047320003,3.3323483666000078]]],[[[102.93659817880004,3.3323483666000078],[103.49555588440003,3.3323483666000078],[103.49555588440003,3.412199467400008],[102.93659817880004,3.412199467400008],[102.93659817880004,3.3323483666000078]]],[[[113.39709238360004,3.3323483666000078],[113.63664568600004,3.3323483666000078],[113.63664568600004,3.412199467400008],[113.39709238360004,3.412199467400008],[113.39709238360004,3.3323483666000078]]],[[[117.07024302040003,3.3323483666000078],[117.70905182680004,3.3323483666000078],[117.70905182680004,3.412199467400008],[117.07024302040003,3.412199467400008],[117.07024302040003,3.3323483666000078]]],[[[97.26717002200003,3.2524972658000078],[97.42687222360003,3.2524972658000078],[97.42687222360003,3.3323483666000078],[97.26717002200003,3.3323483666000078],[97.26717002200003,3.2524972658000078]]],[[[97.90597882840004,3.2524972658000078],[98.06568103000004,3.2524972658000078],[98.06568103000004,3.3323483666000078],[97.90597882840004,3.3323483666000078],[97.90597882840004,3.2524972658000078]]],[[[99.02389423960004,3.2524972658000078],[99.10374534040004,3.2524972658000078],[99.10374534040004,3.3323483666000078],[99.02389423960004,3.3323483666000078],[99.02389423960004,3.2524972658000078]]],[[[99.34329864280004,3.2524972658000078],[99.58285194520003,3.2524972658000078],[99.58285194520003,3.3323483666000078],[99.34329864280004,3.3323483666000078],[99.34329864280004,3.2524972658000078]]],[[[101.33957616280003,3.2524972658000078],[101.49927836440003,3.2524972658000078],[101.49927836440003,3.3323483666000078],[101.33957616280003,3.3323483666000078],[101.33957616280003,3.2524972658000078]]],[[[102.37764047320003,3.2524972658000078],[102.45749157400003,3.2524972658000078],[102.45749157400003,3.3323483666000078],[102.37764047320003,3.3323483666000078],[102.37764047320003,3.2524972658000078]]],[[[102.53734267480003,3.2524972658000078],[102.61719377560003,3.2524972658000078],[102.61719377560003,3.3323483666000078],[102.53734267480003,3.3323483666000078],[102.53734267480003,3.2524972658000078]]],[[[103.09630038040004,3.2524972658000078],[103.49555588440003,3.2524972658000078],[103.49555588440003,3.3323483666000078],[103.09630038040004,3.3323483666000078],[103.09630038040004,3.2524972658000078]]],[[[113.07768798040004,3.2524972658000078],[113.15753908120004,3.2524972658000078],[113.15753908120004,3.3323483666000078],[113.07768798040004,3.3323483666000078],[113.07768798040004,3.2524972658000078]]],[[[113.39709238360004,3.2524972658000078],[113.55679458520004,3.2524972658000078],[113.55679458520004,3.3323483666000078],[113.39709238360004,3.3323483666000078],[113.39709238360004,3.2524972658000078]]],[[[113.79634788760004,3.2524972658000078],[113.87619898840003,3.2524972658000078],[113.87619898840003,3.3323483666000078],[113.79634788760004,3.3323483666000078],[113.79634788760004,3.2524972658000078]]],[[[116.99039191960003,3.2524972658000078],[117.62920072600004,3.2524972658000078],[117.62920072600004,3.3323483666000078],[116.99039191960003,3.3323483666000078],[116.99039191960003,3.2524972658000078]]],[[[97.26717002200003,3.1726461650000077],[97.42687222360003,3.1726461650000077],[97.42687222360003,3.2524972658000078],[97.26717002200003,3.2524972658000078],[97.26717002200003,3.1726461650000077]]],[[[97.90597882840004,3.1726461650000077],[98.06568103000004,3.1726461650000077],[98.06568103000004,3.2524972658000078],[97.90597882840004,3.2524972658000078],[97.90597882840004,3.1726461650000077]]],[[[99.42314974360004,3.1726461650000077],[99.82240524760003,3.1726461650000077],[99.82240524760003,3.2524972658000078],[99.42314974360004,3.2524972658000078],[99.42314974360004,3.1726461650000077]]],[[[101.33957616280003,3.1726461650000077],[101.57912946520004,3.1726461650000077],[101.57912946520004,3.2524972658000078],[101.33957616280003,3.2524972658000078],[101.33957616280003,3.1726461650000077]]],[[[102.37764047320003,3.1726461650000077],[102.61719377560003,3.1726461650000077],[102.61719377560003,3.2524972658000078],[102.37764047320003,3.2524972658000078],[102.37764047320003,3.1726461650000077]]],[[[103.09630038040004,3.1726461650000077],[103.49555588440003,3.1726461650000077],[103.49555588440003,3.2524972658000078],[103.09630038040004,3.2524972658000078],[103.09630038040004,3.1726461650000077]]],[[[112.99783687960004,3.1726461650000077],[113.23739018200004,3.1726461650000077],[113.23739018200004,3.2524972658000078],[112.99783687960004,3.2524972658000078],[112.99783687960004,3.1726461650000077]]],[[[113.31724128280004,3.1726461650000077],[113.87619898840003,3.1726461650000077],[113.87619898840003,3.2524972658000078],[113.31724128280004,3.2524972658000078],[113.31724128280004,3.1726461650000077]]],[[[113.95605008920003,3.1726461650000077],[114.03590119000003,3.1726461650000077],[114.03590119000003,3.2524972658000078],[113.95605008920003,3.2524972658000078],[113.95605008920003,3.1726461650000077]]],[[[116.43143421400003,3.1726461650000077],[116.51128531480003,3.1726461650000077],[116.51128531480003,3.2524972658000078],[116.43143421400003,3.2524972658000078],[116.43143421400003,3.1726461650000077]]],[[[117.15009412120003,3.1726461650000077],[117.46949852440004,3.1726461650000077],[117.46949852440004,3.2524972658000078],[117.15009412120003,3.2524972658000078],[117.15009412120003,3.1726461650000077]]],[[[97.26717002200003,3.0927950642000077],[97.50672332440003,3.0927950642000077],[97.50672332440003,3.1726461650000077],[97.26717002200003,3.1726461650000077],[97.26717002200003,3.0927950642000077]]],[[[97.90597882840004,3.0927950642000077],[98.14553213080004,3.0927950642000077],[98.14553213080004,3.1726461650000077],[97.90597882840004,3.1726461650000077],[97.90597882840004,3.0927950642000077]]],[[[99.50300084440003,3.0927950642000077],[99.82240524760003,3.0927950642000077],[99.82240524760003,3.1726461650000077],[99.50300084440003,3.1726461650000077],[99.50300084440003,3.0927950642000077]]],[[[101.41942726360003,3.0927950642000077],[101.49927836440003,3.0927950642000077],[101.49927836440003,3.1726461650000077],[101.41942726360003,3.1726461650000077],[101.41942726360003,3.0927950642000077]]],[[[102.53734267480003,3.0927950642000077],[102.61719377560003,3.0927950642000077],[102.61719377560003,3.1726461650000077],[102.53734267480003,3.1726461650000077],[102.53734267480003,3.0927950642000077]]],[[[102.77689597720004,3.0927950642000077],[102.85674707800004,3.0927950642000077],[102.85674707800004,3.1726461650000077],[102.77689597720004,3.1726461650000077],[102.77689597720004,3.0927950642000077]]],[[[103.01644927960004,3.0927950642000077],[103.41570478360003,3.0927950642000077],[103.41570478360003,3.1726461650000077],[103.01644927960004,3.1726461650000077],[103.01644927960004,3.0927950642000077]]],[[[112.75828357720003,3.0927950642000077],[113.55679458520004,3.0927950642000077],[113.55679458520004,3.1726461650000077],[112.75828357720003,3.1726461650000077],[112.75828357720003,3.0927950642000077]]],[[[113.71649678680004,3.0927950642000077],[113.79634788760004,3.0927950642000077],[113.79634788760004,3.1726461650000077],[113.71649678680004,3.1726461650000077],[113.71649678680004,3.0927950642000077]]],[[[113.87619898840003,3.0927950642000077],[114.03590119000003,3.0927950642000077],[114.03590119000003,3.1726461650000077],[113.87619898840003,3.1726461650000077],[113.87619898840003,3.0927950642000077]]],[[[116.43143421400003,3.0927950642000077],[116.51128531480003,3.0927950642000077],[116.51128531480003,3.1726461650000077],[116.43143421400003,3.1726461650000077],[116.43143421400003,3.0927950642000077]]],[[[117.15009412120003,3.0927950642000077],[117.62920072600004,3.0927950642000077],[117.62920072600004,3.1726461650000077],[117.15009412120003,3.1726461650000077],[117.15009412120003,3.0927950642000077]]],[[[97.26717002200003,3.0129439634000077],[97.50672332440003,3.0129439634000077],[97.50672332440003,3.0927950642000077],[97.26717002200003,3.0927950642000077],[97.26717002200003,3.0129439634000077]]],[[[99.66270304600003,3.0129439634000077],[99.90225634840003,3.0129439634000077],[99.90225634840003,3.0927950642000077],[99.66270304600003,3.0927950642000077],[99.66270304600003,3.0129439634000077]]],[[[101.41942726360003,3.0129439634000077],[101.49927836440003,3.0129439634000077],[101.49927836440003,3.0927950642000077],[101.41942726360003,3.0927950642000077],[101.41942726360003,3.0129439634000077]]],[[[101.57912946520004,3.0129439634000077],[101.65898056600004,3.0129439634000077],[101.65898056600004,3.0927950642000077],[101.57912946520004,3.0927950642000077],[101.57912946520004,3.0129439634000077]]],[[[102.45749157400003,3.0129439634000077],[102.61719377560003,3.0129439634000077],[102.61719377560003,3.0927950642000077],[102.45749157400003,3.0927950642000077],[102.45749157400003,3.0129439634000077]]],[[[102.69704487640004,3.0129439634000077],[103.41570478360003,3.0129439634000077],[103.41570478360003,3.0927950642000077],[102.69704487640004,3.0927950642000077],[102.69704487640004,3.0129439634000077]]],[[[112.51873027480003,3.0129439634000077],[113.55679458520004,3.0129439634000077],[113.55679458520004,3.0927950642000077],[112.51873027480003,3.0927950642000077],[112.51873027480003,3.0129439634000077]]],[[[113.87619898840003,3.0129439634000077],[113.95605008920003,3.0129439634000077],[113.95605008920003,3.0927950642000077],[113.87619898840003,3.0927950642000077],[113.87619898840003,3.0129439634000077]]],[[[116.43143421400003,3.0129439634000077],[116.51128531480003,3.0129439634000077],[116.51128531480003,3.0927950642000077],[116.43143421400003,3.0927950642000077],[116.43143421400003,3.0129439634000077]]],[[[117.30979632280004,3.0129439634000077],[117.62920072600004,3.0129439634000077],[117.62920072600004,3.0927950642000077],[117.30979632280004,3.0927950642000077],[117.30979632280004,3.0129439634000077]]],[[[97.34702112280003,2.9330928626000077],[97.58657442520004,2.9330928626000077],[97.58657442520004,3.0129439634000077],[97.34702112280003,3.0129439634000077],[97.34702112280003,2.9330928626000077]]],[[[99.58285194520003,2.9330928626000077],[100.06195855000003,2.9330928626000077],[100.06195855000003,3.0129439634000077],[99.58285194520003,3.0129439634000077],[99.58285194520003,2.9330928626000077]]],[[[101.41942726360003,2.9330928626000077],[101.73883166680004,2.9330928626000077],[101.73883166680004,3.0129439634000077],[101.41942726360003,3.0129439634000077],[101.41942726360003,2.9330928626000077]]],[[[102.53734267480003,2.9330928626000077],[102.61719377560003,2.9330928626000077],[102.61719377560003,3.0129439634000077],[102.53734267480003,3.0129439634000077],[102.53734267480003,2.9330928626000077]]],[[[102.69704487640004,2.9330928626000077],[103.09630038040004,2.9330928626000077],[103.09630038040004,3.0129439634000077],[102.69704487640004,3.0129439634000077],[102.69704487640004,2.9330928626000077]]],[[[103.17615148120004,2.9330928626000077],[103.41570478360003,2.9330928626000077],[103.41570478360003,3.0129439634000077],[103.17615148120004,3.0129439634000077],[103.17615148120004,2.9330928626000077]]],[[[105.73138670680004,2.9330928626000077],[105.81123780760004,2.9330928626000077],[105.81123780760004,3.0129439634000077],[105.73138670680004,3.0129439634000077],[105.73138670680004,2.9330928626000077]]],[[[112.19932587160004,2.9330928626000077],[112.91798577880003,2.9330928626000077],[112.91798577880003,3.0129439634000077],[112.19932587160004,3.0129439634000077],[112.19932587160004,2.9330928626000077]]],[[[113.15753908120004,2.9330928626000077],[113.63664568600004,2.9330928626000077],[113.63664568600004,3.0129439634000077],[113.15753908120004,3.0129439634000077],[113.15753908120004,2.9330928626000077]]],[[[117.30979632280004,2.9330928626000077],[117.70905182680004,2.9330928626000077],[117.70905182680004,3.0129439634000077],[117.30979632280004,3.0129439634000077],[117.30979632280004,2.9330928626000077]]],[[[95.82985020760003,2.8532417618000077],[95.90970130840003,2.8532417618000077],[95.90970130840003,2.9330928626000077],[95.82985020760003,2.9330928626000077],[95.82985020760003,2.8532417618000077]]],[[[97.42687222360003,2.8532417618000077],[97.90597882840004,2.8532417618000077],[97.90597882840004,2.9330928626000077],[97.42687222360003,2.9330928626000077],[97.42687222360003,2.8532417618000077]]],[[[99.50300084440003,2.8532417618000077],[99.58285194520003,2.8532417618000077],[99.58285194520003,2.9330928626000077],[99.50300084440003,2.9330928626000077],[99.50300084440003,2.8532417618000077]]],[[[99.74255414680003,2.8532417618000077],[100.06195855000003,2.8532417618000077],[100.06195855000003,2.9330928626000077],[99.74255414680003,2.9330928626000077],[99.74255414680003,2.8532417618000077]]],[[[101.49927836440003,2.8532417618000077],[101.73883166680004,2.8532417618000077],[101.73883166680004,2.9330928626000077],[101.49927836440003,2.9330928626000077],[101.49927836440003,2.8532417618000077]]],[[[102.77689597720004,2.8532417618000077],[102.85674707800004,2.8532417618000077],[102.85674707800004,2.9330928626000077],[102.77689597720004,2.9330928626000077],[102.77689597720004,2.8532417618000077]]],[[[103.01644927960004,2.8532417618000077],[103.41570478360003,2.8532417618000077],[103.41570478360003,2.9330928626000077],[103.01644927960004,2.9330928626000077],[103.01644927960004,2.8532417618000077]]],[[[111.72021926680003,2.8532417618000077],[112.83813467800003,2.8532417618000077],[112.83813467800003,2.9330928626000077],[111.72021926680003,2.9330928626000077],[111.72021926680003,2.8532417618000077]]],[[[113.31724128280004,2.8532417618000077],[113.47694348440004,2.8532417618000077],[113.47694348440004,2.9330928626000077],[113.31724128280004,2.9330928626000077],[113.31724128280004,2.8532417618000077]]],[[[117.30979632280004,2.8532417618000077],[117.78890292760003,2.8532417618000077],[117.78890292760003,2.9330928626000077],[117.30979632280004,2.9330928626000077],[117.30979632280004,2.8532417618000077]]],[[[95.74999910680003,2.7733906610000076],[95.98955240920003,2.7733906610000076],[95.98955240920003,2.8532417618000077],[95.74999910680003,2.8532417618000077],[95.74999910680003,2.7733906610000076]]],[[[97.58657442520004,2.7733906610000076],[97.90597882840004,2.7733906610000076],[97.90597882840004,2.8532417618000077],[97.58657442520004,2.8532417618000077],[97.58657442520004,2.7733906610000076]]],[[[99.42314974360004,2.7733906610000076],[100.06195855000003,2.7733906610000076],[100.06195855000003,2.8532417618000077],[99.42314974360004,2.8532417618000077],[99.42314974360004,2.7733906610000076]]],[[[101.49927836440003,2.7733906610000076],[101.81868276760004,2.7733906610000076],[101.81868276760004,2.8532417618000077],[101.49927836440003,2.8532417618000077],[101.49927836440003,2.7733906610000076]]],[[[102.53734267480003,2.7733906610000076],[102.61719377560003,2.7733906610000076],[102.61719377560003,2.8532417618000077],[102.53734267480003,2.8532417618000077],[102.53734267480003,2.7733906610000076]]],[[[102.85674707800004,2.7733906610000076],[103.01644927960004,2.7733906610000076],[103.01644927960004,2.8532417618000077],[102.85674707800004,2.8532417618000077],[102.85674707800004,2.7733906610000076]]],[[[103.17615148120004,2.7733906610000076],[103.49555588440003,2.7733906610000076],[103.49555588440003,2.8532417618000077],[103.17615148120004,2.8532417618000077],[103.17615148120004,2.7733906610000076]]],[[[111.56051706520003,2.7733906610000076],[112.75828357720003,2.7733906610000076],[112.75828357720003,2.8532417618000077],[111.56051706520003,2.8532417618000077],[111.56051706520003,2.7733906610000076]]],[[[113.07768798040004,2.7733906610000076],[113.15753908120004,2.7733906610000076],[113.15753908120004,2.8532417618000077],[113.07768798040004,2.8532417618000077],[113.07768798040004,2.7733906610000076]]],[[[113.31724128280004,2.7733906610000076],[113.47694348440004,2.7733906610000076],[113.47694348440004,2.8532417618000077],[113.31724128280004,2.8532417618000077],[113.31724128280004,2.7733906610000076]]],[[[117.30979632280004,2.7733906610000076],[117.78890292760003,2.7733906610000076],[117.78890292760003,2.8532417618000077],[117.30979632280004,2.8532417618000077],[117.30979632280004,2.7733906610000076]]],[[[95.74999910680003,2.6935395602000076],[95.82985020760003,2.6935395602000076],[95.82985020760003,2.7733906610000076],[95.74999910680003,2.7733906610000076],[95.74999910680003,2.6935395602000076]]],[[[95.90970130840003,2.6935395602000076],[95.98955240920003,2.6935395602000076],[95.98955240920003,2.7733906610000076],[95.90970130840003,2.7733906610000076],[95.90970130840003,2.6935395602000076]]],[[[97.58657442520004,2.6935395602000076],[98.06568103000004,2.6935395602000076],[98.06568103000004,2.7733906610000076],[97.58657442520004,2.7733906610000076],[97.58657442520004,2.6935395602000076]]],[[[99.42314974360004,2.6935395602000076],[100.30151185240004,2.6935395602000076],[100.30151185240004,2.7733906610000076],[99.42314974360004,2.7733906610000076],[99.42314974360004,2.6935395602000076]]],[[[101.41942726360003,2.6935395602000076],[101.81868276760004,2.6935395602000076],[101.81868276760004,2.7733906610000076],[101.41942726360003,2.7733906610000076],[101.41942726360003,2.6935395602000076]]],[[[102.53734267480003,2.6935395602000076],[102.61719377560003,2.6935395602000076],[102.61719377560003,2.7733906610000076],[102.53734267480003,2.7733906610000076],[102.53734267480003,2.6935395602000076]]],[[[102.85674707800004,2.6935395602000076],[103.01644927960004,2.6935395602000076],[103.01644927960004,2.7733906610000076],[102.85674707800004,2.7733906610000076],[102.85674707800004,2.6935395602000076]]],[[[103.25600258200004,2.6935395602000076],[103.57540698520003,2.6935395602000076],[103.57540698520003,2.7733906610000076],[103.25600258200004,2.7733906610000076],[103.25600258200004,2.6935395602000076]]],[[[111.24111266200003,2.6935395602000076],[112.67843247640003,2.6935395602000076],[112.67843247640003,2.7733906610000076],[111.24111266200003,2.7733906610000076],[111.24111266200003,2.6935395602000076]]],[[[112.91798577880003,2.6935395602000076],[113.15753908120004,2.6935395602000076],[113.15753908120004,2.7733906610000076],[112.91798577880003,2.7733906610000076],[112.91798577880003,2.6935395602000076]]],[[[113.31724128280004,2.6935395602000076],[113.39709238360004,2.6935395602000076],[113.39709238360004,2.7733906610000076],[113.31724128280004,2.7733906610000076],[113.31724128280004,2.6935395602000076]]],[[[113.47694348440004,2.6935395602000076],[113.63664568600004,2.6935395602000076],[113.63664568600004,2.7733906610000076],[113.47694348440004,2.7733906610000076],[113.47694348440004,2.6935395602000076]]],[[[114.03590119000003,2.6935395602000076],[114.19560339160003,2.6935395602000076],[114.19560339160003,2.7733906610000076],[114.03590119000003,2.7733906610000076],[114.03590119000003,2.6935395602000076]]],[[[117.38964742360004,2.6935395602000076],[117.78890292760003,2.6935395602000076],[117.78890292760003,2.7733906610000076],[117.38964742360004,2.7733906610000076],[117.38964742360004,2.6935395602000076]]],[[[95.74999910680003,2.6136884594000076],[95.98955240920003,2.6136884594000076],[95.98955240920003,2.6935395602000076],[95.74999910680003,2.6935395602000076],[95.74999910680003,2.6136884594000076]]],[[[96.14925461080003,2.6136884594000076],[96.22910571160003,2.6136884594000076],[96.22910571160003,2.6935395602000076],[96.14925461080003,2.6935395602000076],[96.14925461080003,2.6136884594000076]]],[[[97.58657442520004,2.6136884594000076],[98.06568103000004,2.6136884594000076],[98.06568103000004,2.6935395602000076],[97.58657442520004,2.6935395602000076],[97.58657442520004,2.6136884594000076]]],[[[98.62463873560003,2.6136884594000076],[98.70448983640003,2.6136884594000076],[98.70448983640003,2.6935395602000076],[98.62463873560003,2.6935395602000076],[98.62463873560003,2.6136884594000076]]],[[[99.50300084440003,2.6136884594000076],[99.58285194520003,2.6136884594000076],[99.58285194520003,2.6935395602000076],[99.50300084440003,2.6935395602000076],[99.50300084440003,2.6136884594000076]]],[[[99.66270304600003,2.6136884594000076],[100.30151185240004,2.6136884594000076],[100.30151185240004,2.6935395602000076],[99.66270304600003,2.6935395602000076],[99.66270304600003,2.6136884594000076]]],[[[101.49927836440003,2.6136884594000076],[101.81868276760004,2.6136884594000076],[101.81868276760004,2.6935395602000076],[101.49927836440003,2.6935395602000076],[101.49927836440003,2.6136884594000076]]],[[[102.69704487640004,2.6136884594000076],[102.85674707800004,2.6136884594000076],[102.85674707800004,2.6935395602000076],[102.69704487640004,2.6935395602000076],[102.69704487640004,2.6136884594000076]]],[[[102.93659817880004,2.6136884594000076],[103.01644927960004,2.6136884594000076],[103.01644927960004,2.6935395602000076],[102.93659817880004,2.6935395602000076],[102.93659817880004,2.6136884594000076]]],[[[103.41570478360003,2.6136884594000076],[103.65525808600003,2.6136884594000076],[103.65525808600003,2.6935395602000076],[103.41570478360003,2.6935395602000076],[103.41570478360003,2.6136884594000076]]],[[[111.24111266200003,2.6136884594000076],[112.67843247640003,2.6136884594000076],[112.67843247640003,2.6935395602000076],[111.24111266200003,2.6935395602000076],[111.24111266200003,2.6136884594000076]]],[[[112.91798577880003,2.6136884594000076],[113.23739018200004,2.6136884594000076],[113.23739018200004,2.6935395602000076],[112.91798577880003,2.6935395602000076],[112.91798577880003,2.6136884594000076]]],[[[113.39709238360004,2.6136884594000076],[113.63664568600004,2.6136884594000076],[113.63664568600004,2.6935395602000076],[113.39709238360004,2.6935395602000076],[113.39709238360004,2.6136884594000076]]],[[[117.46949852440004,2.6136884594000076],[117.86875402840003,2.6136884594000076],[117.86875402840003,2.6935395602000076],[117.46949852440004,2.6935395602000076],[117.46949852440004,2.6136884594000076]]],[[[95.82985020760003,2.5338373586000076],[95.98955240920003,2.5338373586000076],[95.98955240920003,2.6136884594000076],[95.82985020760003,2.6136884594000076],[95.82985020760003,2.5338373586000076]]],[[[97.58657442520004,2.5338373586000076],[97.90597882840004,2.5338373586000076],[97.90597882840004,2.6136884594000076],[97.58657442520004,2.6136884594000076],[97.58657442520004,2.5338373586000076]]],[[[98.62463873560003,2.5338373586000076],[98.70448983640003,2.5338373586000076],[98.70448983640003,2.6136884594000076],[98.62463873560003,2.6136884594000076],[98.62463873560003,2.5338373586000076]]],[[[99.50300084440003,2.5338373586000076],[100.38136295320004,2.5338373586000076],[100.38136295320004,2.6136884594000076],[99.50300084440003,2.6136884594000076],[99.50300084440003,2.5338373586000076]]],[[[101.73883166680004,2.5338373586000076],[101.97838496920004,2.5338373586000076],[101.97838496920004,2.6136884594000076],[101.73883166680004,2.6136884594000076],[101.73883166680004,2.5338373586000076]]],[[[102.69704487640004,2.5338373586000076],[102.85674707800004,2.5338373586000076],[102.85674707800004,2.6136884594000076],[102.69704487640004,2.6136884594000076],[102.69704487640004,2.5338373586000076]]],[[[103.41570478360003,2.5338373586000076],[103.81496028760003,2.5338373586000076],[103.81496028760003,2.6136884594000076],[103.41570478360003,2.6136884594000076],[103.41570478360003,2.5338373586000076]]],[[[111.24111266200003,2.5338373586000076],[112.19932587160004,2.5338373586000076],[112.19932587160004,2.6136884594000076],[111.24111266200003,2.6136884594000076],[111.24111266200003,2.5338373586000076]]],[[[112.27917697240004,2.5338373586000076],[112.51873027480003,2.5338373586000076],[112.51873027480003,2.6136884594000076],[112.27917697240004,2.6136884594000076],[112.27917697240004,2.5338373586000076]]],[[[112.99783687960004,2.5338373586000076],[113.23739018200004,2.5338373586000076],[113.23739018200004,2.6136884594000076],[112.99783687960004,2.6136884594000076],[112.99783687960004,2.5338373586000076]]],[[[113.39709238360004,2.5338373586000076],[113.55679458520004,2.5338373586000076],[113.55679458520004,2.6136884594000076],[113.39709238360004,2.6136884594000076],[113.39709238360004,2.5338373586000076]]],[[[117.62920072600004,2.5338373586000076],[117.94860512920003,2.5338373586000076],[117.94860512920003,2.6136884594000076],[117.62920072600004,2.6136884594000076],[117.62920072600004,2.5338373586000076]]],[[[96.22910571160003,2.4539862578000076],[96.30895681240004,2.4539862578000076],[96.30895681240004,2.5338373586000076],[96.22910571160003,2.5338373586000076],[96.22910571160003,2.4539862578000076]]],[[[97.58657442520004,2.4539862578000076],[98.14553213080004,2.4539862578000076],[98.14553213080004,2.5338373586000076],[97.58657442520004,2.5338373586000076],[97.58657442520004,2.4539862578000076]]],[[[98.54478763480003,2.4539862578000076],[98.62463873560003,2.4539862578000076],[98.62463873560003,2.5338373586000076],[98.54478763480003,2.5338373586000076],[98.54478763480003,2.4539862578000076]]],[[[99.58285194520003,2.4539862578000076],[100.38136295320004,2.4539862578000076],[100.38136295320004,2.5338373586000076],[99.58285194520003,2.5338373586000076],[99.58285194520003,2.4539862578000076]]],[[[101.81868276760004,2.4539862578000076],[102.05823607000004,2.4539862578000076],[102.05823607000004,2.5338373586000076],[101.81868276760004,2.5338373586000076],[101.81868276760004,2.4539862578000076]]],[[[102.69704487640004,2.4539862578000076],[102.85674707800004,2.4539862578000076],[102.85674707800004,2.5338373586000076],[102.69704487640004,2.5338373586000076],[102.69704487640004,2.4539862578000076]]],[[[103.49555588440003,2.4539862578000076],[103.89481138840003,2.4539862578000076],[103.89481138840003,2.5338373586000076],[103.49555588440003,2.5338373586000076],[103.49555588440003,2.4539862578000076]]],[[[111.24111266200003,2.4539862578000076],[112.19932587160004,2.4539862578000076],[112.19932587160004,2.5338373586000076],[111.24111266200003,2.5338373586000076],[111.24111266200003,2.4539862578000076]]],[[[117.30979632280004,2.4539862578000076],[117.46949852440004,2.4539862578000076],[117.46949852440004,2.5338373586000076],[117.30979632280004,2.5338373586000076],[117.30979632280004,2.4539862578000076]]],[[[117.70905182680004,2.4539862578000076],[118.02845623000003,2.4539862578000076],[118.02845623000003,2.5338373586000076],[117.70905182680004,2.5338373586000076],[117.70905182680004,2.4539862578000076]]],[[[96.22910571160003,2.3741351570000075],[96.38880791320004,2.3741351570000075],[96.38880791320004,2.4539862578000076],[96.22910571160003,2.4539862578000076],[96.22910571160003,2.3741351570000075]]],[[[97.58657442520004,2.3741351570000075],[98.06568103000004,2.3741351570000075],[98.06568103000004,2.4539862578000076],[97.58657442520004,2.4539862578000076],[97.58657442520004,2.3741351570000075]]],[[[98.54478763480003,2.3741351570000075],[98.62463873560003,2.3741351570000075],[98.62463873560003,2.4539862578000076],[98.54478763480003,2.4539862578000076],[98.54478763480003,2.3741351570000075]]],[[[99.66270304600003,2.3741351570000075],[100.38136295320004,2.3741351570000075],[100.38136295320004,2.4539862578000076],[99.66270304600003,2.4539862578000076],[99.66270304600003,2.3741351570000075]]],[[[101.81868276760004,2.3741351570000075],[102.05823607000004,2.3741351570000075],[102.05823607000004,2.4539862578000076],[101.81868276760004,2.4539862578000076],[101.81868276760004,2.3741351570000075]]],[[[102.69704487640004,2.3741351570000075],[102.93659817880004,2.3741351570000075],[102.93659817880004,2.4539862578000076],[102.69704487640004,2.4539862578000076],[102.69704487640004,2.3741351570000075]]],[[[103.49555588440003,2.3741351570000075],[103.89481138840003,2.3741351570000075],[103.89481138840003,2.4539862578000076],[103.49555588440003,2.4539862578000076],[103.49555588440003,2.3741351570000075]]],[[[111.16126156120004,2.3741351570000075],[112.11947477080004,2.3741351570000075],[112.11947477080004,2.4539862578000076],[111.16126156120004,2.4539862578000076],[111.16126156120004,2.3741351570000075]]],[[[117.38964742360004,2.3741351570000075],[117.46949852440004,2.3741351570000075],[117.46949852440004,2.4539862578000076],[117.38964742360004,2.4539862578000076],[117.38964742360004,2.3741351570000075]]],[[[117.78890292760003,2.3741351570000075],[118.02845623000003,2.3741351570000075],[118.02845623000003,2.4539862578000076],[117.78890292760003,2.4539862578000076],[117.78890292760003,2.3741351570000075]]],[[[128.56880153560004,2.3741351570000075],[128.72850373720004,2.3741351570000075],[128.72850373720004,2.4539862578000076],[128.56880153560004,2.4539862578000076],[128.56880153560004,2.3741351570000075]]],[[[97.66642552600004,2.2942840562000075],[98.14553213080004,2.2942840562000075],[98.14553213080004,2.3741351570000075],[97.66642552600004,2.3741351570000075],[97.66642552600004,2.2942840562000075]]],[[[98.62463873560003,2.2942840562000075],[98.78434093720003,2.2942840562000075],[98.78434093720003,2.3741351570000075],[98.62463873560003,2.3741351570000075],[98.62463873560003,2.2942840562000075]]],[[[99.82240524760003,2.2942840562000075],[100.46121405400004,2.2942840562000075],[100.46121405400004,2.3741351570000075],[99.82240524760003,2.3741351570000075],[99.82240524760003,2.2942840562000075]]],[[[100.86046955800003,2.2942840562000075],[101.10002286040003,2.2942840562000075],[101.10002286040003,2.3741351570000075],[100.86046955800003,2.3741351570000075],[100.86046955800003,2.2942840562000075]]],[[[102.69704487640004,2.2942840562000075],[103.01644927960004,2.2942840562000075],[103.01644927960004,2.3741351570000075],[102.69704487640004,2.3741351570000075],[102.69704487640004,2.2942840562000075]]],[[[103.49555588440003,2.2942840562000075],[103.97466248920003,2.2942840562000075],[103.97466248920003,2.3741351570000075],[103.49555588440003,2.3741351570000075],[103.49555588440003,2.2942840562000075]]],[[[111.16126156120004,2.2942840562000075],[112.11947477080004,2.2942840562000075],[112.11947477080004,2.3741351570000075],[111.16126156120004,2.3741351570000075],[111.16126156120004,2.2942840562000075]]],[[[117.54934962520004,2.2942840562000075],[117.70905182680004,2.2942840562000075],[117.70905182680004,2.3741351570000075],[117.54934962520004,2.3741351570000075],[117.54934962520004,2.2942840562000075]]],[[[117.94860512920003,2.2942840562000075],[118.02845623000003,2.2942840562000075],[118.02845623000003,2.3741351570000075],[117.94860512920003,2.3741351570000075],[117.94860512920003,2.2942840562000075]]],[[[128.56880153560004,2.2942840562000075],[128.64865263640004,2.2942840562000075],[128.64865263640004,2.3741351570000075],[128.56880153560004,2.3741351570000075],[128.56880153560004,2.2942840562000075]]],[[[97.74627662680004,2.2144329554000075],[98.22538323160003,2.2144329554000075],[98.22538323160003,2.2942840562000075],[97.74627662680004,2.2942840562000075],[97.74627662680004,2.2144329554000075]]],[[[98.62463873560003,2.2144329554000075],[98.94404313880004,2.2144329554000075],[98.94404313880004,2.2942840562000075],[98.62463873560003,2.2942840562000075],[98.62463873560003,2.2144329554000075]]],[[[99.90225634840003,2.2144329554000075],[100.54106515480004,2.2144329554000075],[100.54106515480004,2.2942840562000075],[99.90225634840003,2.2942840562000075],[99.90225634840003,2.2144329554000075]]],[[[100.62091625560004,2.2144329554000075],[101.10002286040003,2.2144329554000075],[101.10002286040003,2.2942840562000075],[100.62091625560004,2.2942840562000075],[100.62091625560004,2.2144329554000075]]],[[[102.45749157400003,2.2144329554000075],[102.85674707800004,2.2144329554000075],[102.85674707800004,2.2942840562000075],[102.45749157400003,2.2942840562000075],[102.45749157400003,2.2144329554000075]]],[[[103.09630038040004,2.2144329554000075],[103.25600258200004,2.2144329554000075],[103.25600258200004,2.2942840562000075],[103.09630038040004,2.2942840562000075],[103.09630038040004,2.2144329554000075]]],[[[103.73510918680003,2.2144329554000075],[103.81496028760003,2.2144329554000075],[103.81496028760003,2.2942840562000075],[103.73510918680003,2.2942840562000075],[103.73510918680003,2.2144329554000075]]],[[[103.89481138840003,2.2144329554000075],[103.97466248920003,2.2144329554000075],[103.97466248920003,2.2942840562000075],[103.89481138840003,2.2942840562000075],[103.89481138840003,2.2144329554000075]]],[[[111.16126156120004,2.2144329554000075],[112.11947477080004,2.2144329554000075],[112.11947477080004,2.2942840562000075],[111.16126156120004,2.2942840562000075],[111.16126156120004,2.2144329554000075]]],[[[117.38964742360004,2.2144329554000075],[117.94860512920003,2.2144329554000075],[117.94860512920003,2.2942840562000075],[117.38964742360004,2.2942840562000075],[117.38964742360004,2.2144329554000075]]],[[[128.16954603160002,2.2144329554000075],[128.32924823320002,2.2144329554000075],[128.32924823320002,2.2942840562000075],[128.16954603160002,2.2942840562000075],[128.16954603160002,2.2144329554000075]]],[[[98.06568103000004,2.1345818546000075],[98.30523433240003,2.1345818546000075],[98.30523433240003,2.2144329554000075],[98.06568103000004,2.2144329554000075],[98.06568103000004,2.1345818546000075]]],[[[99.90225634840003,2.1345818546000075],[101.17987396120003,2.1345818546000075],[101.17987396120003,2.2144329554000075],[99.90225634840003,2.2144329554000075],[99.90225634840003,2.1345818546000075]]],[[[102.37764047320003,2.1345818546000075],[102.85674707800004,2.1345818546000075],[102.85674707800004,2.2144329554000075],[102.37764047320003,2.2144329554000075],[102.37764047320003,2.1345818546000075]]],[[[102.93659817880004,2.1345818546000075],[103.09630038040004,2.1345818546000075],[103.09630038040004,2.2144329554000075],[102.93659817880004,2.2144329554000075],[102.93659817880004,2.1345818546000075]]],[[[103.17615148120004,2.1345818546000075],[103.33585368280004,2.1345818546000075],[103.33585368280004,2.2144329554000075],[103.17615148120004,2.2144329554000075],[103.17615148120004,2.1345818546000075]]],[[[103.57540698520003,2.1345818546000075],[103.65525808600003,2.1345818546000075],[103.65525808600003,2.2144329554000075],[103.57540698520003,2.2144329554000075],[103.57540698520003,2.1345818546000075]]],[[[111.16126156120004,2.1345818546000075],[112.27917697240004,2.1345818546000075],[112.27917697240004,2.2144329554000075],[111.16126156120004,2.2144329554000075],[111.16126156120004,2.1345818546000075]]],[[[117.38964742360004,2.1345818546000075],[118.02845623000003,2.1345818546000075],[118.02845623000003,2.2144329554000075],[117.38964742360004,2.2144329554000075],[117.38964742360004,2.1345818546000075]]],[[[128.24939713240002,2.1345818546000075],[128.32924823320002,2.1345818546000075],[128.32924823320002,2.2144329554000075],[128.24939713240002,2.2144329554000075],[128.24939713240002,2.1345818546000075]]],[[[128.48895043480005,2.1345818546000075],[128.64865263640004,2.1345818546000075],[128.64865263640004,2.2144329554000075],[128.48895043480005,2.2144329554000075],[128.48895043480005,2.1345818546000075]]],[[[98.14553213080004,2.0547307538000075],[98.46493653400003,2.0547307538000075],[98.46493653400003,2.1345818546000075],[98.14553213080004,2.1345818546000075],[98.14553213080004,2.0547307538000075]]],[[[99.74255414680003,2.0547307538000075],[101.33957616280003,2.0547307538000075],[101.33957616280003,2.1345818546000075],[99.74255414680003,2.1345818546000075],[99.74255414680003,2.0547307538000075]]],[[[101.41942726360003,2.0547307538000075],[101.73883166680004,2.0547307538000075],[101.73883166680004,2.1345818546000075],[101.41942726360003,2.1345818546000075],[101.41942726360003,2.0547307538000075]]],[[[102.37764047320003,2.0547307538000075],[103.09630038040004,2.0547307538000075],[103.09630038040004,2.1345818546000075],[102.37764047320003,2.1345818546000075],[102.37764047320003,2.0547307538000075]]],[[[103.17615148120004,2.0547307538000075],[103.33585368280004,2.0547307538000075],[103.33585368280004,2.1345818546000075],[103.17615148120004,2.1345818546000075],[103.17615148120004,2.0547307538000075]]],[[[103.57540698520003,2.0547307538000075],[103.73510918680003,2.0547307538000075],[103.73510918680003,2.1345818546000075],[103.57540698520003,2.1345818546000075],[103.57540698520003,2.0547307538000075]]],[[[103.81496028760003,2.0547307538000075],[103.97466248920003,2.0547307538000075],[103.97466248920003,2.1345818546000075],[103.81496028760003,2.1345818546000075],[103.81496028760003,2.0547307538000075]]],[[[111.24111266200003,2.0547307538000075],[112.27917697240004,2.0547307538000075],[112.27917697240004,2.1345818546000075],[111.24111266200003,2.1345818546000075],[111.24111266200003,2.0547307538000075]]],[[[112.91798577880003,2.0547307538000075],[112.99783687960004,2.0547307538000075],[112.99783687960004,2.1345818546000075],[112.91798577880003,2.1345818546000075],[112.91798577880003,2.0547307538000075]]],[[[117.38964742360004,2.0547307538000075],[118.02845623000003,2.0547307538000075],[118.02845623000003,2.1345818546000075],[117.38964742360004,2.1345818546000075],[117.38964742360004,2.0547307538000075]]],[[[128.24939713240002,2.0547307538000075],[128.48895043480005,2.0547307538000075],[128.48895043480005,2.1345818546000075],[128.24939713240002,2.1345818546000075],[128.24939713240002,2.0547307538000075]]],[[[98.22538323160003,1.9748796530000075],[98.54478763480003,1.9748796530000075],[98.54478763480003,2.0547307538000075],[98.22538323160003,2.0547307538000075],[98.22538323160003,1.9748796530000075]]],[[[99.82240524760003,1.9748796530000075],[99.90225634840003,1.9748796530000075],[99.90225634840003,2.0547307538000075],[99.82240524760003,2.0547307538000075],[99.82240524760003,1.9748796530000075]]],[[[100.06195855000003,1.9748796530000075],[101.81868276760004,1.9748796530000075],[101.81868276760004,2.0547307538000075],[100.06195855000003,2.0547307538000075],[100.06195855000003,1.9748796530000075]]],[[[102.53734267480003,1.9748796530000075],[103.33585368280004,1.9748796530000075],[103.33585368280004,2.0547307538000075],[102.53734267480003,2.0547307538000075],[102.53734267480003,1.9748796530000075]]],[[[103.73510918680003,1.9748796530000075],[104.13436469080003,1.9748796530000075],[104.13436469080003,2.0547307538000075],[103.73510918680003,2.0547307538000075],[103.73510918680003,1.9748796530000075]]],[[[109.40453734360004,1.9748796530000075],[109.64409064600004,1.9748796530000075],[109.64409064600004,2.0547307538000075],[109.40453734360004,2.0547307538000075],[109.40453734360004,1.9748796530000075]]],[[[111.16126156120004,1.9748796530000075],[111.40081486360003,1.9748796530000075],[111.40081486360003,2.0547307538000075],[111.16126156120004,2.0547307538000075],[111.16126156120004,1.9748796530000075]]],[[[112.19932587160004,1.9748796530000075],[112.27917697240004,1.9748796530000075],[112.27917697240004,2.0547307538000075],[112.19932587160004,2.0547307538000075],[112.19932587160004,1.9748796530000075]]],[[[112.67843247640003,1.9748796530000075],[112.75828357720003,1.9748796530000075],[112.75828357720003,2.0547307538000075],[112.67843247640003,2.0547307538000075],[112.67843247640003,1.9748796530000075]]],[[[112.91798577880003,1.9748796530000075],[112.99783687960004,1.9748796530000075],[112.99783687960004,2.0547307538000075],[112.91798577880003,2.0547307538000075],[112.91798577880003,1.9748796530000075]]],[[[113.23739018200004,1.9748796530000075],[113.31724128280004,1.9748796530000075],[113.31724128280004,2.0547307538000075],[113.23739018200004,2.0547307538000075],[113.23739018200004,1.9748796530000075]]],[[[117.22994522200004,1.9748796530000075],[117.46949852440004,1.9748796530000075],[117.46949852440004,2.0547307538000075],[117.22994522200004,2.0547307538000075],[117.22994522200004,1.9748796530000075]]],[[[117.54934962520004,1.9748796530000075],[117.94860512920003,1.9748796530000075],[117.94860512920003,2.0547307538000075],[117.54934962520004,2.0547307538000075],[117.54934962520004,1.9748796530000075]]],[[[98.46493653400003,1.8950285522000074],[98.70448983640003,1.8950285522000074],[98.70448983640003,1.9748796530000075],[98.46493653400003,1.9748796530000075],[98.46493653400003,1.8950285522000074]]],[[[98.94404313880004,1.8950285522000074],[99.02389423960004,1.8950285522000074],[99.02389423960004,1.9748796530000075],[98.94404313880004,1.9748796530000075],[98.94404313880004,1.8950285522000074]]],[[[100.06195855000003,1.8950285522000074],[101.81868276760004,1.8950285522000074],[101.81868276760004,1.9748796530000075],[100.06195855000003,1.9748796530000075],[100.06195855000003,1.8950285522000074]]],[[[102.69704487640004,1.8950285522000074],[103.25600258200004,1.8950285522000074],[103.25600258200004,1.9748796530000075],[102.69704487640004,1.9748796530000075],[102.69704487640004,1.8950285522000074]]],[[[103.81496028760003,1.8950285522000074],[104.13436469080003,1.8950285522000074],[104.13436469080003,1.9748796530000075],[103.81496028760003,1.9748796530000075],[103.81496028760003,1.8950285522000074]]],[[[109.32468624280003,1.8950285522000074],[109.56423954520004,1.8950285522000074],[109.56423954520004,1.9748796530000075],[109.32468624280003,1.9748796530000075],[109.32468624280003,1.8950285522000074]]],[[[111.08141046040004,1.8950285522000074],[111.32096376280003,1.8950285522000074],[111.32096376280003,1.9748796530000075],[111.08141046040004,1.9748796530000075],[111.08141046040004,1.8950285522000074]]],[[[112.67843247640003,1.8950285522000074],[112.83813467800003,1.8950285522000074],[112.83813467800003,1.9748796530000075],[112.67843247640003,1.9748796530000075],[112.67843247640003,1.8950285522000074]]],[[[113.15753908120004,1.8950285522000074],[113.23739018200004,1.8950285522000074],[113.23739018200004,1.9748796530000075],[113.15753908120004,1.9748796530000075],[113.15753908120004,1.8950285522000074]]],[[[117.22994522200004,1.8950285522000074],[117.38964742360004,1.8950285522000074],[117.38964742360004,1.9748796530000075],[117.22994522200004,1.9748796530000075],[117.22994522200004,1.8950285522000074]]],[[[117.70905182680004,1.8950285522000074],[117.94860512920003,1.8950285522000074],[117.94860512920003,1.9748796530000075],[117.70905182680004,1.9748796530000075],[117.70905182680004,1.8950285522000074]]],[[[98.54478763480003,1.8151774514000074],[98.78434093720003,1.8151774514000074],[98.78434093720003,1.8950285522000074],[98.54478763480003,1.8950285522000074],[98.54478763480003,1.8151774514000074]]],[[[98.94404313880004,1.8151774514000074],[99.02389423960004,1.8151774514000074],[99.02389423960004,1.8950285522000074],[98.94404313880004,1.8950285522000074],[98.94404313880004,1.8151774514000074]]],[[[99.58285194520003,1.8151774514000074],[99.66270304600003,1.8151774514000074],[99.66270304600003,1.8950285522000074],[99.58285194520003,1.8950285522000074],[99.58285194520003,1.8151774514000074]]],[[[100.06195855000003,1.8151774514000074],[101.81868276760004,1.8151774514000074],[101.81868276760004,1.8950285522000074],[100.06195855000003,1.8950285522000074],[100.06195855000003,1.8151774514000074]]],[[[102.77689597720004,1.8151774514000074],[103.33585368280004,1.8151774514000074],[103.33585368280004,1.8950285522000074],[102.77689597720004,1.8950285522000074],[102.77689597720004,1.8151774514000074]]],[[[103.81496028760003,1.8151774514000074],[104.21421579160004,1.8151774514000074],[104.21421579160004,1.8950285522000074],[103.81496028760003,1.8950285522000074],[103.81496028760003,1.8151774514000074]]],[[[109.24483514200003,1.8151774514000074],[109.80379284760004,1.8151774514000074],[109.80379284760004,1.8950285522000074],[109.24483514200003,1.8950285522000074],[109.24483514200003,1.8151774514000074]]],[[[111.08141046040004,1.8151774514000074],[111.32096376280003,1.8151774514000074],[111.32096376280003,1.8950285522000074],[111.08141046040004,1.8950285522000074],[111.08141046040004,1.8151774514000074]]],[[[117.78890292760003,1.8151774514000074],[117.94860512920003,1.8151774514000074],[117.94860512920003,1.8950285522000074],[117.78890292760003,1.8950285522000074],[117.78890292760003,1.8151774514000074]]],[[[127.69043942680003,1.8151774514000074],[127.85014162840004,1.8151774514000074],[127.85014162840004,1.8950285522000074],[127.69043942680003,1.8950285522000074],[127.69043942680003,1.8151774514000074]]],[[[98.62463873560003,1.7353263506000074],[98.86419203800003,1.7353263506000074],[98.86419203800003,1.8151774514000074],[98.62463873560003,1.8151774514000074],[98.62463873560003,1.7353263506000074]]],[[[99.66270304600003,1.7353263506000074],[99.74255414680003,1.7353263506000074],[99.74255414680003,1.8151774514000074],[99.66270304600003,1.8151774514000074],[99.66270304600003,1.7353263506000074]]],[[[99.82240524760003,1.7353263506000074],[99.90225634840003,1.7353263506000074],[99.90225634840003,1.8151774514000074],[99.82240524760003,1.8151774514000074],[99.82240524760003,1.7353263506000074]]],[[[99.98210744920003,1.7353263506000074],[100.14180965080004,1.7353263506000074],[100.14180965080004,1.8151774514000074],[99.98210744920003,1.8151774514000074],[99.98210744920003,1.7353263506000074]]],[[[100.46121405400004,1.7353263506000074],[101.81868276760004,1.7353263506000074],[101.81868276760004,1.8151774514000074],[100.46121405400004,1.8151774514000074],[100.46121405400004,1.7353263506000074]]],[[[102.85674707800004,1.7353263506000074],[103.41570478360003,1.7353263506000074],[103.41570478360003,1.8151774514000074],[102.85674707800004,1.8151774514000074],[102.85674707800004,1.7353263506000074]]],[[[103.89481138840003,1.7353263506000074],[103.97466248920003,1.7353263506000074],[103.97466248920003,1.8151774514000074],[103.89481138840003,1.8151774514000074],[103.89481138840003,1.7353263506000074]]],[[[104.05451359000003,1.7353263506000074],[104.21421579160004,1.7353263506000074],[104.21421579160004,1.8151774514000074],[104.05451359000003,1.8151774514000074],[104.05451359000003,1.7353263506000074]]],[[[109.24483514200003,1.7353263506000074],[109.88364394840004,1.7353263506000074],[109.88364394840004,1.8151774514000074],[109.24483514200003,1.8151774514000074],[109.24483514200003,1.7353263506000074]]],[[[111.08141046040004,1.7353263506000074],[111.40081486360003,1.7353263506000074],[111.40081486360003,1.8151774514000074],[111.08141046040004,1.8151774514000074],[111.08141046040004,1.7353263506000074]]],[[[117.86875402840003,1.7353263506000074],[118.10830733080003,1.7353263506000074],[118.10830733080003,1.8151774514000074],[117.86875402840003,1.8151774514000074],[117.86875402840003,1.7353263506000074]]],[[[124.73594869720003,1.7353263506000074],[124.81579979800003,1.7353263506000074],[124.81579979800003,1.8151774514000074],[124.73594869720003,1.8151774514000074],[124.73594869720003,1.7353263506000074]]],[[[124.97550199960003,1.7353263506000074],[125.05535310040004,1.7353263506000074],[125.05535310040004,1.8151774514000074],[124.97550199960003,1.8151774514000074],[124.97550199960003,1.7353263506000074]]],[[[127.69043942680003,1.7353263506000074],[127.77029052760004,1.7353263506000074],[127.77029052760004,1.8151774514000074],[127.69043942680003,1.8151774514000074],[127.69043942680003,1.7353263506000074]]],[[[98.70448983640003,1.6554752498000074],[98.94404313880004,1.6554752498000074],[98.94404313880004,1.7353263506000074],[98.70448983640003,1.7353263506000074],[98.70448983640003,1.6554752498000074]]],[[[99.90225634840003,1.6554752498000074],[100.14180965080004,1.6554752498000074],[100.14180965080004,1.7353263506000074],[99.90225634840003,1.7353263506000074],[99.90225634840003,1.6554752498000074]]],[[[100.62091625560004,1.6554752498000074],[101.81868276760004,1.6554752498000074],[101.81868276760004,1.7353263506000074],[100.62091625560004,1.7353263506000074],[100.62091625560004,1.6554752498000074]]],[[[103.09630038040004,1.6554752498000074],[103.57540698520003,1.6554752498000074],[103.57540698520003,1.7353263506000074],[103.09630038040004,1.7353263506000074],[103.09630038040004,1.6554752498000074]]],[[[104.05451359000003,1.6554752498000074],[104.29406689240004,1.6554752498000074],[104.29406689240004,1.7353263506000074],[104.05451359000003,1.7353263506000074],[104.05451359000003,1.6554752498000074]]],[[[109.24483514200003,1.6554752498000074],[109.64409064600004,1.6554752498000074],[109.64409064600004,1.7353263506000074],[109.24483514200003,1.7353263506000074],[109.24483514200003,1.6554752498000074]]],[[[109.80379284760004,1.6554752498000074],[110.12319725080003,1.6554752498000074],[110.12319725080003,1.7353263506000074],[109.80379284760004,1.7353263506000074],[109.80379284760004,1.6554752498000074]]],[[[110.20304835160003,1.6554752498000074],[110.28289945240003,1.6554752498000074],[110.28289945240003,1.7353263506000074],[110.20304835160003,1.7353263506000074],[110.20304835160003,1.6554752498000074]]],[[[110.44260165400004,1.6554752498000074],[110.52245275480004,1.6554752498000074],[110.52245275480004,1.7353263506000074],[110.44260165400004,1.7353263506000074],[110.44260165400004,1.6554752498000074]]],[[[111.00155935960004,1.6554752498000074],[111.40081486360003,1.6554752498000074],[111.40081486360003,1.7353263506000074],[111.00155935960004,1.7353263506000074],[111.00155935960004,1.6554752498000074]]],[[[117.94860512920003,1.6554752498000074],[118.10830733080003,1.6554752498000074],[118.10830733080003,1.7353263506000074],[117.94860512920003,1.7353263506000074],[117.94860512920003,1.6554752498000074]]],[[[124.73594869720003,1.6554752498000074],[124.81579979800003,1.6554752498000074],[124.81579979800003,1.7353263506000074],[124.73594869720003,1.7353263506000074],[124.73594869720003,1.6554752498000074]]],[[[124.89565089880003,1.6554752498000074],[125.13520420120004,1.6554752498000074],[125.13520420120004,1.7353263506000074],[124.89565089880003,1.7353263506000074],[124.89565089880003,1.6554752498000074]]],[[[98.78434093720003,1.5756241490000074],[98.94404313880004,1.5756241490000074],[98.94404313880004,1.6554752498000074],[98.78434093720003,1.6554752498000074],[98.78434093720003,1.5756241490000074]]],[[[99.74255414680003,1.5756241490000074],[99.90225634840003,1.5756241490000074],[99.90225634840003,1.6554752498000074],[99.74255414680003,1.6554752498000074],[99.74255414680003,1.5756241490000074]]],[[[99.98210744920003,1.5756241490000074],[100.14180965080004,1.5756241490000074],[100.14180965080004,1.6554752498000074],[99.98210744920003,1.6554752498000074],[99.98210744920003,1.5756241490000074]]],[[[100.38136295320004,1.5756241490000074],[101.89853386840004,1.5756241490000074],[101.89853386840004,1.6554752498000074],[100.38136295320004,1.6554752498000074],[100.38136295320004,1.5756241490000074]]],[[[101.97838496920004,1.5756241490000074],[102.21793827160003,1.5756241490000074],[102.21793827160003,1.6554752498000074],[101.97838496920004,1.6554752498000074],[101.97838496920004,1.5756241490000074]]],[[[103.33585368280004,1.5756241490000074],[103.49555588440003,1.5756241490000074],[103.49555588440003,1.6554752498000074],[103.33585368280004,1.6554752498000074],[103.33585368280004,1.5756241490000074]]],[[[104.21421579160004,1.5756241490000074],[104.29406689240004,1.5756241490000074],[104.29406689240004,1.6554752498000074],[104.21421579160004,1.6554752498000074],[104.21421579160004,1.5756241490000074]]],[[[109.08513294040003,1.5756241490000074],[109.64409064600004,1.5756241490000074],[109.64409064600004,1.6554752498000074],[109.08513294040003,1.6554752498000074],[109.08513294040003,1.5756241490000074]]],[[[109.72394174680004,1.5756241490000074],[109.96349504920003,1.5756241490000074],[109.96349504920003,1.6554752498000074],[109.72394174680004,1.6554752498000074],[109.72394174680004,1.5756241490000074]]],[[[110.20304835160003,1.5756241490000074],[110.36275055320003,1.5756241490000074],[110.36275055320003,1.6554752498000074],[110.20304835160003,1.6554752498000074],[110.20304835160003,1.5756241490000074]]],[[[111.00155935960004,1.5756241490000074],[111.40081486360003,1.5756241490000074],[111.40081486360003,1.6554752498000074],[111.00155935960004,1.6554752498000074],[111.00155935960004,1.5756241490000074]]],[[[118.10830733080003,1.5756241490000074],[118.18815843160004,1.5756241490000074],[118.18815843160004,1.6554752498000074],[118.10830733080003,1.6554752498000074],[118.10830733080003,1.5756241490000074]]],[[[124.73594869720003,1.5756241490000074],[124.97550199960003,1.5756241490000074],[124.97550199960003,1.6554752498000074],[124.73594869720003,1.6554752498000074],[124.73594869720003,1.5756241490000074]]],[[[128.00984383000002,1.5756241490000074],[128.08969493080002,1.5756241490000074],[128.08969493080002,1.6554752498000074],[128.00984383000002,1.6554752498000074],[128.00984383000002,1.5756241490000074]]],[[[97.26717002200003,1.4957730482000073],[97.42687222360003,1.4957730482000073],[97.42687222360003,1.5756241490000074],[97.26717002200003,1.5756241490000074],[97.26717002200003,1.4957730482000073]]],[[[98.70448983640003,1.4957730482000073],[99.02389423960004,1.4957730482000073],[99.02389423960004,1.5756241490000074],[98.70448983640003,1.5756241490000074],[98.70448983640003,1.4957730482000073]]],[[[99.58285194520003,1.4957730482000073],[99.66270304600003,1.4957730482000073],[99.66270304600003,1.5756241490000074],[99.58285194520003,1.5756241490000074],[99.58285194520003,1.4957730482000073]]],[[[99.82240524760003,1.4957730482000073],[100.06195855000003,1.4957730482000073],[100.06195855000003,1.5756241490000074],[99.82240524760003,1.5756241490000074],[99.82240524760003,1.4957730482000073]]],[[[100.38136295320004,1.4957730482000073],[102.53734267480003,1.4957730482000073],[102.53734267480003,1.5756241490000074],[100.38136295320004,1.5756241490000074],[100.38136295320004,1.4957730482000073]]],[[[103.33585368280004,1.4957730482000073],[103.57540698520003,1.4957730482000073],[103.57540698520003,1.5756241490000074],[103.33585368280004,1.5756241490000074],[103.33585368280004,1.4957730482000073]]],[[[104.21421579160004,1.4957730482000073],[104.29406689240004,1.4957730482000073],[104.29406689240004,1.5756241490000074],[104.21421579160004,1.5756241490000074],[104.21421579160004,1.4957730482000073]]],[[[109.00528183960003,1.4957730482000073],[109.64409064600004,1.4957730482000073],[109.64409064600004,1.5756241490000074],[109.00528183960003,1.5756241490000074],[109.00528183960003,1.4957730482000073]]],[[[109.72394174680004,1.4957730482000073],[109.88364394840004,1.4957730482000073],[109.88364394840004,1.5756241490000074],[109.72394174680004,1.5756241490000074],[109.72394174680004,1.4957730482000073]]],[[[110.20304835160003,1.4957730482000073],[110.36275055320003,1.4957730482000073],[110.36275055320003,1.5756241490000074],[110.20304835160003,1.5756241490000074],[110.20304835160003,1.4957730482000073]]],[[[110.44260165400004,1.4957730482000073],[111.48066596440003,1.4957730482000073],[111.48066596440003,1.5756241490000074],[110.44260165400004,1.5756241490000074],[110.44260165400004,1.4957730482000073]]],[[[118.18815843160004,1.4957730482000073],[118.42771173400004,1.4957730482000073],[118.42771173400004,1.5756241490000074],[118.18815843160004,1.5756241490000074],[118.18815843160004,1.4957730482000073]]],[[[128.56880153560004,1.4957730482000073],[128.72850373720004,1.4957730482000073],[128.72850373720004,1.5756241490000074],[128.56880153560004,1.5756241490000074],[128.56880153560004,1.4957730482000073]]],[[[97.02761671960003,1.4159219474000073],[97.18731892120003,1.4159219474000073],[97.18731892120003,1.4957730482000073],[97.02761671960003,1.4957730482000073],[97.02761671960003,1.4159219474000073]]],[[[97.26717002200003,1.4159219474000073],[97.50672332440003,1.4159219474000073],[97.50672332440003,1.4957730482000073],[97.26717002200003,1.4957730482000073],[97.26717002200003,1.4159219474000073]]],[[[98.70448983640003,1.4159219474000073],[99.10374534040004,1.4159219474000073],[99.10374534040004,1.4957730482000073],[98.70448983640003,1.4957730482000073],[98.70448983640003,1.4159219474000073]]],[[[99.58285194520003,1.4159219474000073],[99.66270304600003,1.4159219474000073],[99.66270304600003,1.4957730482000073],[99.58285194520003,1.4957730482000073],[99.58285194520003,1.4159219474000073]]],[[[99.74255414680003,1.4159219474000073],[99.90225634840003,1.4159219474000073],[99.90225634840003,1.4957730482000073],[99.74255414680003,1.4957730482000073],[99.74255414680003,1.4159219474000073]]],[[[100.06195855000003,1.4159219474000073],[102.53734267480003,1.4159219474000073],[102.53734267480003,1.4957730482000073],[100.06195855000003,1.4957730482000073],[100.06195855000003,1.4159219474000073]]],[[[103.33585368280004,1.4159219474000073],[103.57540698520003,1.4159219474000073],[103.57540698520003,1.4957730482000073],[103.33585368280004,1.4957730482000073],[103.33585368280004,1.4159219474000073]]],[[[104.05451359000003,1.4159219474000073],[104.29406689240004,1.4159219474000073],[104.29406689240004,1.4957730482000073],[104.05451359000003,1.4957730482000073],[104.05451359000003,1.4159219474000073]]],[[[109.00528183960003,1.4159219474000073],[109.88364394840004,1.4159219474000073],[109.88364394840004,1.4957730482000073],[109.00528183960003,1.4957730482000073],[109.00528183960003,1.4159219474000073]]],[[[110.44260165400004,1.4159219474000073],[111.56051706520003,1.4159219474000073],[111.56051706520003,1.4957730482000073],[110.44260165400004,1.4957730482000073],[110.44260165400004,1.4159219474000073]]],[[[115.31351880280003,1.4159219474000073],[115.47322100440003,1.4159219474000073],[115.47322100440003,1.4957730482000073],[115.31351880280003,1.4957730482000073],[115.31351880280003,1.4159219474000073]]],[[[118.34786063320004,1.4159219474000073],[118.50756283480004,1.4159219474000073],[118.50756283480004,1.4957730482000073],[118.34786063320004,1.4957730482000073],[118.34786063320004,1.4159219474000073]]],[[[124.57624649560003,1.4159219474000073],[124.65609759640003,1.4159219474000073],[124.65609759640003,1.4957730482000073],[124.57624649560003,1.4957730482000073],[124.57624649560003,1.4159219474000073]]],[[[127.45088612440003,1.4159219474000073],[127.53073722520003,1.4159219474000073],[127.53073722520003,1.4957730482000073],[127.45088612440003,1.4957730482000073],[127.45088612440003,1.4159219474000073]]],[[[128.56880153560004,1.4159219474000073],[128.72850373720004,1.4159219474000073],[128.72850373720004,1.4957730482000073],[128.56880153560004,1.4957730482000073],[128.56880153560004,1.4159219474000073]]],[[[97.02761671960003,1.3360708466000073],[97.58657442520004,1.3360708466000073],[97.58657442520004,1.4159219474000073],[97.02761671960003,1.4159219474000073],[97.02761671960003,1.3360708466000073]]],[[[98.78434093720003,1.3360708466000073],[99.10374534040004,1.3360708466000073],[99.10374534040004,1.4159219474000073],[98.78434093720003,1.4159219474000073],[98.78434093720003,1.3360708466000073]]],[[[99.58285194520003,1.3360708466000073],[99.82240524760003,1.3360708466000073],[99.82240524760003,1.4159219474000073],[99.58285194520003,1.4159219474000073],[99.58285194520003,1.3360708466000073]]],[[[99.90225634840003,1.3360708466000073],[99.98210744920003,1.3360708466000073],[99.98210744920003,1.4159219474000073],[99.90225634840003,1.4159219474000073],[99.90225634840003,1.3360708466000073]]],[[[100.30151185240004,1.3360708466000073],[102.53734267480003,1.3360708466000073],[102.53734267480003,1.4159219474000073],[100.30151185240004,1.4159219474000073],[100.30151185240004,1.3360708466000073]]],[[[103.41570478360003,1.3360708466000073],[103.57540698520003,1.3360708466000073],[103.57540698520003,1.4159219474000073],[103.41570478360003,1.4159219474000073],[103.41570478360003,1.3360708466000073]]],[[[104.05451359000003,1.3360708466000073],[104.29406689240004,1.3360708466000073],[104.29406689240004,1.4159219474000073],[104.05451359000003,1.4159219474000073],[104.05451359000003,1.3360708466000073]]],[[[109.00528183960003,1.3360708466000073],[109.88364394840004,1.3360708466000073],[109.88364394840004,1.4159219474000073],[109.00528183960003,1.4159219474000073],[109.00528183960003,1.3360708466000073]]],[[[110.36275055320003,1.3360708466000073],[111.64036816600003,1.3360708466000073],[111.64036816600003,1.4159219474000073],[110.36275055320003,1.4159219474000073],[110.36275055320003,1.3360708466000073]]],[[[115.39336990360003,1.3360708466000073],[115.47322100440003,1.3360708466000073],[115.47322100440003,1.4159219474000073],[115.39336990360003,1.4159219474000073],[115.39336990360003,1.3360708466000073]]],[[[118.34786063320004,1.3360708466000073],[118.58741393560004,1.3360708466000073],[118.58741393560004,1.4159219474000073],[118.34786063320004,1.4159219474000073],[118.34786063320004,1.3360708466000073]]],[[[124.49639539480003,1.3360708466000073],[124.57624649560003,1.3360708466000073],[124.57624649560003,1.4159219474000073],[124.49639539480003,1.4159219474000073],[124.49639539480003,1.3360708466000073]]],[[[125.05535310040004,1.3360708466000073],[125.13520420120004,1.3360708466000073],[125.13520420120004,1.4159219474000073],[125.05535310040004,1.4159219474000073],[125.05535310040004,1.3360708466000073]]],[[[128.64865263640004,1.3360708466000073],[128.80835483800004,1.3360708466000073],[128.80835483800004,1.4159219474000073],[128.64865263640004,1.4159219474000073],[128.64865263640004,1.3360708466000073]]],[[[97.10746782040003,1.2562197458000073],[97.50672332440003,1.2562197458000073],[97.50672332440003,1.3360708466000073],[97.10746782040003,1.3360708466000073],[97.10746782040003,1.2562197458000073]]],[[[97.58657442520004,1.2562197458000073],[97.66642552600004,1.2562197458000073],[97.66642552600004,1.3360708466000073],[97.58657442520004,1.3360708466000073],[97.58657442520004,1.2562197458000073]]],[[[98.78434093720003,1.2562197458000073],[99.26344754200004,1.2562197458000073],[99.26344754200004,1.3360708466000073],[98.78434093720003,1.3360708466000073],[98.78434093720003,1.2562197458000073]]],[[[99.58285194520003,1.2562197458000073],[99.82240524760003,1.2562197458000073],[99.82240524760003,1.3360708466000073],[99.58285194520003,1.3360708466000073],[99.58285194520003,1.2562197458000073]]],[[[99.90225634840003,1.2562197458000073],[100.46121405400004,1.2562197458000073],[100.46121405400004,1.3360708466000073],[99.90225634840003,1.3360708466000073],[99.90225634840003,1.2562197458000073]]],[[[100.54106515480004,1.2562197458000073],[102.53734267480003,1.2562197458000073],[102.53734267480003,1.3360708466000073],[100.54106515480004,1.3360708466000073],[100.54106515480004,1.2562197458000073]]],[[[103.41570478360003,1.2562197458000073],[103.57540698520003,1.2562197458000073],[103.57540698520003,1.3360708466000073],[103.41570478360003,1.3360708466000073],[103.41570478360003,1.2562197458000073]]],[[[108.92543073880003,1.2562197458000073],[109.88364394840004,1.2562197458000073],[109.88364394840004,1.3360708466000073],[108.92543073880003,1.3360708466000073],[108.92543073880003,1.2562197458000073]]],[[[110.44260165400004,1.2562197458000073],[111.72021926680003,1.2562197458000073],[111.72021926680003,1.3360708466000073],[110.44260165400004,1.3360708466000073],[110.44260165400004,1.2562197458000073]]],[[[115.55307210520003,1.2562197458000073],[115.71277430680004,1.2562197458000073],[115.71277430680004,1.3360708466000073],[115.55307210520003,1.3360708466000073],[115.55307210520003,1.2562197458000073]]],[[[121.06279806040004,1.2562197458000073],[121.22250026200004,1.2562197458000073],[121.22250026200004,1.3360708466000073],[121.06279806040004,1.3360708466000073],[121.06279806040004,1.2562197458000073]]],[[[124.49639539480003,1.2562197458000073],[124.57624649560003,1.2562197458000073],[124.57624649560003,1.3360708466000073],[124.49639539480003,1.3360708466000073],[124.49639539480003,1.2562197458000073]]],[[[124.81579979800003,1.2562197458000073],[124.97550199960003,1.2562197458000073],[124.97550199960003,1.3360708466000073],[124.81579979800003,1.3360708466000073],[124.81579979800003,1.2562197458000073]]],[[[127.92999272920004,1.2562197458000073],[128.00984383000002,1.2562197458000073],[128.00984383000002,1.3360708466000073],[127.92999272920004,1.3360708466000073],[127.92999272920004,1.2562197458000073]]],[[[128.64865263640004,1.2562197458000073],[128.80835483800004,1.2562197458000073],[128.80835483800004,1.3360708466000073],[128.64865263640004,1.3360708466000073],[128.64865263640004,1.2562197458000073]]],[[[97.18731892120003,1.1763686450000073],[97.34702112280003,1.1763686450000073],[97.34702112280003,1.2562197458000073],[97.18731892120003,1.2562197458000073],[97.18731892120003,1.1763686450000073]]],[[[97.42687222360003,1.1763686450000073],[97.50672332440003,1.1763686450000073],[97.50672332440003,1.2562197458000073],[97.42687222360003,1.2562197458000073],[97.42687222360003,1.1763686450000073]]],[[[97.58657442520004,1.1763686450000073],[97.66642552600004,1.1763686450000073],[97.66642552600004,1.2562197458000073],[97.58657442520004,1.2562197458000073],[97.58657442520004,1.1763686450000073]]],[[[98.86419203800003,1.1763686450000073],[99.18359644120004,1.1763686450000073],[99.18359644120004,1.2562197458000073],[98.86419203800003,1.2562197458000073],[98.86419203800003,1.1763686450000073]]],[[[99.34329864280004,1.1763686450000073],[99.42314974360004,1.1763686450000073],[99.42314974360004,1.2562197458000073],[99.34329864280004,1.2562197458000073],[99.34329864280004,1.1763686450000073]]],[[[99.74255414680003,1.1763686450000073],[100.06195855000003,1.1763686450000073],[100.06195855000003,1.2562197458000073],[99.74255414680003,1.2562197458000073],[99.74255414680003,1.1763686450000073]]],[[[100.22166075160004,1.1763686450000073],[100.38136295320004,1.1763686450000073],[100.38136295320004,1.2562197458000073],[100.22166075160004,1.2562197458000073],[100.22166075160004,1.1763686450000073]]],[[[100.54106515480004,1.1763686450000073],[102.53734267480003,1.1763686450000073],[102.53734267480003,1.2562197458000073],[100.54106515480004,1.2562197458000073],[100.54106515480004,1.1763686450000073]]],[[[104.05451359000003,1.1763686450000073],[104.13436469080003,1.1763686450000073],[104.13436469080003,1.2562197458000073],[104.05451359000003,1.2562197458000073],[104.05451359000003,1.1763686450000073]]],[[[104.53362019480004,1.1763686450000073],[104.61347129560004,1.1763686450000073],[104.61347129560004,1.2562197458000073],[104.53362019480004,1.2562197458000073],[104.53362019480004,1.1763686450000073]]],[[[108.92543073880003,1.1763686450000073],[109.24483514200003,1.1763686450000073],[109.24483514200003,1.2562197458000073],[108.92543073880003,1.2562197458000073],[108.92543073880003,1.1763686450000073]]],[[[109.64409064600004,1.1763686450000073],[109.72394174680004,1.1763686450000073],[109.72394174680004,1.2562197458000073],[109.64409064600004,1.2562197458000073],[109.64409064600004,1.1763686450000073]]],[[[110.52245275480004,1.1763686450000073],[111.72021926680003,1.1763686450000073],[111.72021926680003,1.2562197458000073],[110.52245275480004,1.2562197458000073],[110.52245275480004,1.1763686450000073]]],[[[112.35902807320004,1.1763686450000073],[112.43887917400004,1.1763686450000073],[112.43887917400004,1.2562197458000073],[112.35902807320004,1.2562197458000073],[112.35902807320004,1.1763686450000073]]],[[[115.39336990360003,1.1763686450000073],[115.71277430680004,1.1763686450000073],[115.71277430680004,1.2562197458000073],[115.39336990360003,1.2562197458000073],[115.39336990360003,1.1763686450000073]]],[[[117.86875402840003,1.1763686450000073],[117.94860512920003,1.1763686450000073],[117.94860512920003,1.2562197458000073],[117.86875402840003,1.2562197458000073],[117.86875402840003,1.1763686450000073]]],[[[121.06279806040004,1.1763686450000073],[121.14264916120004,1.1763686450000073],[121.14264916120004,1.2562197458000073],[121.06279806040004,1.2562197458000073],[121.06279806040004,1.1763686450000073]]],[[[124.73594869720003,1.1763686450000073],[124.89565089880003,1.1763686450000073],[124.89565089880003,1.2562197458000073],[124.73594869720003,1.2562197458000073],[124.73594869720003,1.1763686450000073]]],[[[127.77029052760004,1.1763686450000073],[128.00984383000002,1.1763686450000073],[128.00984383000002,1.2562197458000073],[127.77029052760004,1.2562197458000073],[127.77029052760004,1.1763686450000073]]],[[[128.16954603160002,1.1763686450000073],[128.24939713240002,1.1763686450000073],[128.24939713240002,1.2562197458000073],[128.16954603160002,1.2562197458000073],[128.16954603160002,1.1763686450000073]]],[[[97.26717002200003,1.0965175442000072],[97.66642552600004,1.0965175442000072],[97.66642552600004,1.1763686450000073],[97.26717002200003,1.1763686450000073],[97.26717002200003,1.0965175442000072]]],[[[98.86419203800003,1.0965175442000072],[99.26344754200004,1.0965175442000072],[99.26344754200004,1.1763686450000073],[98.86419203800003,1.1763686450000073],[98.86419203800003,1.0965175442000072]]],[[[99.42314974360004,1.0965175442000072],[99.50300084440003,1.0965175442000072],[99.50300084440003,1.1763686450000073],[99.42314974360004,1.1763686450000073],[99.42314974360004,1.0965175442000072]]],[[[99.98210744920003,1.0965175442000072],[100.30151185240004,1.0965175442000072],[100.30151185240004,1.1763686450000073],[99.98210744920003,1.1763686450000073],[99.98210744920003,1.0965175442000072]]],[[[100.54106515480004,1.0965175442000072],[102.93659817880004,1.0965175442000072],[102.93659817880004,1.1763686450000073],[100.54106515480004,1.1763686450000073],[100.54106515480004,1.0965175442000072]]],[[[103.25600258200004,1.0965175442000072],[103.41570478360003,1.0965175442000072],[103.41570478360003,1.1763686450000073],[103.25600258200004,1.1763686450000073],[103.25600258200004,1.0965175442000072]]],[[[103.89481138840003,1.0965175442000072],[104.13436469080003,1.0965175442000072],[104.13436469080003,1.1763686450000073],[103.89481138840003,1.1763686450000073],[103.89481138840003,1.0965175442000072]]],[[[104.53362019480004,1.0965175442000072],[104.61347129560004,1.0965175442000072],[104.61347129560004,1.1763686450000073],[104.53362019480004,1.1763686450000073],[104.53362019480004,1.0965175442000072]]],[[[108.84557963800003,1.0965175442000072],[109.24483514200003,1.0965175442000072],[109.24483514200003,1.1763686450000073],[108.84557963800003,1.1763686450000073],[108.84557963800003,1.0965175442000072]]],[[[110.52245275480004,1.0965175442000072],[110.92170825880004,1.0965175442000072],[110.92170825880004,1.1763686450000073],[110.52245275480004,1.1763686450000073],[110.52245275480004,1.0965175442000072]]],[[[111.00155935960004,1.0965175442000072],[111.48066596440003,1.0965175442000072],[111.48066596440003,1.1763686450000073],[111.00155935960004,1.1763686450000073],[111.00155935960004,1.0965175442000072]]],[[[111.56051706520003,1.0965175442000072],[111.64036816600003,1.0965175442000072],[111.64036816600003,1.1763686450000073],[111.56051706520003,1.1763686450000073],[111.56051706520003,1.0965175442000072]]],[[[112.11947477080004,1.0965175442000072],[112.75828357720003,1.0965175442000072],[112.75828357720003,1.1763686450000073],[112.11947477080004,1.1763686450000073],[112.11947477080004,1.0965175442000072]]],[[[115.39336990360003,1.0965175442000072],[115.55307210520003,1.0965175442000072],[115.55307210520003,1.1763686450000073],[115.39336990360003,1.1763686450000073],[115.39336990360003,1.0965175442000072]]],[[[117.86875402840003,1.0965175442000072],[118.02845623000003,1.0965175442000072],[118.02845623000003,1.1763686450000073],[117.86875402840003,1.1763686450000073],[117.86875402840003,1.0965175442000072]]],[[[118.66726503640004,1.0965175442000072],[118.74711613720004,1.0965175442000072],[118.74711613720004,1.1763686450000073],[118.66726503640004,1.1763686450000073],[118.66726503640004,1.0965175442000072]]],[[[120.74339365720003,1.0965175442000072],[120.90309585880004,1.0965175442000072],[120.90309585880004,1.1763686450000073],[120.74339365720003,1.1763686450000073],[120.74339365720003,1.0965175442000072]]],[[[121.30235136280004,1.0965175442000072],[121.54190466520004,1.0965175442000072],[121.54190466520004,1.1763686450000073],[121.30235136280004,1.1763686450000073],[121.30235136280004,1.0965175442000072]]],[[[124.81579979800003,1.0965175442000072],[124.89565089880003,1.0965175442000072],[124.89565089880003,1.1763686450000073],[124.81579979800003,1.1763686450000073],[124.81579979800003,1.0965175442000072]]],[[[127.37103502360003,1.0965175442000072],[127.45088612440003,1.0965175442000072],[127.45088612440003,1.1763686450000073],[127.37103502360003,1.1763686450000073],[127.37103502360003,1.0965175442000072]]],[[[127.77029052760004,1.0965175442000072],[127.92999272920004,1.0965175442000072],[127.92999272920004,1.1763686450000073],[127.77029052760004,1.1763686450000073],[127.77029052760004,1.0965175442000072]]],[[[128.00984383000002,1.0965175442000072],[128.32924823320002,1.0965175442000072],[128.32924823320002,1.1763686450000073],[128.00984383000002,1.1763686450000073],[128.00984383000002,1.0965175442000072]]],[[[128.48895043480005,1.0965175442000072],[128.64865263640004,1.0965175442000072],[128.64865263640004,1.1763686450000073],[128.48895043480005,1.1763686450000073],[128.48895043480005,1.0965175442000072]]],[[[97.34702112280003,1.0166664434000072],[97.58657442520004,1.0166664434000072],[97.58657442520004,1.0965175442000072],[97.34702112280003,1.0965175442000072],[97.34702112280003,1.0166664434000072]]],[[[97.74627662680004,1.0166664434000072],[97.98582992920004,1.0166664434000072],[97.98582992920004,1.0965175442000072],[97.74627662680004,1.0965175442000072],[97.74627662680004,1.0166664434000072]]],[[[98.86419203800003,1.0166664434000072],[99.02389423960004,1.0166664434000072],[99.02389423960004,1.0965175442000072],[98.86419203800003,1.0965175442000072],[98.86419203800003,1.0166664434000072]]],[[[99.10374534040004,1.0166664434000072],[99.26344754200004,1.0166664434000072],[99.26344754200004,1.0965175442000072],[99.10374534040004,1.0965175442000072],[99.10374534040004,1.0166664434000072]]],[[[99.42314974360004,1.0166664434000072],[99.50300084440003,1.0166664434000072],[99.50300084440003,1.0965175442000072],[99.42314974360004,1.0965175442000072],[99.42314974360004,1.0166664434000072]]],[[[99.58285194520003,1.0166664434000072],[99.74255414680003,1.0166664434000072],[99.74255414680003,1.0965175442000072],[99.58285194520003,1.0965175442000072],[99.58285194520003,1.0166664434000072]]],[[[99.82240524760003,1.0166664434000072],[100.14180965080004,1.0166664434000072],[100.14180965080004,1.0965175442000072],[99.82240524760003,1.0965175442000072],[99.82240524760003,1.0166664434000072]]],[[[100.22166075160004,1.0166664434000072],[103.09630038040004,1.0166664434000072],[103.09630038040004,1.0965175442000072],[100.22166075160004,1.0965175442000072],[100.22166075160004,1.0166664434000072]]],[[[103.25600258200004,1.0166664434000072],[103.41570478360003,1.0166664434000072],[103.41570478360003,1.0965175442000072],[103.25600258200004,1.0965175442000072],[103.25600258200004,1.0166664434000072]]],[[[103.97466248920003,1.0166664434000072],[104.61347129560004,1.0166664434000072],[104.61347129560004,1.0965175442000072],[103.97466248920003,1.0965175442000072],[103.97466248920003,1.0166664434000072]]],[[[108.92543073880003,1.0166664434000072],[109.32468624280003,1.0166664434000072],[109.32468624280003,1.0965175442000072],[108.92543073880003,1.0965175442000072],[108.92543073880003,1.0166664434000072]]],[[[110.52245275480004,1.0166664434000072],[110.92170825880004,1.0166664434000072],[110.92170825880004,1.0965175442000072],[110.52245275480004,1.0965175442000072],[110.52245275480004,1.0166664434000072]]],[[[111.24111266200003,1.0166664434000072],[111.40081486360003,1.0166664434000072],[111.40081486360003,1.0965175442000072],[111.24111266200003,1.0965175442000072],[111.24111266200003,1.0166664434000072]]],[[[111.48066596440003,1.0166664434000072],[111.64036816600003,1.0166664434000072],[111.64036816600003,1.0965175442000072],[111.48066596440003,1.0965175442000072],[111.48066596440003,1.0166664434000072]]],[[[111.95977256920003,1.0166664434000072],[112.99783687960004,1.0166664434000072],[112.99783687960004,1.0965175442000072],[111.95977256920003,1.0965175442000072],[111.95977256920003,1.0166664434000072]]],[[[117.78890292760003,1.0166664434000072],[118.02845623000003,1.0166664434000072],[118.02845623000003,1.0965175442000072],[117.78890292760003,1.0965175442000072],[117.78890292760003,1.0166664434000072]]],[[[120.74339365720003,1.0166664434000072],[120.82324475800004,1.0166664434000072],[120.82324475800004,1.0965175442000072],[120.74339365720003,1.0965175442000072],[120.74339365720003,1.0166664434000072]]],[[[121.22250026200004,1.0166664434000072],[121.46205356440004,1.0166664434000072],[121.46205356440004,1.0965175442000072],[121.22250026200004,1.0965175442000072],[121.22250026200004,1.0166664434000072]]],[[[121.54190466520004,1.0166664434000072],[121.78145796760003,1.0166664434000072],[121.78145796760003,1.0965175442000072],[121.54190466520004,1.0965175442000072],[121.54190466520004,1.0166664434000072]]],[[[121.86130906840003,1.0166664434000072],[121.94116016920003,1.0166664434000072],[121.94116016920003,1.0965175442000072],[121.86130906840003,1.0965175442000072],[121.86130906840003,1.0166664434000072]]],[[[127.61058832600003,1.0166664434000072],[127.85014162840004,1.0166664434000072],[127.85014162840004,1.0965175442000072],[127.61058832600003,1.0965175442000072],[127.61058832600003,1.0166664434000072]]],[[[127.92999272920004,1.0166664434000072],[128.32924823320002,1.0166664434000072],[128.32924823320002,1.0965175442000072],[127.92999272920004,1.0965175442000072],[127.92999272920004,1.0166664434000072]]],[[[128.40909933400005,1.0166664434000072],[128.64865263640004,1.0166664434000072],[128.64865263640004,1.0965175442000072],[128.40909933400005,1.0965175442000072],[128.40909933400005,1.0166664434000072]]],[[[97.34702112280003,0.9368153426000072],[97.50672332440003,0.9368153426000072],[97.50672332440003,1.0166664434000072],[97.34702112280003,1.0166664434000072],[97.34702112280003,0.9368153426000072]]],[[[97.74627662680004,0.9368153426000072],[97.98582992920004,0.9368153426000072],[97.98582992920004,1.0166664434000072],[97.74627662680004,1.0166664434000072],[97.74627662680004,0.9368153426000072]]],[[[98.94404313880004,0.9368153426000072],[99.10374534040004,0.9368153426000072],[99.10374534040004,1.0166664434000072],[98.94404313880004,1.0166664434000072],[98.94404313880004,0.9368153426000072]]],[[[99.42314974360004,0.9368153426000072],[99.58285194520003,0.9368153426000072],[99.58285194520003,1.0166664434000072],[99.42314974360004,1.0166664434000072],[99.42314974360004,0.9368153426000072]]],[[[99.66270304600003,0.9368153426000072],[99.90225634840003,0.9368153426000072],[99.90225634840003,1.0166664434000072],[99.66270304600003,1.0166664434000072],[99.66270304600003,0.9368153426000072]]],[[[99.98210744920003,0.9368153426000072],[100.06195855000003,0.9368153426000072],[100.06195855000003,1.0166664434000072],[99.98210744920003,1.0166664434000072],[99.98210744920003,0.9368153426000072]]],[[[100.30151185240004,0.9368153426000072],[100.54106515480004,0.9368153426000072],[100.54106515480004,1.0166664434000072],[100.30151185240004,1.0166664434000072],[100.30151185240004,0.9368153426000072]]],[[[100.62091625560004,0.9368153426000072],[103.17615148120004,0.9368153426000072],[103.17615148120004,1.0166664434000072],[100.62091625560004,1.0166664434000072],[100.62091625560004,0.9368153426000072]]],[[[103.33585368280004,0.9368153426000072],[103.49555588440003,0.9368153426000072],[103.49555588440003,1.0166664434000072],[103.33585368280004,1.0166664434000072],[103.33585368280004,0.9368153426000072]]],[[[103.81496028760003,0.9368153426000072],[104.13436469080003,0.9368153426000072],[104.13436469080003,1.0166664434000072],[103.81496028760003,1.0166664434000072],[103.81496028760003,0.9368153426000072]]],[[[104.37391799320004,0.9368153426000072],[104.69332239640003,0.9368153426000072],[104.69332239640003,1.0166664434000072],[104.37391799320004,1.0166664434000072],[104.37391799320004,0.9368153426000072]]],[[[108.92543073880003,0.9368153426000072],[109.24483514200003,0.9368153426000072],[109.24483514200003,1.0166664434000072],[108.92543073880003,1.0166664434000072],[108.92543073880003,0.9368153426000072]]],[[[110.68215495640004,0.9368153426000072],[110.84185715800004,0.9368153426000072],[110.84185715800004,1.0166664434000072],[110.68215495640004,1.0166664434000072],[110.68215495640004,0.9368153426000072]]],[[[111.87992146840003,0.9368153426000072],[113.07768798040004,0.9368153426000072],[113.07768798040004,1.0166664434000072],[111.87992146840003,1.0166664434000072],[111.87992146840003,0.9368153426000072]]],[[[115.55307210520003,0.9368153426000072],[115.71277430680004,0.9368153426000072],[115.71277430680004,1.0166664434000072],[115.55307210520003,1.0166664434000072],[115.55307210520003,0.9368153426000072]]],[[[116.43143421400003,0.9368153426000072],[116.51128531480003,0.9368153426000072],[116.51128531480003,1.0166664434000072],[116.43143421400003,1.0166664434000072],[116.43143421400003,0.9368153426000072]]],[[[117.86875402840003,0.9368153426000072],[118.18815843160004,0.9368153426000072],[118.18815843160004,1.0166664434000072],[117.86875402840003,1.0166664434000072],[117.86875402840003,0.9368153426000072]]],[[[118.42771173400004,0.9368153426000072],[118.50756283480004,0.9368153426000072],[118.50756283480004,1.0166664434000072],[118.42771173400004,1.0166664434000072],[118.42771173400004,0.9368153426000072]]],[[[120.26428705240004,0.9368153426000072],[120.34413815320003,0.9368153426000072],[120.34413815320003,1.0166664434000072],[120.26428705240004,1.0166664434000072],[120.26428705240004,0.9368153426000072]]],[[[120.74339365720003,0.9368153426000072],[120.90309585880004,0.9368153426000072],[120.90309585880004,1.0166664434000072],[120.74339365720003,1.0166664434000072],[120.74339365720003,0.9368153426000072]]],[[[121.14264916120004,0.9368153426000072],[121.62175576600004,0.9368153426000072],[121.62175576600004,1.0166664434000072],[121.14264916120004,1.0166664434000072],[121.14264916120004,0.9368153426000072]]],[[[122.89937337880004,0.9368153426000072],[122.97922447960003,0.9368153426000072],[122.97922447960003,1.0166664434000072],[122.89937337880004,1.0166664434000072],[122.89937337880004,0.9368153426000072]]],[[[123.21877778200003,0.9368153426000072],[123.29862888280003,0.9368153426000072],[123.29862888280003,1.0166664434000072],[123.21877778200003,1.0166664434000072],[123.21877778200003,0.9368153426000072]]],[[[124.41654429400003,0.9368153426000072],[124.57624649560003,0.9368153426000072],[124.57624649560003,1.0166664434000072],[124.41654429400003,1.0166664434000072],[124.41654429400003,0.9368153426000072]]],[[[127.85014162840004,0.9368153426000072],[128.00984383000002,0.9368153426000072],[128.00984383000002,1.0166664434000072],[127.85014162840004,1.0166664434000072],[127.85014162840004,0.9368153426000072]]],[[[128.32924823320002,0.9368153426000072],[128.56880153560004,0.9368153426000072],[128.56880153560004,1.0166664434000072],[128.32924823320002,1.0166664434000072],[128.32924823320002,0.9368153426000072]]],[[[97.34702112280003,0.8569642418000072],[97.66642552600004,0.8569642418000072],[97.66642552600004,0.9368153426000072],[97.34702112280003,0.9368153426000072],[97.34702112280003,0.8569642418000072]]],[[[97.74627662680004,0.8569642418000072],[97.98582992920004,0.8569642418000072],[97.98582992920004,0.9368153426000072],[97.74627662680004,0.9368153426000072],[97.74627662680004,0.8569642418000072]]],[[[98.94404313880004,0.8569642418000072],[99.18359644120004,0.8569642418000072],[99.18359644120004,0.9368153426000072],[98.94404313880004,0.9368153426000072],[98.94404313880004,0.8569642418000072]]],[[[99.42314974360004,0.8569642418000072],[99.58285194520003,0.8569642418000072],[99.58285194520003,0.9368153426000072],[99.42314974360004,0.9368153426000072],[99.42314974360004,0.8569642418000072]]],[[[99.98210744920003,0.8569642418000072],[100.46121405400004,0.8569642418000072],[100.46121405400004,0.9368153426000072],[99.98210744920003,0.9368153426000072],[99.98210744920003,0.8569642418000072]]],[[[100.62091625560004,0.8569642418000072],[103.17615148120004,0.8569642418000072],[103.17615148120004,0.9368153426000072],[100.62091625560004,0.9368153426000072],[100.62091625560004,0.8569642418000072]]],[[[103.25600258200004,0.8569642418000072],[103.57540698520003,0.8569642418000072],[103.57540698520003,0.9368153426000072],[103.25600258200004,0.9368153426000072],[103.25600258200004,0.8569642418000072]]],[[[103.65525808600003,0.8569642418000072],[103.97466248920003,0.8569642418000072],[103.97466248920003,0.9368153426000072],[103.65525808600003,0.9368153426000072],[103.65525808600003,0.8569642418000072]]],[[[104.13436469080003,0.8569642418000072],[104.21421579160004,0.8569642418000072],[104.21421579160004,0.9368153426000072],[104.13436469080003,0.9368153426000072],[104.13436469080003,0.8569642418000072]]],[[[104.45376909400004,0.8569642418000072],[104.53362019480004,0.8569642418000072],[104.53362019480004,0.9368153426000072],[104.45376909400004,0.9368153426000072],[104.45376909400004,0.8569642418000072]]],[[[108.84557963800003,0.8569642418000072],[109.16498404120003,0.8569642418000072],[109.16498404120003,0.9368153426000072],[108.84557963800003,0.9368153426000072],[108.84557963800003,0.8569642418000072]]],[[[109.24483514200003,0.8569642418000072],[109.40453734360004,0.8569642418000072],[109.40453734360004,0.9368153426000072],[109.24483514200003,0.9368153426000072],[109.24483514200003,0.8569642418000072]]],[[[110.76200605720004,0.8569642418000072],[110.84185715800004,0.8569642418000072],[110.84185715800004,0.9368153426000072],[110.76200605720004,0.9368153426000072],[110.76200605720004,0.8569642418000072]]],[[[111.80007036760003,0.8569642418000072],[113.07768798040004,0.8569642418000072],[113.07768798040004,0.9368153426000072],[111.80007036760003,0.9368153426000072],[111.80007036760003,0.8569642418000072]]],[[[115.55307210520003,0.8569642418000072],[115.71277430680004,0.8569642418000072],[115.71277430680004,0.9368153426000072],[115.55307210520003,0.9368153426000072],[115.55307210520003,0.8569642418000072]]],[[[116.35158311320004,0.8569642418000072],[116.59113641560003,0.8569642418000072],[116.59113641560003,0.9368153426000072],[116.35158311320004,0.9368153426000072],[116.35158311320004,0.8569642418000072]]],[[[116.67098751640003,0.8569642418000072],[116.91054081880003,0.8569642418000072],[116.91054081880003,0.9368153426000072],[116.67098751640003,0.9368153426000072],[116.67098751640003,0.8569642418000072]]],[[[117.94860512920003,0.8569642418000072],[118.10830733080003,0.8569642418000072],[118.10830733080003,0.9368153426000072],[117.94860512920003,0.9368153426000072],[117.94860512920003,0.8569642418000072]]],[[[118.34786063320004,0.8569642418000072],[118.50756283480004,0.8569642418000072],[118.50756283480004,0.9368153426000072],[118.34786063320004,0.9368153426000072],[118.34786063320004,0.8569642418000072]]],[[[120.58369145560003,0.8569642418000072],[120.98294695960004,0.8569642418000072],[120.98294695960004,0.9368153426000072],[120.58369145560003,0.9368153426000072],[120.58369145560003,0.8569642418000072]]],[[[121.14264916120004,0.8569642418000072],[121.30235136280004,0.8569642418000072],[121.30235136280004,0.9368153426000072],[121.14264916120004,0.9368153426000072],[121.14264916120004,0.8569642418000072]]],[[[121.38220246360004,0.8569642418000072],[121.54190466520004,0.8569642418000072],[121.54190466520004,0.9368153426000072],[121.38220246360004,0.9368153426000072],[121.38220246360004,0.8569642418000072]]],[[[122.65982007640004,0.8569642418000072],[122.81952227800004,0.8569642418000072],[122.81952227800004,0.9368153426000072],[122.65982007640004,0.9368153426000072],[122.65982007640004,0.8569642418000072]]],[[[122.89937337880004,0.8569642418000072],[123.13892668120003,0.8569642418000072],[123.13892668120003,0.9368153426000072],[122.89937337880004,0.9368153426000072],[122.89937337880004,0.8569642418000072]]],[[[123.21877778200003,0.8569642418000072],[123.45833108440004,0.8569642418000072],[123.45833108440004,0.9368153426000072],[123.21877778200003,0.9368153426000072],[123.21877778200003,0.8569642418000072]]],[[[123.53818218520004,0.8569642418000072],[123.69788438680004,0.8569642418000072],[123.69788438680004,0.9368153426000072],[123.53818218520004,0.9368153426000072],[123.53818218520004,0.8569642418000072]]],[[[123.93743768920004,0.8569642418000072],[124.01728879000004,0.8569642418000072],[124.01728879000004,0.9368153426000072],[123.93743768920004,0.9368153426000072],[123.93743768920004,0.8569642418000072]]],[[[124.09713989080004,0.8569642418000072],[124.17699099160004,0.8569642418000072],[124.17699099160004,0.9368153426000072],[124.09713989080004,0.9368153426000072],[124.09713989080004,0.8569642418000072]]],[[[124.41654429400003,0.8569642418000072],[124.49639539480003,0.8569642418000072],[124.49639539480003,0.9368153426000072],[124.41654429400003,0.9368153426000072],[124.41654429400003,0.8569642418000072]]],[[[124.65609759640003,0.8569642418000072],[124.73594869720003,0.8569642418000072],[124.73594869720003,0.9368153426000072],[124.65609759640003,0.9368153426000072],[124.65609759640003,0.8569642418000072]]],[[[127.45088612440003,0.8569642418000072],[127.69043942680003,0.8569642418000072],[127.69043942680003,0.9368153426000072],[127.45088612440003,0.9368153426000072],[127.45088612440003,0.8569642418000072]]],[[[127.85014162840004,0.8569642418000072],[128.00984383000002,0.8569642418000072],[128.00984383000002,0.9368153426000072],[127.85014162840004,0.9368153426000072],[127.85014162840004,0.8569642418000072]]],[[[128.24939713240002,0.8569642418000072],[128.40909933400005,0.8569642418000072],[128.40909933400005,0.9368153426000072],[128.24939713240002,0.9368153426000072],[128.24939713240002,0.8569642418000072]]],[[[97.50672332440003,0.7771131410000072],[97.66642552600004,0.7771131410000072],[97.66642552600004,0.8569642418000072],[97.50672332440003,0.8569642418000072],[97.50672332440003,0.7771131410000072]]],[[[97.74627662680004,0.7771131410000072],[97.90597882840004,0.7771131410000072],[97.90597882840004,0.8569642418000072],[97.74627662680004,0.8569642418000072],[97.74627662680004,0.7771131410000072]]],[[[98.94404313880004,0.7771131410000072],[99.18359644120004,0.7771131410000072],[99.18359644120004,0.8569642418000072],[98.94404313880004,0.8569642418000072],[98.94404313880004,0.7771131410000072]]],[[[99.50300084440003,0.7771131410000072],[99.66270304600003,0.7771131410000072],[99.66270304600003,0.8569642418000072],[99.50300084440003,0.8569642418000072],[99.50300084440003,0.7771131410000072]]],[[[100.38136295320004,0.7771131410000072],[100.46121405400004,0.7771131410000072],[100.46121405400004,0.8569642418000072],[100.38136295320004,0.8569642418000072],[100.38136295320004,0.7771131410000072]]],[[[100.54106515480004,0.7771131410000072],[103.17615148120004,0.7771131410000072],[103.17615148120004,0.8569642418000072],[100.54106515480004,0.8569642418000072],[100.54106515480004,0.7771131410000072]]],[[[103.33585368280004,0.7771131410000072],[103.57540698520003,0.7771131410000072],[103.57540698520003,0.8569642418000072],[103.33585368280004,0.8569642418000072],[103.33585368280004,0.7771131410000072]]],[[[103.65525808600003,0.7771131410000072],[103.97466248920003,0.7771131410000072],[103.97466248920003,0.8569642418000072],[103.65525808600003,0.8569642418000072],[103.65525808600003,0.7771131410000072]]],[[[104.21421579160004,0.7771131410000072],[104.29406689240004,0.7771131410000072],[104.29406689240004,0.8569642418000072],[104.21421579160004,0.8569642418000072],[104.21421579160004,0.7771131410000072]]],[[[104.53362019480004,0.7771131410000072],[104.61347129560004,0.7771131410000072],[104.61347129560004,0.8569642418000072],[104.53362019480004,0.8569642418000072],[104.53362019480004,0.7771131410000072]]],[[[108.84557963800003,0.7771131410000072],[109.00528183960003,0.7771131410000072],[109.00528183960003,0.8569642418000072],[108.84557963800003,0.8569642418000072],[108.84557963800003,0.7771131410000072]]],[[[109.32468624280003,0.7771131410000072],[109.40453734360004,0.7771131410000072],[109.40453734360004,0.8569642418000072],[109.32468624280003,0.8569642418000072],[109.32468624280003,0.7771131410000072]]],[[[111.80007036760003,0.7771131410000072],[113.23739018200004,0.7771131410000072],[113.23739018200004,0.8569642418000072],[111.80007036760003,0.8569642418000072],[111.80007036760003,0.7771131410000072]]],[[[114.43515669400003,0.7771131410000072],[114.59485889560003,0.7771131410000072],[114.59485889560003,0.8569642418000072],[114.43515669400003,0.8569642418000072],[114.43515669400003,0.7771131410000072]]],[[[115.55307210520003,0.7771131410000072],[115.63292320600004,0.7771131410000072],[115.63292320600004,0.8569642418000072],[115.55307210520003,0.8569642418000072],[115.55307210520003,0.7771131410000072]]],[[[116.27173201240004,0.7771131410000072],[116.67098751640003,0.7771131410000072],[116.67098751640003,0.8569642418000072],[116.27173201240004,0.8569642418000072],[116.27173201240004,0.7771131410000072]]],[[[116.75083861720003,0.7771131410000072],[116.91054081880003,0.7771131410000072],[116.91054081880003,0.8569642418000072],[116.75083861720003,0.8569642418000072],[116.75083861720003,0.7771131410000072]]],[[[117.86875402840003,0.7771131410000072],[117.94860512920003,0.7771131410000072],[117.94860512920003,0.8569642418000072],[117.86875402840003,0.8569642418000072],[117.86875402840003,0.7771131410000072]]],[[[120.58369145560003,0.7771131410000072],[120.82324475800004,0.7771131410000072],[120.82324475800004,0.8569642418000072],[120.58369145560003,0.8569642418000072],[120.58369145560003,0.7771131410000072]]],[[[122.26056457240003,0.7771131410000072],[122.42026677400004,0.7771131410000072],[122.42026677400004,0.8569642418000072],[122.26056457240003,0.8569642418000072],[122.26056457240003,0.7771131410000072]]],[[[122.73967117720004,0.7771131410000072],[122.97922447960003,0.7771131410000072],[122.97922447960003,0.8569642418000072],[122.73967117720004,0.8569642418000072],[122.73967117720004,0.7771131410000072]]],[[[123.53818218520004,0.7771131410000072],[123.77773548760004,0.7771131410000072],[123.77773548760004,0.8569642418000072],[123.53818218520004,0.8569642418000072],[123.53818218520004,0.7771131410000072]]],[[[123.85758658840004,0.7771131410000072],[124.01728879000004,0.7771131410000072],[124.01728879000004,0.8569642418000072],[123.85758658840004,0.8569642418000072],[123.85758658840004,0.7771131410000072]]],[[[124.09713989080004,0.7771131410000072],[124.17699099160004,0.7771131410000072],[124.17699099160004,0.8569642418000072],[124.09713989080004,0.8569642418000072],[124.09713989080004,0.7771131410000072]]],[[[124.25684209240003,0.7771131410000072],[124.33669319320003,0.7771131410000072],[124.33669319320003,0.8569642418000072],[124.25684209240003,0.8569642418000072],[124.25684209240003,0.7771131410000072]]],[[[124.57624649560003,0.7771131410000072],[124.73594869720003,0.7771131410000072],[124.73594869720003,0.8569642418000072],[124.57624649560003,0.8569642418000072],[124.57624649560003,0.7771131410000072]]],[[[127.69043942680003,0.7771131410000072],[127.92999272920004,0.7771131410000072],[127.92999272920004,0.8569642418000072],[127.69043942680003,0.8569642418000072],[127.69043942680003,0.7771131410000072]]],[[[97.58657442520004,0.6972620402000071],[97.74627662680004,0.6972620402000071],[97.74627662680004,0.7771131410000072],[97.58657442520004,0.7771131410000072],[97.58657442520004,0.6972620402000071]]],[[[97.82612772760004,0.6972620402000071],[97.90597882840004,0.6972620402000071],[97.90597882840004,0.7771131410000072],[97.82612772760004,0.7771131410000072],[97.82612772760004,0.6972620402000071]]],[[[99.02389423960004,0.6972620402000071],[99.18359644120004,0.6972620402000071],[99.18359644120004,0.7771131410000072],[99.02389423960004,0.7771131410000072],[99.02389423960004,0.6972620402000071]]],[[[99.90225634840003,0.6972620402000071],[100.06195855000003,0.6972620402000071],[100.06195855000003,0.7771131410000072],[99.90225634840003,0.7771131410000072],[99.90225634840003,0.6972620402000071]]],[[[100.46121405400004,0.6972620402000071],[100.62091625560004,0.6972620402000071],[100.62091625560004,0.7771131410000072],[100.46121405400004,0.7771131410000072],[100.46121405400004,0.6972620402000071]]],[[[100.78061845720003,0.6972620402000071],[103.25600258200004,0.6972620402000071],[103.25600258200004,0.7771131410000072],[100.78061845720003,0.7771131410000072],[100.78061845720003,0.6972620402000071]]],[[[103.33585368280004,0.6972620402000071],[103.57540698520003,0.6972620402000071],[103.57540698520003,0.7771131410000072],[103.33585368280004,0.7771131410000072],[103.33585368280004,0.6972620402000071]]],[[[103.65525808600003,0.6972620402000071],[103.73510918680003,0.6972620402000071],[103.73510918680003,0.7771131410000072],[103.65525808600003,0.7771131410000072],[103.65525808600003,0.6972620402000071]]],[[[104.21421579160004,0.6972620402000071],[104.29406689240004,0.6972620402000071],[104.29406689240004,0.7771131410000072],[104.21421579160004,0.7771131410000072],[104.21421579160004,0.6972620402000071]]],[[[108.84557963800003,0.6972620402000071],[109.08513294040003,0.6972620402000071],[109.08513294040003,0.7771131410000072],[108.84557963800003,0.7771131410000072],[108.84557963800003,0.6972620402000071]]],[[[111.16126156120004,0.6972620402000071],[111.56051706520003,0.6972620402000071],[111.56051706520003,0.7771131410000072],[111.16126156120004,0.7771131410000072],[111.16126156120004,0.6972620402000071]]],[[[111.72021926680003,0.6972620402000071],[113.07768798040004,0.6972620402000071],[113.07768798040004,0.7771131410000072],[111.72021926680003,0.7771131410000072],[111.72021926680003,0.6972620402000071]]],[[[113.15753908120004,0.6972620402000071],[113.23739018200004,0.6972620402000071],[113.23739018200004,0.7771131410000072],[113.15753908120004,0.7771131410000072],[113.15753908120004,0.6972620402000071]]],[[[116.27173201240004,0.6972620402000071],[116.43143421400003,0.6972620402000071],[116.43143421400003,0.7771131410000072],[116.27173201240004,0.7771131410000072],[116.27173201240004,0.6972620402000071]]],[[[116.59113641560003,0.6972620402000071],[116.67098751640003,0.6972620402000071],[116.67098751640003,0.7771131410000072],[116.59113641560003,0.7771131410000072],[116.59113641560003,0.6972620402000071]]],[[[117.46949852440004,0.6972620402000071],[117.78890292760003,0.6972620402000071],[117.78890292760003,0.7771131410000072],[117.46949852440004,0.7771131410000072],[117.46949852440004,0.6972620402000071]]],[[[117.94860512920003,0.6972620402000071],[118.02845623000003,0.6972620402000071],[118.02845623000003,0.7771131410000072],[117.94860512920003,0.7771131410000072],[117.94860512920003,0.6972620402000071]]],[[[120.58369145560003,0.6972620402000071],[120.74339365720003,0.6972620402000071],[120.74339365720003,0.7771131410000072],[120.58369145560003,0.7771131410000072],[120.58369145560003,0.6972620402000071]]],[[[122.26056457240003,0.6972620402000071],[122.50011787480004,0.6972620402000071],[122.50011787480004,0.7771131410000072],[122.26056457240003,0.7771131410000072],[122.26056457240003,0.6972620402000071]]],[[[123.69788438680004,0.6972620402000071],[123.77773548760004,0.6972620402000071],[123.77773548760004,0.7771131410000072],[123.69788438680004,0.7771131410000072],[123.69788438680004,0.6972620402000071]]],[[[124.41654429400003,0.6972620402000071],[124.49639539480003,0.6972620402000071],[124.49639539480003,0.7771131410000072],[124.41654429400003,0.7771131410000072],[124.41654429400003,0.6972620402000071]]],[[[124.57624649560003,0.6972620402000071],[124.65609759640003,0.6972620402000071],[124.65609759640003,0.7771131410000072],[124.57624649560003,0.7771131410000072],[124.57624649560003,0.6972620402000071]]],[[[127.53073722520003,0.6972620402000071],[127.61058832600003,0.6972620402000071],[127.61058832600003,0.7771131410000072],[127.53073722520003,0.7771131410000072],[127.53073722520003,0.6972620402000071]]],[[[127.69043942680003,0.6972620402000071],[127.92999272920004,0.6972620402000071],[127.92999272920004,0.7771131410000072],[127.69043942680003,0.7771131410000072],[127.69043942680003,0.6972620402000071]]],[[[128.24939713240002,0.6972620402000071],[128.32924823320002,0.6972620402000071],[128.32924823320002,0.7771131410000072],[128.24939713240002,0.7771131410000072],[128.24939713240002,0.6972620402000071]]],[[[97.66642552600004,0.6174109394000071],[97.82612772760004,0.6174109394000071],[97.82612772760004,0.6972620402000071],[97.66642552600004,0.6972620402000071],[97.66642552600004,0.6174109394000071]]],[[[99.02389423960004,0.6174109394000071],[99.26344754200004,0.6174109394000071],[99.26344754200004,0.6972620402000071],[99.02389423960004,0.6972620402000071],[99.02389423960004,0.6174109394000071]]],[[[99.66270304600003,0.6174109394000071],[99.74255414680003,0.6174109394000071],[99.74255414680003,0.6972620402000071],[99.66270304600003,0.6972620402000071],[99.66270304600003,0.6174109394000071]]],[[[99.98210744920003,0.6174109394000071],[100.06195855000003,0.6174109394000071],[100.06195855000003,0.6972620402000071],[99.98210744920003,0.6972620402000071],[99.98210744920003,0.6174109394000071]]],[[[100.38136295320004,0.6174109394000071],[100.70076735640004,0.6174109394000071],[100.70076735640004,0.6972620402000071],[100.38136295320004,0.6972620402000071],[100.38136295320004,0.6174109394000071]]],[[[100.94032065880003,0.6174109394000071],[101.89853386840004,0.6174109394000071],[101.89853386840004,0.6972620402000071],[100.94032065880003,0.6972620402000071],[100.94032065880003,0.6174109394000071]]],[[[101.97838496920004,0.6174109394000071],[103.73510918680003,0.6174109394000071],[103.73510918680003,0.6972620402000071],[101.97838496920004,0.6972620402000071],[101.97838496920004,0.6174109394000071]]],[[[108.84557963800003,0.6174109394000071],[109.08513294040003,0.6174109394000071],[109.08513294040003,0.6972620402000071],[108.84557963800003,0.6972620402000071],[108.84557963800003,0.6174109394000071]]],[[[111.24111266200003,0.6174109394000071],[111.64036816600003,0.6174109394000071],[111.64036816600003,0.6972620402000071],[111.24111266200003,0.6972620402000071],[111.24111266200003,0.6174109394000071]]],[[[111.72021926680003,0.6174109394000071],[113.07768798040004,0.6174109394000071],[113.07768798040004,0.6972620402000071],[111.72021926680003,0.6972620402000071],[111.72021926680003,0.6174109394000071]]],[[[116.51128531480003,0.6174109394000071],[116.75083861720003,0.6174109394000071],[116.75083861720003,0.6972620402000071],[116.51128531480003,0.6972620402000071],[116.51128531480003,0.6174109394000071]]],[[[117.54934962520004,0.6174109394000071],[117.70905182680004,0.6174109394000071],[117.70905182680004,0.6972620402000071],[117.54934962520004,0.6972620402000071],[117.54934962520004,0.6174109394000071]]],[[[120.58369145560003,0.6174109394000071],[120.66354255640003,0.6174109394000071],[120.66354255640003,0.6972620402000071],[120.58369145560003,0.6972620402000071],[120.58369145560003,0.6174109394000071]]],[[[121.70160686680003,0.6174109394000071],[121.94116016920003,0.6174109394000071],[121.94116016920003,0.6972620402000071],[121.70160686680003,0.6972620402000071],[121.70160686680003,0.6174109394000071]]],[[[123.05907558040003,0.6174109394000071],[123.13892668120003,0.6174109394000071],[123.13892668120003,0.6972620402000071],[123.05907558040003,0.6972620402000071],[123.05907558040003,0.6174109394000071]]],[[[128.24939713240002,0.6174109394000071],[128.40909933400005,0.6174109394000071],[128.40909933400005,0.6972620402000071],[128.24939713240002,0.6972620402000071],[128.24939713240002,0.6174109394000071]]],[[[97.66642552600004,0.5375598386000071],[97.90597882840004,0.5375598386000071],[97.90597882840004,0.6174109394000071],[97.66642552600004,0.6174109394000071],[97.66642552600004,0.5375598386000071]]],[[[99.10374534040004,0.5375598386000071],[99.34329864280004,0.5375598386000071],[99.34329864280004,0.6174109394000071],[99.10374534040004,0.6174109394000071],[99.10374534040004,0.5375598386000071]]],[[[100.38136295320004,0.5375598386000071],[100.54106515480004,0.5375598386000071],[100.54106515480004,0.6174109394000071],[100.38136295320004,0.6174109394000071],[100.38136295320004,0.5375598386000071]]],[[[100.62091625560004,0.5375598386000071],[101.65898056600004,0.5375598386000071],[101.65898056600004,0.6174109394000071],[100.62091625560004,0.6174109394000071],[100.62091625560004,0.5375598386000071]]],[[[101.81868276760004,0.5375598386000071],[103.33585368280004,0.5375598386000071],[103.33585368280004,0.6174109394000071],[101.81868276760004,0.6174109394000071],[101.81868276760004,0.5375598386000071]]],[[[103.49555588440003,0.5375598386000071],[103.57540698520003,0.5375598386000071],[103.57540698520003,0.6174109394000071],[103.49555588440003,0.6174109394000071],[103.49555588440003,0.5375598386000071]]],[[[104.21421579160004,0.5375598386000071],[104.29406689240004,0.5375598386000071],[104.29406689240004,0.6174109394000071],[104.21421579160004,0.6174109394000071],[104.21421579160004,0.5375598386000071]]],[[[108.92543073880003,0.5375598386000071],[109.08513294040003,0.5375598386000071],[109.08513294040003,0.6174109394000071],[108.92543073880003,0.6174109394000071],[108.92543073880003,0.5375598386000071]]],[[[111.56051706520003,0.5375598386000071],[113.07768798040004,0.5375598386000071],[113.07768798040004,0.6174109394000071],[111.56051706520003,0.6174109394000071],[111.56051706520003,0.5375598386000071]]],[[[116.59113641560003,0.5375598386000071],[116.75083861720003,0.5375598386000071],[116.75083861720003,0.6174109394000071],[116.59113641560003,0.6174109394000071],[116.59113641560003,0.5375598386000071]]],[[[117.62920072600004,0.5375598386000071],[117.70905182680004,0.5375598386000071],[117.70905182680004,0.6174109394000071],[117.62920072600004,0.6174109394000071],[117.62920072600004,0.5375598386000071]]],[[[120.90309585880004,0.5375598386000071],[120.98294695960004,0.5375598386000071],[120.98294695960004,0.6174109394000071],[120.90309585880004,0.6174109394000071],[120.90309585880004,0.5375598386000071]]],[[[121.46205356440004,0.5375598386000071],[121.70160686680003,0.5375598386000071],[121.70160686680003,0.6174109394000071],[121.46205356440004,0.6174109394000071],[121.46205356440004,0.5375598386000071]]],[[[121.78145796760003,0.5375598386000071],[121.86130906840003,0.5375598386000071],[121.86130906840003,0.6174109394000071],[121.78145796760003,0.6174109394000071],[121.78145796760003,0.5375598386000071]]],[[[122.81952227800004,0.5375598386000071],[122.89937337880004,0.5375598386000071],[122.89937337880004,0.6174109394000071],[122.81952227800004,0.6174109394000071],[122.81952227800004,0.5375598386000071]]],[[[123.05907558040003,0.5375598386000071],[123.13892668120003,0.5375598386000071],[123.13892668120003,0.6174109394000071],[123.05907558040003,0.6174109394000071],[123.05907558040003,0.5375598386000071]]],[[[123.37847998360004,0.5375598386000071],[123.53818218520004,0.5375598386000071],[123.53818218520004,0.6174109394000071],[123.37847998360004,0.6174109394000071],[123.37847998360004,0.5375598386000071]]],[[[127.85014162840004,0.5375598386000071],[127.92999272920004,0.5375598386000071],[127.92999272920004,0.6174109394000071],[127.85014162840004,0.6174109394000071],[127.85014162840004,0.5375598386000071]]],[[[99.02389423960004,0.4577087378000071],[99.26344754200004,0.4577087378000071],[99.26344754200004,0.5375598386000071],[99.02389423960004,0.5375598386000071],[99.02389423960004,0.4577087378000071]]],[[[100.06195855000003,0.4577087378000071],[100.14180965080004,0.4577087378000071],[100.14180965080004,0.5375598386000071],[100.06195855000003,0.5375598386000071],[100.06195855000003,0.4577087378000071]]],[[[100.30151185240004,0.4577087378000071],[100.38136295320004,0.4577087378000071],[100.38136295320004,0.5375598386000071],[100.30151185240004,0.5375598386000071],[100.30151185240004,0.4577087378000071]]],[[[100.46121405400004,0.4577087378000071],[100.54106515480004,0.4577087378000071],[100.54106515480004,0.5375598386000071],[100.46121405400004,0.5375598386000071],[100.46121405400004,0.4577087378000071]]],[[[100.78061845720003,0.4577087378000071],[100.94032065880003,0.4577087378000071],[100.94032065880003,0.5375598386000071],[100.78061845720003,0.5375598386000071],[100.78061845720003,0.4577087378000071]]],[[[101.10002286040003,0.4577087378000071],[101.57912946520004,0.4577087378000071],[101.57912946520004,0.5375598386000071],[101.10002286040003,0.5375598386000071],[101.10002286040003,0.4577087378000071]]],[[[101.81868276760004,0.4577087378000071],[103.49555588440003,0.4577087378000071],[103.49555588440003,0.5375598386000071],[101.81868276760004,0.5375598386000071],[101.81868276760004,0.4577087378000071]]],[[[103.57540698520003,0.4577087378000071],[103.65525808600003,0.4577087378000071],[103.65525808600003,0.5375598386000071],[103.57540698520003,0.5375598386000071],[103.57540698520003,0.4577087378000071]]],[[[108.84557963800003,0.4577087378000071],[109.16498404120003,0.4577087378000071],[109.16498404120003,0.5375598386000071],[108.84557963800003,0.5375598386000071],[108.84557963800003,0.4577087378000071]]],[[[111.56051706520003,0.4577087378000071],[111.95977256920003,0.4577087378000071],[111.95977256920003,0.5375598386000071],[111.56051706520003,0.5375598386000071],[111.56051706520003,0.4577087378000071]]],[[[112.67843247640003,0.4577087378000071],[112.75828357720003,0.4577087378000071],[112.75828357720003,0.5375598386000071],[112.67843247640003,0.5375598386000071],[112.67843247640003,0.4577087378000071]]],[[[112.91798577880003,0.4577087378000071],[112.99783687960004,0.4577087378000071],[112.99783687960004,0.5375598386000071],[112.91798577880003,0.5375598386000071],[112.91798577880003,0.4577087378000071]]],[[[116.59113641560003,0.4577087378000071],[116.83068971800003,0.4577087378000071],[116.83068971800003,0.5375598386000071],[116.59113641560003,0.5375598386000071],[116.59113641560003,0.4577087378000071]]],[[[117.54934962520004,0.4577087378000071],[117.70905182680004,0.4577087378000071],[117.70905182680004,0.5375598386000071],[117.54934962520004,0.5375598386000071],[117.54934962520004,0.4577087378000071]]],[[[119.94488264920004,0.4577087378000071],[120.02473375000004,0.4577087378000071],[120.02473375000004,0.5375598386000071],[119.94488264920004,0.5375598386000071],[119.94488264920004,0.4577087378000071]]],[[[120.66354255640003,0.4577087378000071],[120.82324475800004,0.4577087378000071],[120.82324475800004,0.5375598386000071],[120.66354255640003,0.5375598386000071],[120.66354255640003,0.4577087378000071]]],[[[121.06279806040004,0.4577087378000071],[121.22250026200004,0.4577087378000071],[121.22250026200004,0.5375598386000071],[121.06279806040004,0.5375598386000071],[121.06279806040004,0.4577087378000071]]],[[[121.30235136280004,0.4577087378000071],[121.54190466520004,0.4577087378000071],[121.54190466520004,0.5375598386000071],[121.30235136280004,0.5375598386000071],[121.30235136280004,0.4577087378000071]]],[[[121.62175576600004,0.4577087378000071],[122.02101127000003,0.4577087378000071],[122.02101127000003,0.5375598386000071],[121.62175576600004,0.5375598386000071],[121.62175576600004,0.4577087378000071]]],[[[122.10086237080003,0.4577087378000071],[122.18071347160003,0.4577087378000071],[122.18071347160003,0.5375598386000071],[122.10086237080003,0.5375598386000071],[122.10086237080003,0.4577087378000071]]],[[[122.42026677400004,0.4577087378000071],[122.50011787480004,0.4577087378000071],[122.50011787480004,0.5375598386000071],[122.42026677400004,0.5375598386000071],[122.42026677400004,0.4577087378000071]]],[[[123.13892668120003,0.4577087378000071],[123.29862888280003,0.4577087378000071],[123.29862888280003,0.5375598386000071],[123.13892668120003,0.5375598386000071],[123.13892668120003,0.4577087378000071]]],[[[123.37847998360004,0.4577087378000071],[123.53818218520004,0.4577087378000071],[123.53818218520004,0.5375598386000071],[123.37847998360004,0.5375598386000071],[123.37847998360004,0.4577087378000071]]],[[[127.53073722520003,0.4577087378000071],[127.69043942680003,0.4577087378000071],[127.69043942680003,0.5375598386000071],[127.53073722520003,0.5375598386000071],[127.53073722520003,0.4577087378000071]]],[[[127.85014162840004,0.4577087378000071],[127.92999272920004,0.4577087378000071],[127.92999272920004,0.5375598386000071],[127.85014162840004,0.5375598386000071],[127.85014162840004,0.4577087378000071]]],[[[128.08969493080002,0.4577087378000071],[128.24939713240002,0.4577087378000071],[128.24939713240002,0.5375598386000071],[128.08969493080002,0.5375598386000071],[128.08969493080002,0.4577087378000071]]],[[[99.10374534040004,0.3778576370000071],[99.42314974360004,0.3778576370000071],[99.42314974360004,0.4577087378000071],[99.10374534040004,0.4577087378000071],[99.10374534040004,0.3778576370000071]]],[[[100.06195855000003,0.3778576370000071],[100.14180965080004,0.3778576370000071],[100.14180965080004,0.4577087378000071],[100.06195855000003,0.4577087378000071],[100.06195855000003,0.3778576370000071]]],[[[100.46121405400004,0.3778576370000071],[100.54106515480004,0.3778576370000071],[100.54106515480004,0.4577087378000071],[100.46121405400004,0.4577087378000071],[100.46121405400004,0.3778576370000071]]],[[[100.94032065880003,0.3778576370000071],[103.65525808600003,0.3778576370000071],[103.65525808600003,0.4577087378000071],[100.94032065880003,0.4577087378000071],[100.94032065880003,0.3778576370000071]]],[[[108.92543073880003,0.3778576370000071],[109.16498404120003,0.3778576370000071],[109.16498404120003,0.4577087378000071],[108.92543073880003,0.4577087378000071],[108.92543073880003,0.3778576370000071]]],[[[111.40081486360003,0.3778576370000071],[111.95977256920003,0.3778576370000071],[111.95977256920003,0.4577087378000071],[111.40081486360003,0.4577087378000071],[111.40081486360003,0.3778576370000071]]],[[[116.03217871000004,0.3778576370000071],[116.19188091160004,0.3778576370000071],[116.19188091160004,0.4577087378000071],[116.03217871000004,0.4577087378000071],[116.03217871000004,0.3778576370000071]]],[[[116.59113641560003,0.3778576370000071],[116.99039191960003,0.3778576370000071],[116.99039191960003,0.4577087378000071],[116.59113641560003,0.4577087378000071],[116.59113641560003,0.3778576370000071]]],[[[117.38964742360004,0.3778576370000071],[117.62920072600004,0.3778576370000071],[117.62920072600004,0.4577087378000071],[117.38964742360004,0.4577087378000071],[117.38964742360004,0.3778576370000071]]],[[[119.94488264920004,0.3778576370000071],[120.02473375000004,0.3778576370000071],[120.02473375000004,0.4577087378000071],[119.94488264920004,0.4577087378000071],[119.94488264920004,0.3778576370000071]]],[[[120.90309585880004,0.3778576370000071],[121.22250026200004,0.3778576370000071],[121.22250026200004,0.4577087378000071],[120.90309585880004,0.4577087378000071],[120.90309585880004,0.3778576370000071]]],[[[121.78145796760003,0.3778576370000071],[121.94116016920003,0.3778576370000071],[121.94116016920003,0.4577087378000071],[121.78145796760003,0.4577087378000071],[121.78145796760003,0.3778576370000071]]],[[[127.53073722520003,0.3778576370000071],[127.77029052760004,0.3778576370000071],[127.77029052760004,0.4577087378000071],[127.53073722520003,0.4577087378000071],[127.53073722520003,0.3778576370000071]]],[[[127.85014162840004,0.3778576370000071],[127.92999272920004,0.3778576370000071],[127.92999272920004,0.4577087378000071],[127.85014162840004,0.4577087378000071],[127.85014162840004,0.3778576370000071]]],[[[128.16954603160002,0.3778576370000071],[128.24939713240002,0.3778576370000071],[128.24939713240002,0.4577087378000071],[128.16954603160002,0.4577087378000071],[128.16954603160002,0.3778576370000071]]],[[[128.32924823320002,0.3778576370000071],[128.40909933400005,0.3778576370000071],[128.40909933400005,0.4577087378000071],[128.32924823320002,0.4577087378000071],[128.32924823320002,0.3778576370000071]]],[[[99.10374534040004,0.29800653620000706],[99.42314974360004,0.29800653620000706],[99.42314974360004,0.3778576370000071],[99.10374534040004,0.3778576370000071],[99.10374534040004,0.29800653620000706]]],[[[100.46121405400004,0.29800653620000706],[103.73510918680003,0.29800653620000706],[103.73510918680003,0.3778576370000071],[100.46121405400004,0.3778576370000071],[100.46121405400004,0.29800653620000706]]],[[[104.37391799320004,0.29800653620000706],[104.45376909400004,0.29800653620000706],[104.45376909400004,0.3778576370000071],[104.37391799320004,0.3778576370000071],[104.37391799320004,0.29800653620000706]]],[[[108.84557963800003,0.29800653620000706],[109.40453734360004,0.29800653620000706],[109.40453734360004,0.3778576370000071],[108.84557963800003,0.3778576370000071],[108.84557963800003,0.29800653620000706]]],[[[109.88364394840004,0.29800653620000706],[110.12319725080003,0.29800653620000706],[110.12319725080003,0.3778576370000071],[109.88364394840004,0.3778576370000071],[109.88364394840004,0.29800653620000706]]],[[[111.40081486360003,0.29800653620000706],[111.87992146840003,0.29800653620000706],[111.87992146840003,0.3778576370000071],[111.40081486360003,0.3778576370000071],[111.40081486360003,0.29800653620000706]]],[[[116.03217871000004,0.29800653620000706],[116.27173201240004,0.29800653620000706],[116.27173201240004,0.3778576370000071],[116.03217871000004,0.3778576370000071],[116.03217871000004,0.29800653620000706]]],[[[116.51128531480003,0.29800653620000706],[117.07024302040003,0.29800653620000706],[117.07024302040003,0.3778576370000071],[116.51128531480003,0.3778576370000071],[116.51128531480003,0.29800653620000706]]],[[[117.38964742360004,0.29800653620000706],[117.62920072600004,0.29800653620000706],[117.62920072600004,0.3778576370000071],[117.38964742360004,0.3778576370000071],[117.38964742360004,0.29800653620000706]]],[[[127.61058832600003,0.29800653620000706],[127.77029052760004,0.29800653620000706],[127.77029052760004,0.3778576370000071],[127.61058832600003,0.3778576370000071],[127.61058832600003,0.29800653620000706]]],[[[99.10374534040004,0.21815543540000704],[99.82240524760003,0.21815543540000704],[99.82240524760003,0.29800653620000706],[99.10374534040004,0.29800653620000706],[99.10374534040004,0.21815543540000704]]],[[[100.38136295320004,0.21815543540000704],[100.62091625560004,0.21815543540000704],[100.62091625560004,0.29800653620000706],[100.38136295320004,0.29800653620000706],[100.38136295320004,0.21815543540000704]]],[[[101.02017175960003,0.21815543540000704],[101.17987396120003,0.21815543540000704],[101.17987396120003,0.29800653620000706],[101.02017175960003,0.29800653620000706],[101.02017175960003,0.21815543540000704]]],[[[101.25972506200003,0.21815543540000704],[101.97838496920004,0.21815543540000704],[101.97838496920004,0.29800653620000706],[101.25972506200003,0.29800653620000706],[101.25972506200003,0.21815543540000704]]],[[[102.13808717080003,0.21815543540000704],[103.81496028760003,0.21815543540000704],[103.81496028760003,0.29800653620000706],[102.13808717080003,0.29800653620000706],[102.13808717080003,0.21815543540000704]]],[[[104.45376909400004,0.21815543540000704],[104.53362019480004,0.21815543540000704],[104.53362019480004,0.29800653620000706],[104.45376909400004,0.29800653620000706],[104.45376909400004,0.21815543540000704]]],[[[109.00528183960003,0.21815543540000704],[109.56423954520004,0.21815543540000704],[109.56423954520004,0.29800653620000706],[109.00528183960003,0.29800653620000706],[109.00528183960003,0.21815543540000704]]],[[[109.64409064600004,0.21815543540000704],[110.04334615000003,0.21815543540000704],[110.04334615000003,0.29800653620000706],[109.64409064600004,0.29800653620000706],[109.64409064600004,0.21815543540000704]]],[[[110.92170825880004,0.21815543540000704],[111.00155935960004,0.21815543540000704],[111.00155935960004,0.29800653620000706],[110.92170825880004,0.29800653620000706],[110.92170825880004,0.21815543540000704]]],[[[111.16126156120004,0.21815543540000704],[111.32096376280003,0.21815543540000704],[111.32096376280003,0.29800653620000706],[111.16126156120004,0.29800653620000706],[111.16126156120004,0.21815543540000704]]],[[[111.40081486360003,0.21815543540000704],[111.72021926680003,0.21815543540000704],[111.72021926680003,0.29800653620000706],[111.40081486360003,0.29800653620000706],[111.40081486360003,0.21815543540000704]]],[[[114.83441219800004,0.21815543540000704],[114.99411439960004,0.21815543540000704],[114.99411439960004,0.29800653620000706],[114.83441219800004,0.29800653620000706],[114.83441219800004,0.21815543540000704]]],[[[116.11202981080004,0.21815543540000704],[116.43143421400003,0.21815543540000704],[116.43143421400003,0.29800653620000706],[116.11202981080004,0.29800653620000706],[116.11202981080004,0.21815543540000704]]],[[[116.51128531480003,0.21815543540000704],[117.15009412120003,0.21815543540000704],[117.15009412120003,0.29800653620000706],[116.51128531480003,0.29800653620000706],[116.51128531480003,0.21815543540000704]]],[[[117.38964742360004,0.21815543540000704],[117.54934962520004,0.21815543540000704],[117.54934962520004,0.29800653620000706],[117.38964742360004,0.29800653620000706],[117.38964742360004,0.21815543540000704]]],[[[127.69043942680003,0.21815543540000704],[127.77029052760004,0.21815543540000704],[127.77029052760004,0.29800653620000706],[127.69043942680003,0.29800653620000706],[127.69043942680003,0.21815543540000704]]],[[[127.85014162840004,0.21815543540000704],[127.92999272920004,0.21815543540000704],[127.92999272920004,0.29800653620000706],[127.85014162840004,0.29800653620000706],[127.85014162840004,0.21815543540000704]]],[[[98.62463873560003,0.13830433460000702],[98.86419203800003,0.13830433460000702],[98.86419203800003,0.21815543540000704],[98.62463873560003,0.21815543540000704],[98.62463873560003,0.13830433460000702]]],[[[99.18359644120004,0.13830433460000702],[99.82240524760003,0.13830433460000702],[99.82240524760003,0.21815543540000704],[99.18359644120004,0.21815543540000704],[99.18359644120004,0.13830433460000702]]],[[[100.14180965080004,0.13830433460000702],[100.22166075160004,0.13830433460000702],[100.22166075160004,0.21815543540000704],[100.14180965080004,0.21815543540000704],[100.14180965080004,0.13830433460000702]]],[[[100.54106515480004,0.13830433460000702],[100.62091625560004,0.13830433460000702],[100.62091625560004,0.21815543540000704],[100.54106515480004,0.21815543540000704],[100.54106515480004,0.13830433460000702]]],[[[100.78061845720003,0.13830433460000702],[100.86046955800003,0.13830433460000702],[100.86046955800003,0.21815543540000704],[100.78061845720003,0.21815543540000704],[100.78061845720003,0.13830433460000702]]],[[[101.02017175960003,0.13830433460000702],[101.73883166680004,0.13830433460000702],[101.73883166680004,0.21815543540000704],[101.02017175960003,0.21815543540000704],[101.02017175960003,0.13830433460000702]]],[[[101.81868276760004,0.13830433460000702],[101.97838496920004,0.13830433460000702],[101.97838496920004,0.21815543540000704],[101.81868276760004,0.21815543540000704],[101.81868276760004,0.13830433460000702]]],[[[102.13808717080003,0.13830433460000702],[103.81496028760003,0.13830433460000702],[103.81496028760003,0.21815543540000704],[102.13808717080003,0.21815543540000704],[102.13808717080003,0.13830433460000702]]],[[[104.29406689240004,0.13830433460000702],[104.37391799320004,0.13830433460000702],[104.37391799320004,0.21815543540000704],[104.29406689240004,0.21815543540000704],[104.29406689240004,0.13830433460000702]]],[[[104.53362019480004,0.13830433460000702],[104.61347129560004,0.13830433460000702],[104.61347129560004,0.21815543540000704],[104.53362019480004,0.21815543540000704],[104.53362019480004,0.13830433460000702]]],[[[109.08513294040003,0.13830433460000702],[109.96349504920003,0.13830433460000702],[109.96349504920003,0.21815543540000704],[109.08513294040003,0.21815543540000704],[109.08513294040003,0.13830433460000702]]],[[[110.28289945240003,0.13830433460000702],[110.36275055320003,0.13830433460000702],[110.36275055320003,0.21815543540000704],[110.28289945240003,0.21815543540000704],[110.28289945240003,0.13830433460000702]]],[[[110.92170825880004,0.13830433460000702],[111.00155935960004,0.13830433460000702],[111.00155935960004,0.21815543540000704],[110.92170825880004,0.21815543540000704],[110.92170825880004,0.13830433460000702]]],[[[111.08141046040004,0.13830433460000702],[111.72021926680003,0.13830433460000702],[111.72021926680003,0.21815543540000704],[111.08141046040004,0.21815543540000704],[111.08141046040004,0.13830433460000702]]],[[[114.83441219800004,0.13830433460000702],[114.99411439960004,0.13830433460000702],[114.99411439960004,0.21815543540000704],[114.83441219800004,0.21815543540000704],[114.83441219800004,0.13830433460000702]]],[[[115.47322100440003,0.13830433460000702],[115.55307210520003,0.13830433460000702],[115.55307210520003,0.21815543540000704],[115.47322100440003,0.21815543540000704],[115.47322100440003,0.13830433460000702]]],[[[116.19188091160004,0.13830433460000702],[117.07024302040003,0.13830433460000702],[117.07024302040003,0.21815543540000704],[116.19188091160004,0.21815543540000704],[116.19188091160004,0.13830433460000702]]],[[[117.38964742360004,0.13830433460000702],[117.54934962520004,0.13830433460000702],[117.54934962520004,0.21815543540000704],[117.38964742360004,0.21815543540000704],[117.38964742360004,0.13830433460000702]]],[[[127.69043942680003,0.13830433460000702],[127.77029052760004,0.13830433460000702],[127.77029052760004,0.21815543540000704],[127.69043942680003,0.21815543540000704],[127.69043942680003,0.13830433460000702]]],[[[127.85014162840004,0.13830433460000702],[127.92999272920004,0.13830433460000702],[127.92999272920004,0.21815543540000704],[127.85014162840004,0.21815543540000704],[127.85014162840004,0.13830433460000702]]],[[[98.78434093720003,0.058453233800007],[98.86419203800003,0.058453233800007],[98.86419203800003,0.13830433460000702],[98.78434093720003,0.13830433460000702],[98.78434093720003,0.058453233800007]]],[[[99.42314974360004,0.058453233800007],[99.82240524760003,0.058453233800007],[99.82240524760003,0.13830433460000702],[99.42314974360004,0.13830433460000702],[99.42314974360004,0.058453233800007]]],[[[100.14180965080004,0.058453233800007],[100.22166075160004,0.058453233800007],[100.22166075160004,0.13830433460000702],[100.14180965080004,0.13830433460000702],[100.14180965080004,0.058453233800007]]],[[[100.62091625560004,0.058453233800007],[100.78061845720003,0.058453233800007],[100.78061845720003,0.13830433460000702],[100.62091625560004,0.13830433460000702],[100.62091625560004,0.058453233800007]]],[[[100.94032065880003,0.058453233800007],[101.02017175960003,0.058453233800007],[101.02017175960003,0.13830433460000702],[100.94032065880003,0.13830433460000702],[100.94032065880003,0.058453233800007]]],[[[101.10002286040003,0.058453233800007],[101.33957616280003,0.058453233800007],[101.33957616280003,0.13830433460000702],[101.10002286040003,0.13830433460000702],[101.10002286040003,0.058453233800007]]],[[[101.41942726360003,0.058453233800007],[101.57912946520004,0.058453233800007],[101.57912946520004,0.13830433460000702],[101.41942726360003,0.13830433460000702],[101.41942726360003,0.058453233800007]]],[[[101.73883166680004,0.058453233800007],[101.97838496920004,0.058453233800007],[101.97838496920004,0.13830433460000702],[101.73883166680004,0.13830433460000702],[101.73883166680004,0.058453233800007]]],[[[102.21793827160003,0.058453233800007],[103.81496028760003,0.058453233800007],[103.81496028760003,0.13830433460000702],[102.21793827160003,0.13830433460000702],[102.21793827160003,0.058453233800007]]],[[[104.45376909400004,0.058453233800007],[104.69332239640003,0.058453233800007],[104.69332239640003,0.13830433460000702],[104.45376909400004,0.13830433460000702],[104.45376909400004,0.058453233800007]]],[[[109.08513294040003,0.058453233800007],[110.04334615000003,0.058453233800007],[110.04334615000003,0.13830433460000702],[109.08513294040003,0.13830433460000702],[109.08513294040003,0.058453233800007]]],[[[110.12319725080003,0.058453233800007],[110.28289945240003,0.058453233800007],[110.28289945240003,0.13830433460000702],[110.12319725080003,0.13830433460000702],[110.12319725080003,0.058453233800007]]],[[[110.92170825880004,0.058453233800007],[111.24111266200003,0.058453233800007],[111.24111266200003,0.13830433460000702],[110.92170825880004,0.13830433460000702],[110.92170825880004,0.058453233800007]]],[[[111.32096376280003,0.058453233800007],[111.72021926680003,0.058453233800007],[111.72021926680003,0.13830433460000702],[111.32096376280003,0.13830433460000702],[111.32096376280003,0.058453233800007]]],[[[115.47322100440003,0.058453233800007],[115.55307210520003,0.058453233800007],[115.55307210520003,0.13830433460000702],[115.47322100440003,0.13830433460000702],[115.47322100440003,0.058453233800007]]],[[[115.63292320600004,0.058453233800007],[115.71277430680004,0.058453233800007],[115.71277430680004,0.13830433460000702],[115.63292320600004,0.13830433460000702],[115.63292320600004,0.058453233800007]]],[[[116.27173201240004,0.058453233800007],[117.07024302040003,0.058453233800007],[117.07024302040003,0.13830433460000702],[116.27173201240004,0.13830433460000702],[116.27173201240004,0.058453233800007]]],[[[117.46949852440004,0.058453233800007],[117.54934962520004,0.058453233800007],[117.54934962520004,0.13830433460000702],[117.46949852440004,0.13830433460000702],[117.46949852440004,0.058453233800007]]],[[[127.69043942680003,0.058453233800007],[127.77029052760004,0.058453233800007],[127.77029052760004,0.13830433460000702],[127.69043942680003,0.13830433460000702],[127.69043942680003,0.058453233800007]]],[[[127.85014162840004,0.058453233800007],[127.92999272920004,0.058453233800007],[127.92999272920004,0.13830433460000702],[127.85014162840004,0.13830433460000702],[127.85014162840004,0.058453233800007]]],[[[98.30523433240003,-0.02139786699999302],[98.46493653400003,-0.02139786699999302],[98.46493653400003,0.058453233800007],[98.30523433240003,0.058453233800007],[98.30523433240003,-0.02139786699999302]]],[[[99.58285194520003,-0.02139786699999302],[99.82240524760003,-0.02139786699999302],[99.82240524760003,0.058453233800007],[99.58285194520003,0.058453233800007],[99.58285194520003,-0.02139786699999302]]],[[[100.94032065880003,-0.02139786699999302],[101.41942726360003,-0.02139786699999302],[101.41942726360003,0.058453233800007],[100.94032065880003,0.058453233800007],[100.94032065880003,-0.02139786699999302]]],[[[101.81868276760004,-0.02139786699999302],[103.81496028760003,-0.02139786699999302],[103.81496028760003,0.058453233800007],[101.81868276760004,0.058453233800007],[101.81868276760004,-0.02139786699999302]]],[[[104.45376909400004,-0.02139786699999302],[104.69332239640003,-0.02139786699999302],[104.69332239640003,0.058453233800007],[104.45376909400004,0.058453233800007],[104.45376909400004,-0.02139786699999302]]],[[[109.16498404120003,-0.02139786699999302],[110.20304835160003,-0.02139786699999302],[110.20304835160003,0.058453233800007],[109.16498404120003,0.058453233800007],[109.16498404120003,-0.02139786699999302]]],[[[110.52245275480004,-0.02139786699999302],[110.84185715800004,-0.02139786699999302],[110.84185715800004,0.058453233800007],[110.52245275480004,0.058453233800007],[110.52245275480004,-0.02139786699999302]]],[[[110.92170825880004,-0.02139786699999302],[111.00155935960004,-0.02139786699999302],[111.00155935960004,0.058453233800007],[110.92170825880004,0.058453233800007],[110.92170825880004,-0.02139786699999302]]],[[[111.08141046040004,-0.02139786699999302],[111.16126156120004,-0.02139786699999302],[111.16126156120004,0.058453233800007],[111.08141046040004,0.058453233800007],[111.08141046040004,-0.02139786699999302]]],[[[111.32096376280003,-0.02139786699999302],[111.40081486360003,-0.02139786699999302],[111.40081486360003,0.058453233800007],[111.32096376280003,0.058453233800007],[111.32096376280003,-0.02139786699999302]]],[[[111.56051706520003,-0.02139786699999302],[111.64036816600003,-0.02139786699999302],[111.64036816600003,0.058453233800007],[111.56051706520003,0.058453233800007],[111.56051706520003,-0.02139786699999302]]],[[[115.55307210520003,-0.02139786699999302],[115.79262540760004,-0.02139786699999302],[115.79262540760004,0.058453233800007],[115.55307210520003,0.058453233800007],[115.55307210520003,-0.02139786699999302]]],[[[116.11202981080004,-0.02139786699999302],[117.07024302040003,-0.02139786699999302],[117.07024302040003,0.058453233800007],[116.11202981080004,0.058453233800007],[116.11202981080004,-0.02139786699999302]]],[[[117.30979632280004,-0.02139786699999302],[117.54934962520004,-0.02139786699999302],[117.54934962520004,0.058453233800007],[117.30979632280004,0.058453233800007],[117.30979632280004,-0.02139786699999302]]],[[[127.77029052760004,-0.02139786699999302],[127.92999272920004,-0.02139786699999302],[127.92999272920004,0.058453233800007],[127.77029052760004,0.058453233800007],[127.77029052760004,-0.02139786699999302]]],[[[98.38508543320003,-0.10124896779999304],[98.54478763480003,-0.10124896779999304],[98.54478763480003,-0.02139786699999302],[98.38508543320003,-0.02139786699999302],[98.38508543320003,-0.10124896779999304]]],[[[99.66270304600003,-0.10124896779999304],[100.06195855000003,-0.10124896779999304],[100.06195855000003,-0.02139786699999302],[99.66270304600003,-0.02139786699999302],[99.66270304600003,-0.10124896779999304]]],[[[100.38136295320004,-0.10124896779999304],[100.62091625560004,-0.10124896779999304],[100.62091625560004,-0.02139786699999302],[100.38136295320004,-0.02139786699999302],[100.38136295320004,-0.10124896779999304]]],[[[101.02017175960003,-0.10124896779999304],[101.49927836440003,-0.10124896779999304],[101.49927836440003,-0.02139786699999302],[101.02017175960003,-0.02139786699999302],[101.02017175960003,-0.10124896779999304]]],[[[101.89853386840004,-0.10124896779999304],[103.73510918680003,-0.10124896779999304],[103.73510918680003,-0.02139786699999302],[101.89853386840004,-0.02139786699999302],[101.89853386840004,-0.10124896779999304]]],[[[104.45376909400004,-0.10124896779999304],[104.53362019480004,-0.10124896779999304],[104.53362019480004,-0.02139786699999302],[104.45376909400004,-0.02139786699999302],[104.45376909400004,-0.10124896779999304]]],[[[104.61347129560004,-0.10124896779999304],[104.69332239640003,-0.10124896779999304],[104.69332239640003,-0.02139786699999302],[104.61347129560004,-0.02139786699999302],[104.61347129560004,-0.10124896779999304]]],[[[109.08513294040003,-0.10124896779999304],[110.44260165400004,-0.10124896779999304],[110.44260165400004,-0.02139786699999302],[109.08513294040003,-0.02139786699999302],[109.08513294040003,-0.10124896779999304]]],[[[110.60230385560004,-0.10124896779999304],[110.76200605720004,-0.10124896779999304],[110.76200605720004,-0.02139786699999302],[110.60230385560004,-0.02139786699999302],[110.60230385560004,-0.10124896779999304]]],[[[110.92170825880004,-0.10124896779999304],[111.00155935960004,-0.10124896779999304],[111.00155935960004,-0.02139786699999302],[110.92170825880004,-0.02139786699999302],[110.92170825880004,-0.10124896779999304]]],[[[111.24111266200003,-0.10124896779999304],[111.40081486360003,-0.10124896779999304],[111.40081486360003,-0.02139786699999302],[111.24111266200003,-0.02139786699999302],[111.24111266200003,-0.10124896779999304]]],[[[111.48066596440003,-0.10124896779999304],[111.64036816600003,-0.10124896779999304],[111.64036816600003,-0.02139786699999302],[111.48066596440003,-0.02139786699999302],[111.48066596440003,-0.10124896779999304]]],[[[115.55307210520003,-0.10124896779999304],[115.87247650840004,-0.10124896779999304],[115.87247650840004,-0.02139786699999302],[115.55307210520003,-0.02139786699999302],[115.55307210520003,-0.10124896779999304]]],[[[116.03217871000004,-0.10124896779999304],[117.07024302040003,-0.10124896779999304],[117.07024302040003,-0.02139786699999302],[116.03217871000004,-0.02139786699999302],[116.03217871000004,-0.10124896779999304]]],[[[117.30979632280004,-0.10124896779999304],[117.54934962520004,-0.10124896779999304],[117.54934962520004,-0.02139786699999302],[117.30979632280004,-0.02139786699999302],[117.30979632280004,-0.10124896779999304]]],[[[119.62547824600003,-0.10124896779999304],[119.70532934680003,-0.10124896779999304],[119.70532934680003,-0.02139786699999302],[119.62547824600003,-0.02139786699999302],[119.62547824600003,-0.10124896779999304]]],[[[120.02473375000004,-0.10124896779999304],[120.10458485080004,-0.10124896779999304],[120.10458485080004,-0.02139786699999302],[120.02473375000004,-0.02139786699999302],[120.02473375000004,-0.10124896779999304]]],[[[127.77029052760004,-0.10124896779999304],[128.00984383000002,-0.10124896779999304],[128.00984383000002,-0.02139786699999302],[127.77029052760004,-0.02139786699999302],[127.77029052760004,-0.10124896779999304]]],[[[130.64493015640005,-0.10124896779999304],[130.72478125720005,-0.10124896779999304],[130.72478125720005,-0.02139786699999302],[130.64493015640005,-0.02139786699999302],[130.64493015640005,-0.10124896779999304]]],[[[130.88448345880005,-0.10124896779999304],[131.20388786200004,-0.10124896779999304],[131.20388786200004,-0.02139786699999302],[130.88448345880005,-0.02139786699999302],[130.88448345880005,-0.10124896779999304]]],[[[98.38508543320003,-0.18110006859999306],[98.54478763480003,-0.18110006859999306],[98.54478763480003,-0.10124896779999304],[98.38508543320003,-0.10124896779999304],[98.38508543320003,-0.18110006859999306]]],[[[99.74255414680003,-0.18110006859999306],[100.06195855000003,-0.18110006859999306],[100.06195855000003,-0.10124896779999304],[99.74255414680003,-0.10124896779999304],[99.74255414680003,-0.18110006859999306]]],[[[100.38136295320004,-0.18110006859999306],[100.78061845720003,-0.18110006859999306],[100.78061845720003,-0.10124896779999304],[100.38136295320004,-0.10124896779999304],[100.38136295320004,-0.18110006859999306]]],[[[101.02017175960003,-0.18110006859999306],[101.57912946520004,-0.18110006859999306],[101.57912946520004,-0.10124896779999304],[101.02017175960003,-0.10124896779999304],[101.02017175960003,-0.18110006859999306]]],[[[101.89853386840004,-0.18110006859999306],[103.65525808600003,-0.18110006859999306],[103.65525808600003,-0.10124896779999304],[101.89853386840004,-0.10124896779999304],[101.89853386840004,-0.18110006859999306]]],[[[104.45376909400004,-0.18110006859999306],[104.53362019480004,-0.18110006859999306],[104.53362019480004,-0.10124896779999304],[104.45376909400004,-0.10124896779999304],[104.45376909400004,-0.18110006859999306]]],[[[104.61347129560004,-0.18110006859999306],[104.69332239640003,-0.18110006859999306],[104.69332239640003,-0.10124896779999304],[104.61347129560004,-0.10124896779999304],[104.61347129560004,-0.18110006859999306]]],[[[109.08513294040003,-0.18110006859999306],[110.04334615000003,-0.18110006859999306],[110.04334615000003,-0.10124896779999304],[109.08513294040003,-0.10124896779999304],[109.08513294040003,-0.18110006859999306]]],[[[110.12319725080003,-0.18110006859999306],[110.28289945240003,-0.18110006859999306],[110.28289945240003,-0.10124896779999304],[110.12319725080003,-0.10124896779999304],[110.12319725080003,-0.18110006859999306]]],[[[110.36275055320003,-0.18110006859999306],[110.44260165400004,-0.18110006859999306],[110.44260165400004,-0.10124896779999304],[110.36275055320003,-0.10124896779999304],[110.36275055320003,-0.18110006859999306]]],[[[110.92170825880004,-0.18110006859999306],[111.00155935960004,-0.18110006859999306],[111.00155935960004,-0.10124896779999304],[110.92170825880004,-0.10124896779999304],[110.92170825880004,-0.18110006859999306]]],[[[111.32096376280003,-0.18110006859999306],[111.72021926680003,-0.18110006859999306],[111.72021926680003,-0.10124896779999304],[111.32096376280003,-0.10124896779999304],[111.32096376280003,-0.18110006859999306]]],[[[114.99411439960004,-0.18110006859999306],[115.07396550040004,-0.18110006859999306],[115.07396550040004,-0.10124896779999304],[114.99411439960004,-0.10124896779999304],[114.99411439960004,-0.18110006859999306]]],[[[115.63292320600004,-0.18110006859999306],[115.87247650840004,-0.18110006859999306],[115.87247650840004,-0.10124896779999304],[115.63292320600004,-0.10124896779999304],[115.63292320600004,-0.18110006859999306]]],[[[116.03217871000004,-0.18110006859999306],[117.07024302040003,-0.18110006859999306],[117.07024302040003,-0.10124896779999304],[116.03217871000004,-0.10124896779999304],[116.03217871000004,-0.18110006859999306]]],[[[117.38964742360004,-0.18110006859999306],[117.54934962520004,-0.18110006859999306],[117.54934962520004,-0.10124896779999304],[117.38964742360004,-0.10124896779999304],[117.38964742360004,-0.18110006859999306]]],[[[119.86503154840004,-0.18110006859999306],[119.94488264920004,-0.18110006859999306],[119.94488264920004,-0.10124896779999304],[119.86503154840004,-0.10124896779999304],[119.86503154840004,-0.18110006859999306]]],[[[127.69043942680003,-0.18110006859999306],[128.00984383000002,-0.18110006859999306],[128.00984383000002,-0.10124896779999304],[127.69043942680003,-0.10124896779999304],[127.69043942680003,-0.18110006859999306]]],[[[130.32552575320003,-0.18110006859999306],[130.48522795480005,-0.18110006859999306],[130.48522795480005,-0.10124896779999304],[130.32552575320003,-0.10124896779999304],[130.32552575320003,-0.18110006859999306]]],[[[130.56507905560005,-0.18110006859999306],[130.72478125720005,-0.18110006859999306],[130.72478125720005,-0.10124896779999304],[130.56507905560005,-0.10124896779999304],[130.56507905560005,-0.18110006859999306]]],[[[130.88448345880005,-0.18110006859999306],[131.04418566040005,-0.18110006859999306],[131.04418566040005,-0.10124896779999304],[130.88448345880005,-0.10124896779999304],[130.88448345880005,-0.18110006859999306]]],[[[131.12403676120005,-0.18110006859999306],[131.20388786200004,-0.18110006859999306],[131.20388786200004,-0.10124896779999304],[131.12403676120005,-0.10124896779999304],[131.12403676120005,-0.18110006859999306]]],[[[98.46493653400003,-0.2609511693999931],[98.62463873560003,-0.2609511693999931],[98.62463873560003,-0.18110006859999306],[98.46493653400003,-0.18110006859999306],[98.46493653400003,-0.2609511693999931]]],[[[99.74255414680003,-0.2609511693999931],[100.06195855000003,-0.2609511693999931],[100.06195855000003,-0.18110006859999306],[99.74255414680003,-0.18110006859999306],[99.74255414680003,-0.2609511693999931]]],[[[100.54106515480004,-0.2609511693999931],[100.78061845720003,-0.2609511693999931],[100.78061845720003,-0.18110006859999306],[100.54106515480004,-0.18110006859999306],[100.54106515480004,-0.2609511693999931]]],[[[101.10002286040003,-0.2609511693999931],[101.33957616280003,-0.2609511693999931],[101.33957616280003,-0.18110006859999306],[101.10002286040003,-0.18110006859999306],[101.10002286040003,-0.2609511693999931]]],[[[101.41942726360003,-0.2609511693999931],[101.57912946520004,-0.2609511693999931],[101.57912946520004,-0.18110006859999306],[101.41942726360003,-0.18110006859999306],[101.41942726360003,-0.2609511693999931]]],[[[101.89853386840004,-0.2609511693999931],[102.05823607000004,-0.2609511693999931],[102.05823607000004,-0.18110006859999306],[101.89853386840004,-0.18110006859999306],[101.89853386840004,-0.2609511693999931]]],[[[102.21793827160003,-0.2609511693999931],[103.73510918680003,-0.2609511693999931],[103.73510918680003,-0.18110006859999306],[102.21793827160003,-0.18110006859999306],[102.21793827160003,-0.2609511693999931]]],[[[104.53362019480004,-0.2609511693999931],[104.93287569880003,-0.2609511693999931],[104.93287569880003,-0.18110006859999306],[104.53362019480004,-0.18110006859999306],[104.53362019480004,-0.2609511693999931]]],[[[109.00528183960003,-0.2609511693999931],[110.12319725080003,-0.2609511693999931],[110.12319725080003,-0.18110006859999306],[109.00528183960003,-0.18110006859999306],[109.00528183960003,-0.2609511693999931]]],[[[111.56051706520003,-0.2609511693999931],[111.72021926680003,-0.2609511693999931],[111.72021926680003,-0.18110006859999306],[111.56051706520003,-0.18110006859999306],[111.56051706520003,-0.2609511693999931]]],[[[115.39336990360003,-0.2609511693999931],[115.47322100440003,-0.2609511693999931],[115.47322100440003,-0.18110006859999306],[115.39336990360003,-0.18110006859999306],[115.39336990360003,-0.2609511693999931]]],[[[115.71277430680004,-0.2609511693999931],[117.15009412120003,-0.2609511693999931],[117.15009412120003,-0.18110006859999306],[115.71277430680004,-0.18110006859999306],[115.71277430680004,-0.2609511693999931]]],[[[117.22994522200004,-0.2609511693999931],[117.46949852440004,-0.2609511693999931],[117.46949852440004,-0.18110006859999306],[117.22994522200004,-0.18110006859999306],[117.22994522200004,-0.2609511693999931]]],[[[119.78518044760003,-0.2609511693999931],[119.94488264920004,-0.2609511693999931],[119.94488264920004,-0.18110006859999306],[119.78518044760003,-0.18110006859999306],[119.78518044760003,-0.2609511693999931]]],[[[127.85014162840004,-0.2609511693999931],[128.00984383000002,-0.2609511693999931],[128.00984383000002,-0.18110006859999306],[127.85014162840004,-0.18110006859999306],[127.85014162840004,-0.2609511693999931]]],[[[130.56507905560005,-0.2609511693999931],[130.88448345880005,-0.2609511693999931],[130.88448345880005,-0.18110006859999306],[130.56507905560005,-0.18110006859999306],[130.56507905560005,-0.2609511693999931]]],[[[131.20388786200004,-0.2609511693999931],[131.36359006360004,-0.2609511693999931],[131.36359006360004,-0.18110006859999306],[131.20388786200004,-0.18110006859999306],[131.20388786200004,-0.2609511693999931]]],[[[98.54478763480003,-0.3408022701999931],[98.62463873560003,-0.3408022701999931],[98.62463873560003,-0.2609511693999931],[98.54478763480003,-0.2609511693999931],[98.54478763480003,-0.3408022701999931]]],[[[99.74255414680003,-0.3408022701999931],[100.06195855000003,-0.3408022701999931],[100.06195855000003,-0.2609511693999931],[99.74255414680003,-0.2609511693999931],[99.74255414680003,-0.3408022701999931]]],[[[100.70076735640004,-0.3408022701999931],[100.78061845720003,-0.3408022701999931],[100.78061845720003,-0.2609511693999931],[100.70076735640004,-0.2609511693999931],[100.70076735640004,-0.3408022701999931]]],[[[101.17987396120003,-0.3408022701999931],[101.57912946520004,-0.3408022701999931],[101.57912946520004,-0.2609511693999931],[101.17987396120003,-0.2609511693999931],[101.17987396120003,-0.3408022701999931]]],[[[101.97838496920004,-0.3408022701999931],[102.05823607000004,-0.3408022701999931],[102.05823607000004,-0.2609511693999931],[101.97838496920004,-0.2609511693999931],[101.97838496920004,-0.3408022701999931]]],[[[102.29778937240003,-0.3408022701999931],[103.81496028760003,-0.3408022701999931],[103.81496028760003,-0.2609511693999931],[102.29778937240003,-0.2609511693999931],[102.29778937240003,-0.3408022701999931]]],[[[104.21421579160004,-0.3408022701999931],[104.29406689240004,-0.3408022701999931],[104.29406689240004,-0.2609511693999931],[104.21421579160004,-0.2609511693999931],[104.21421579160004,-0.3408022701999931]]],[[[104.77317349720003,-0.3408022701999931],[105.01272679960003,-0.3408022701999931],[105.01272679960003,-0.2609511693999931],[104.77317349720003,-0.2609511693999931],[104.77317349720003,-0.3408022701999931]]],[[[109.00528183960003,-0.3408022701999931],[110.12319725080003,-0.3408022701999931],[110.12319725080003,-0.2609511693999931],[109.00528183960003,-0.2609511693999931],[109.00528183960003,-0.3408022701999931]]],[[[111.56051706520003,-0.3408022701999931],[111.80007036760003,-0.3408022701999931],[111.80007036760003,-0.2609511693999931],[111.56051706520003,-0.2609511693999931],[111.56051706520003,-0.3408022701999931]]],[[[115.39336990360003,-0.3408022701999931],[115.55307210520003,-0.3408022701999931],[115.55307210520003,-0.2609511693999931],[115.39336990360003,-0.2609511693999931],[115.39336990360003,-0.3408022701999931]]],[[[115.79262540760004,-0.3408022701999931],[117.15009412120003,-0.3408022701999931],[117.15009412120003,-0.2609511693999931],[115.79262540760004,-0.2609511693999931],[115.79262540760004,-0.3408022701999931]]],[[[117.30979632280004,-0.3408022701999931],[117.54934962520004,-0.3408022701999931],[117.54934962520004,-0.2609511693999931],[117.30979632280004,-0.2609511693999931],[117.30979632280004,-0.3408022701999931]]],[[[122.10086237080003,-0.3408022701999931],[122.18071347160003,-0.3408022701999931],[122.18071347160003,-0.2609511693999931],[122.10086237080003,-0.2609511693999931],[122.10086237080003,-0.3408022701999931]]],[[[127.85014162840004,-0.3408022701999931],[128.08969493080002,-0.3408022701999931],[128.08969493080002,-0.2609511693999931],[127.85014162840004,-0.2609511693999931],[127.85014162840004,-0.3408022701999931]]],[[[130.56507905560005,-0.3408022701999931],[130.88448345880005,-0.3408022701999931],[130.88448345880005,-0.2609511693999931],[130.56507905560005,-0.2609511693999931],[130.56507905560005,-0.3408022701999931]]],[[[131.04418566040005,-0.3408022701999931],[131.20388786200004,-0.3408022701999931],[131.20388786200004,-0.2609511693999931],[131.04418566040005,-0.2609511693999931],[131.04418566040005,-0.3408022701999931]]],[[[131.28373896280004,-0.3408022701999931],[131.36359006360004,-0.3408022701999931],[131.36359006360004,-0.2609511693999931],[131.28373896280004,-0.2609511693999931],[131.28373896280004,-0.3408022701999931]]],[[[99.82240524760003,-0.4206533709999922],[100.06195855000003,-0.4206533709999922],[100.06195855000003,-0.3408022701999931],[99.82240524760003,-0.3408022701999931],[99.82240524760003,-0.4206533709999922]]],[[[100.86046955800003,-0.4206533709999922],[100.94032065880003,-0.4206533709999922],[100.94032065880003,-0.3408022701999931],[100.86046955800003,-0.3408022701999931],[100.86046955800003,-0.4206533709999922]]],[[[101.25972506200003,-0.4206533709999922],[101.41942726360003,-0.4206533709999922],[101.41942726360003,-0.3408022701999931],[101.25972506200003,-0.3408022701999931],[101.25972506200003,-0.4206533709999922]]],[[[101.49927836440003,-0.4206533709999922],[101.73883166680004,-0.4206533709999922],[101.73883166680004,-0.3408022701999931],[101.49927836440003,-0.3408022701999931],[101.49927836440003,-0.4206533709999922]]],[[[101.97838496920004,-0.4206533709999922],[102.05823607000004,-0.4206533709999922],[102.05823607000004,-0.3408022701999931],[101.97838496920004,-0.3408022701999931],[101.97838496920004,-0.4206533709999922]]],[[[102.13808717080003,-0.4206533709999922],[103.81496028760003,-0.4206533709999922],[103.81496028760003,-0.3408022701999931],[102.13808717080003,-0.3408022701999931],[102.13808717080003,-0.4206533709999922]]],[[[104.21421579160004,-0.4206533709999922],[104.53362019480004,-0.4206533709999922],[104.53362019480004,-0.3408022701999931],[104.21421579160004,-0.3408022701999931],[104.21421579160004,-0.4206533709999922]]],[[[109.08513294040003,-0.4206533709999922],[110.20304835160003,-0.4206533709999922],[110.20304835160003,-0.3408022701999931],[109.08513294040003,-0.3408022701999931],[109.08513294040003,-0.4206533709999922]]],[[[115.47322100440003,-0.4206533709999922],[115.63292320600004,-0.4206533709999922],[115.63292320600004,-0.3408022701999931],[115.47322100440003,-0.3408022701999931],[115.47322100440003,-0.4206533709999922]]],[[[115.79262540760004,-0.4206533709999922],[116.75083861720003,-0.4206533709999922],[116.75083861720003,-0.3408022701999931],[115.79262540760004,-0.3408022701999931],[115.79262540760004,-0.4206533709999922]]],[[[117.07024302040003,-0.4206533709999922],[117.15009412120003,-0.4206533709999922],[117.15009412120003,-0.3408022701999931],[117.07024302040003,-0.3408022701999931],[117.07024302040003,-0.4206533709999922]]],[[[117.38964742360004,-0.4206533709999922],[117.62920072600004,-0.4206533709999922],[117.62920072600004,-0.3408022701999931],[117.38964742360004,-0.3408022701999931],[117.38964742360004,-0.4206533709999922]]],[[[120.02473375000004,-0.4206533709999922],[120.10458485080004,-0.4206533709999922],[120.10458485080004,-0.3408022701999931],[120.02473375000004,-0.3408022701999931],[120.02473375000004,-0.4206533709999922]]],[[[122.02101127000003,-0.4206533709999922],[122.10086237080003,-0.4206533709999922],[122.10086237080003,-0.3408022701999931],[122.02101127000003,-0.3408022701999931],[122.02101127000003,-0.4206533709999922]]],[[[127.37103502360003,-0.4206533709999922],[127.45088612440003,-0.4206533709999922],[127.45088612440003,-0.3408022701999931],[127.37103502360003,-0.3408022701999931],[127.37103502360003,-0.4206533709999922]]],[[[127.92999272920004,-0.4206533709999922],[128.08969493080002,-0.4206533709999922],[128.08969493080002,-0.3408022701999931],[127.92999272920004,-0.3408022701999931],[127.92999272920004,-0.4206533709999922]]],[[[130.88448345880005,-0.4206533709999922],[130.96433455960005,-0.4206533709999922],[130.96433455960005,-0.3408022701999931],[130.88448345880005,-0.3408022701999931],[130.88448345880005,-0.4206533709999922]]],[[[132.16210107160003,-0.4206533709999922],[132.80090987800003,-0.4206533709999922],[132.80090987800003,-0.3408022701999931],[132.16210107160003,-0.3408022701999931],[132.16210107160003,-0.4206533709999922]]],[[[99.90225634840003,-0.5005044717999922],[100.30151185240004,-0.5005044717999922],[100.30151185240004,-0.4206533709999922],[99.90225634840003,-0.4206533709999922],[99.90225634840003,-0.5005044717999922]]],[[[100.86046955800003,-0.5005044717999922],[100.94032065880003,-0.5005044717999922],[100.94032065880003,-0.4206533709999922],[100.86046955800003,-0.4206533709999922],[100.86046955800003,-0.5005044717999922]]],[[[101.17987396120003,-0.5005044717999922],[101.25972506200003,-0.5005044717999922],[101.25972506200003,-0.4206533709999922],[101.17987396120003,-0.4206533709999922],[101.17987396120003,-0.5005044717999922]]],[[[101.33957616280003,-0.5005044717999922],[101.41942726360003,-0.5005044717999922],[101.41942726360003,-0.4206533709999922],[101.33957616280003,-0.4206533709999922],[101.33957616280003,-0.5005044717999922]]],[[[101.57912946520004,-0.5005044717999922],[101.89853386840004,-0.5005044717999922],[101.89853386840004,-0.4206533709999922],[101.57912946520004,-0.4206533709999922],[101.57912946520004,-0.5005044717999922]]],[[[102.05823607000004,-0.5005044717999922],[102.37764047320003,-0.5005044717999922],[102.37764047320003,-0.4206533709999922],[102.05823607000004,-0.4206533709999922],[102.05823607000004,-0.5005044717999922]]],[[[102.45749157400003,-0.5005044717999922],[103.65525808600003,-0.5005044717999922],[103.65525808600003,-0.4206533709999922],[102.45749157400003,-0.4206533709999922],[102.45749157400003,-0.5005044717999922]]],[[[104.21421579160004,-0.5005044717999922],[104.61347129560004,-0.5005044717999922],[104.61347129560004,-0.4206533709999922],[104.21421579160004,-0.4206533709999922],[104.21421579160004,-0.5005044717999922]]],[[[109.08513294040003,-0.5005044717999922],[110.20304835160003,-0.5005044717999922],[110.20304835160003,-0.4206533709999922],[109.08513294040003,-0.4206533709999922],[109.08513294040003,-0.5005044717999922]]],[[[115.55307210520003,-0.5005044717999922],[116.43143421400003,-0.5005044717999922],[116.43143421400003,-0.4206533709999922],[115.55307210520003,-0.4206533709999922],[115.55307210520003,-0.5005044717999922]]],[[[116.99039191960003,-0.5005044717999922],[117.22994522200004,-0.5005044717999922],[117.22994522200004,-0.4206533709999922],[116.99039191960003,-0.4206533709999922],[116.99039191960003,-0.5005044717999922]]],[[[117.38964742360004,-0.5005044717999922],[117.62920072600004,-0.5005044717999922],[117.62920072600004,-0.4206533709999922],[117.38964742360004,-0.4206533709999922],[117.38964742360004,-0.5005044717999922]]],[[[121.78145796760003,-0.5005044717999922],[121.94116016920003,-0.5005044717999922],[121.94116016920003,-0.4206533709999922],[121.78145796760003,-0.4206533709999922],[121.78145796760003,-0.5005044717999922]]],[[[122.50011787480004,-0.5005044717999922],[122.65982007640004,-0.5005044717999922],[122.65982007640004,-0.4206533709999922],[122.50011787480004,-0.4206533709999922],[122.50011787480004,-0.5005044717999922]]],[[[127.21133282200003,-0.5005044717999922],[127.37103502360003,-0.5005044717999922],[127.37103502360003,-0.4206533709999922],[127.21133282200003,-0.4206533709999922],[127.21133282200003,-0.5005044717999922]]],[[[127.45088612440003,-0.5005044717999922],[127.61058832600003,-0.5005044717999922],[127.61058832600003,-0.4206533709999922],[127.45088612440003,-0.4206533709999922],[127.45088612440003,-0.5005044717999922]]],[[[128.00984383000002,-0.5005044717999922],[128.08969493080002,-0.5005044717999922],[128.08969493080002,-0.4206533709999922],[128.00984383000002,-0.4206533709999922],[128.00984383000002,-0.5005044717999922]]],[[[130.48522795480005,-0.5005044717999922],[130.56507905560005,-0.5005044717999922],[130.56507905560005,-0.4206533709999922],[130.48522795480005,-0.4206533709999922],[130.48522795480005,-0.5005044717999922]]],[[[132.08224997080004,-0.5005044717999922],[132.48150547480003,-0.5005044717999922],[132.48150547480003,-0.4206533709999922],[132.08224997080004,-0.4206533709999922],[132.08224997080004,-0.5005044717999922]]],[[[132.72105877720003,-0.5005044717999922],[133.04046318040002,-0.5005044717999922],[133.04046318040002,-0.4206533709999922],[132.72105877720003,-0.4206533709999922],[132.72105877720003,-0.5005044717999922]]],[[[100.06195855000003,-0.5803555725999923],[100.22166075160004,-0.5803555725999923],[100.22166075160004,-0.5005044717999922],[100.06195855000003,-0.5005044717999922],[100.06195855000003,-0.5803555725999923]]],[[[101.49927836440003,-0.5803555725999923],[101.65898056600004,-0.5803555725999923],[101.65898056600004,-0.5005044717999922],[101.49927836440003,-0.5005044717999922],[101.49927836440003,-0.5803555725999923]]],[[[101.73883166680004,-0.5803555725999923],[103.57540698520003,-0.5803555725999923],[103.57540698520003,-0.5005044717999922],[101.73883166680004,-0.5005044717999922],[101.73883166680004,-0.5803555725999923]]],[[[104.29406689240004,-0.5803555725999923],[104.53362019480004,-0.5803555725999923],[104.53362019480004,-0.5005044717999922],[104.29406689240004,-0.5005044717999922],[104.29406689240004,-0.5803555725999923]]],[[[109.08513294040003,-0.5803555725999923],[110.12319725080003,-0.5803555725999923],[110.12319725080003,-0.5005044717999922],[109.08513294040003,-0.5005044717999922],[109.08513294040003,-0.5803555725999923]]],[[[114.59485889560003,-0.5803555725999923],[114.83441219800004,-0.5803555725999923],[114.83441219800004,-0.5005044717999922],[114.59485889560003,-0.5005044717999922],[114.59485889560003,-0.5803555725999923]]],[[[115.55307210520003,-0.5803555725999923],[115.63292320600004,-0.5803555725999923],[115.63292320600004,-0.5005044717999922],[115.55307210520003,-0.5005044717999922],[115.55307210520003,-0.5803555725999923]]],[[[115.71277430680004,-0.5803555725999923],[115.79262540760004,-0.5803555725999923],[115.79262540760004,-0.5005044717999922],[115.71277430680004,-0.5005044717999922],[115.71277430680004,-0.5803555725999923]]],[[[116.11202981080004,-0.5803555725999923],[116.43143421400003,-0.5803555725999923],[116.43143421400003,-0.5005044717999922],[116.11202981080004,-0.5005044717999922],[116.11202981080004,-0.5803555725999923]]],[[[116.91054081880003,-0.5803555725999923],[117.62920072600004,-0.5803555725999923],[117.62920072600004,-0.5005044717999922],[116.91054081880003,-0.5005044717999922],[116.91054081880003,-0.5803555725999923]]],[[[119.78518044760003,-0.5803555725999923],[119.86503154840004,-0.5803555725999923],[119.86503154840004,-0.5005044717999922],[119.78518044760003,-0.5005044717999922],[119.78518044760003,-0.5803555725999923]]],[[[121.78145796760003,-0.5803555725999923],[121.86130906840003,-0.5803555725999923],[121.86130906840003,-0.5005044717999922],[121.78145796760003,-0.5005044717999922],[121.78145796760003,-0.5803555725999923]]],[[[122.50011787480004,-0.5803555725999923],[122.65982007640004,-0.5803555725999923],[122.65982007640004,-0.5005044717999922],[122.50011787480004,-0.5005044717999922],[122.50011787480004,-0.5803555725999923]]],[[[122.97922447960003,-0.5803555725999923],[123.13892668120003,-0.5803555725999923],[123.13892668120003,-0.5005044717999922],[122.97922447960003,-0.5005044717999922],[122.97922447960003,-0.5803555725999923]]],[[[127.21133282200003,-0.5803555725999923],[127.29118392280003,-0.5803555725999923],[127.29118392280003,-0.5005044717999922],[127.21133282200003,-0.5005044717999922],[127.21133282200003,-0.5803555725999923]]],[[[127.45088612440003,-0.5803555725999923],[127.69043942680003,-0.5803555725999923],[127.69043942680003,-0.5005044717999922],[127.45088612440003,-0.5005044717999922],[127.45088612440003,-0.5803555725999923]]],[[[128.08969493080002,-0.5803555725999923],[128.16954603160002,-0.5803555725999923],[128.16954603160002,-0.5005044717999922],[128.08969493080002,-0.5005044717999922],[128.08969493080002,-0.5803555725999923]]],[[[132.16210107160003,-0.5803555725999923],[132.32180327320003,-0.5803555725999923],[132.32180327320003,-0.5005044717999922],[132.16210107160003,-0.5005044717999922],[132.16210107160003,-0.5803555725999923]]],[[[132.48150547480003,-0.5803555725999923],[132.56135657560003,-0.5803555725999923],[132.56135657560003,-0.5005044717999922],[132.48150547480003,-0.5005044717999922],[132.48150547480003,-0.5803555725999923]]],[[[132.64120767640003,-0.5803555725999923],[132.80090987800003,-0.5803555725999923],[132.80090987800003,-0.5005044717999922],[132.64120767640003,-0.5005044717999922],[132.64120767640003,-0.5803555725999923]]],[[[132.96061207960003,-0.5803555725999923],[133.20016538200002,-0.5803555725999923],[133.20016538200002,-0.5005044717999922],[132.96061207960003,-0.5005044717999922],[132.96061207960003,-0.5803555725999923]]],[[[100.06195855000003,-0.6602066733999923],[100.38136295320004,-0.6602066733999923],[100.38136295320004,-0.5803555725999923],[100.06195855000003,-0.5803555725999923],[100.06195855000003,-0.6602066733999923]]],[[[101.17987396120003,-0.6602066733999923],[101.25972506200003,-0.6602066733999923],[101.25972506200003,-0.5803555725999923],[101.17987396120003,-0.5803555725999923],[101.17987396120003,-0.6602066733999923]]],[[[101.33957616280003,-0.6602066733999923],[101.57912946520004,-0.6602066733999923],[101.57912946520004,-0.5803555725999923],[101.33957616280003,-0.5803555725999923],[101.33957616280003,-0.6602066733999923]]],[[[101.73883166680004,-0.6602066733999923],[101.89853386840004,-0.6602066733999923],[101.89853386840004,-0.5803555725999923],[101.73883166680004,-0.5803555725999923],[101.73883166680004,-0.6602066733999923]]],[[[102.21793827160003,-0.6602066733999923],[102.45749157400003,-0.6602066733999923],[102.45749157400003,-0.5803555725999923],[102.21793827160003,-0.5803555725999923],[102.21793827160003,-0.6602066733999923]]],[[[102.53734267480003,-0.6602066733999923],[103.41570478360003,-0.6602066733999923],[103.41570478360003,-0.5803555725999923],[102.53734267480003,-0.5803555725999923],[102.53734267480003,-0.6602066733999923]]],[[[104.29406689240004,-0.6602066733999923],[104.53362019480004,-0.6602066733999923],[104.53362019480004,-0.5803555725999923],[104.29406689240004,-0.5803555725999923],[104.29406689240004,-0.6602066733999923]]],[[[109.16498404120003,-0.6602066733999923],[110.28289945240003,-0.6602066733999923],[110.28289945240003,-0.5803555725999923],[109.16498404120003,-0.5803555725999923],[109.16498404120003,-0.6602066733999923]]],[[[114.51500779480003,-0.6602066733999923],[114.83441219800004,-0.6602066733999923],[114.83441219800004,-0.5803555725999923],[114.51500779480003,-0.5803555725999923],[114.51500779480003,-0.6602066733999923]]],[[[116.11202981080004,-0.6602066733999923],[116.43143421400003,-0.6602066733999923],[116.43143421400003,-0.5803555725999923],[116.11202981080004,-0.5803555725999923],[116.11202981080004,-0.6602066733999923]]],[[[116.83068971800003,-0.6602066733999923],[117.07024302040003,-0.6602066733999923],[117.07024302040003,-0.5803555725999923],[116.83068971800003,-0.5803555725999923],[116.83068971800003,-0.6602066733999923]]],[[[117.15009412120003,-0.6602066733999923],[117.62920072600004,-0.6602066733999923],[117.62920072600004,-0.5803555725999923],[117.15009412120003,-0.5803555725999923],[117.15009412120003,-0.6602066733999923]]],[[[119.78518044760003,-0.6602066733999923],[119.86503154840004,-0.6602066733999923],[119.86503154840004,-0.5803555725999923],[119.78518044760003,-0.5803555725999923],[119.78518044760003,-0.6602066733999923]]],[[[122.89937337880004,-0.6602066733999923],[123.05907558040003,-0.6602066733999923],[123.05907558040003,-0.5803555725999923],[122.89937337880004,-0.5803555725999923],[122.89937337880004,-0.6602066733999923]]],[[[123.13892668120003,-0.6602066733999923],[123.29862888280003,-0.6602066733999923],[123.29862888280003,-0.5803555725999923],[123.13892668120003,-0.5803555725999923],[123.13892668120003,-0.6602066733999923]]],[[[127.37103502360003,-0.6602066733999923],[127.61058832600003,-0.6602066733999923],[127.61058832600003,-0.5803555725999923],[127.37103502360003,-0.5803555725999923],[127.37103502360003,-0.6602066733999923]]],[[[128.08969493080002,-0.6602066733999923],[128.24939713240002,-0.6602066733999923],[128.24939713240002,-0.5803555725999923],[128.08969493080002,-0.5803555725999923],[128.08969493080002,-0.6602066733999923]]],[[[131.92254776920004,-0.6602066733999923],[132.00239887000004,-0.6602066733999923],[132.00239887000004,-0.5803555725999923],[131.92254776920004,-0.5803555725999923],[131.92254776920004,-0.6602066733999923]]],[[[133.12031428120002,-0.6602066733999923],[133.35986758360002,-0.6602066733999923],[133.35986758360002,-0.5803555725999923],[133.12031428120002,-0.5803555725999923],[133.12031428120002,-0.6602066733999923]]],[[[135.43599620440003,-0.6602066733999923],[135.51584730520003,-0.6602066733999923],[135.51584730520003,-0.5803555725999923],[135.43599620440003,-0.5803555725999923],[135.43599620440003,-0.6602066733999923]]],[[[100.14180965080004,-0.7400577741999923],[100.38136295320004,-0.7400577741999923],[100.38136295320004,-0.6602066733999923],[100.14180965080004,-0.6602066733999923],[100.14180965080004,-0.7400577741999923]]],[[[101.25972506200003,-0.7400577741999923],[101.41942726360003,-0.7400577741999923],[101.41942726360003,-0.6602066733999923],[101.25972506200003,-0.6602066733999923],[101.25972506200003,-0.7400577741999923]]],[[[101.73883166680004,-0.7400577741999923],[101.89853386840004,-0.7400577741999923],[101.89853386840004,-0.6602066733999923],[101.73883166680004,-0.6602066733999923],[101.73883166680004,-0.7400577741999923]]],[[[102.45749157400003,-0.7400577741999923],[103.41570478360003,-0.7400577741999923],[103.41570478360003,-0.6602066733999923],[102.45749157400003,-0.6602066733999923],[102.45749157400003,-0.7400577741999923]]],[[[109.24483514200003,-0.7400577741999923],[110.28289945240003,-0.7400577741999923],[110.28289945240003,-0.6602066733999923],[109.24483514200003,-0.6602066733999923],[109.24483514200003,-0.7400577741999923]]],[[[114.27545449240003,-0.7400577741999923],[114.67470999640004,-0.7400577741999923],[114.67470999640004,-0.6602066733999923],[114.27545449240003,-0.6602066733999923],[114.27545449240003,-0.7400577741999923]]],[[[117.15009412120003,-0.7400577741999923],[117.62920072600004,-0.7400577741999923],[117.62920072600004,-0.6602066733999923],[117.15009412120003,-0.6602066733999923],[117.15009412120003,-0.7400577741999923]]],[[[122.73967117720004,-0.7400577741999923],[122.81952227800004,-0.7400577741999923],[122.81952227800004,-0.6602066733999923],[122.73967117720004,-0.6602066733999923],[122.73967117720004,-0.7400577741999923]]],[[[123.37847998360004,-0.7400577741999923],[123.45833108440004,-0.7400577741999923],[123.45833108440004,-0.6602066733999923],[123.37847998360004,-0.6602066733999923],[123.37847998360004,-0.7400577741999923]]],[[[127.45088612440003,-0.7400577741999923],[127.53073722520003,-0.7400577741999923],[127.53073722520003,-0.6602066733999923],[127.45088612440003,-0.6602066733999923],[127.45088612440003,-0.7400577741999923]]],[[[127.61058832600003,-0.7400577741999923],[127.69043942680003,-0.7400577741999923],[127.69043942680003,-0.6602066733999923],[127.61058832600003,-0.6602066733999923],[127.61058832600003,-0.7400577741999923]]],[[[131.84269666840004,-0.7400577741999923],[132.24195217240003,-0.7400577741999923],[132.24195217240003,-0.6602066733999923],[131.84269666840004,-0.6602066733999923],[131.84269666840004,-0.7400577741999923]]],[[[133.20016538200002,-0.7400577741999923],[133.75912308760005,-0.7400577741999923],[133.75912308760005,-0.6602066733999923],[133.20016538200002,-0.6602066733999923],[133.20016538200002,-0.7400577741999923]]],[[[135.43599620440003,-0.7400577741999923],[135.59569840600005,-0.7400577741999923],[135.59569840600005,-0.6602066733999923],[135.43599620440003,-0.6602066733999923],[135.43599620440003,-0.7400577741999923]]],[[[100.22166075160004,-0.8199088749999923],[100.38136295320004,-0.8199088749999923],[100.38136295320004,-0.7400577741999923],[100.22166075160004,-0.7400577741999923],[100.22166075160004,-0.8199088749999923]]],[[[102.37764047320003,-0.8199088749999923],[103.57540698520003,-0.8199088749999923],[103.57540698520003,-0.7400577741999923],[102.37764047320003,-0.7400577741999923],[102.37764047320003,-0.8199088749999923]]],[[[109.24483514200003,-0.8199088749999923],[110.20304835160003,-0.8199088749999923],[110.20304835160003,-0.7400577741999923],[109.24483514200003,-0.7400577741999923],[109.24483514200003,-0.8199088749999923]]],[[[114.35530559320003,-0.8199088749999923],[114.43515669400003,-0.8199088749999923],[114.43515669400003,-0.7400577741999923],[114.35530559320003,-0.7400577741999923],[114.35530559320003,-0.8199088749999923]]],[[[117.07024302040003,-0.8199088749999923],[117.62920072600004,-0.8199088749999923],[117.62920072600004,-0.7400577741999923],[117.07024302040003,-0.7400577741999923],[117.07024302040003,-0.8199088749999923]]],[[[119.62547824600003,-0.8199088749999923],[119.70532934680003,-0.8199088749999923],[119.70532934680003,-0.7400577741999923],[119.62547824600003,-0.7400577741999923],[119.62547824600003,-0.8199088749999923]]],[[[122.50011787480004,-0.8199088749999923],[122.65982007640004,-0.8199088749999923],[122.65982007640004,-0.7400577741999923],[122.50011787480004,-0.7400577741999923],[122.50011787480004,-0.8199088749999923]]],[[[123.05907558040003,-0.8199088749999923],[123.21877778200003,-0.8199088749999923],[123.21877778200003,-0.7400577741999923],[123.05907558040003,-0.7400577741999923],[123.05907558040003,-0.8199088749999923]]],[[[127.37103502360003,-0.8199088749999923],[127.45088612440003,-0.8199088749999923],[127.45088612440003,-0.7400577741999923],[127.37103502360003,-0.7400577741999923],[127.37103502360003,-0.8199088749999923]]],[[[130.72478125720005,-0.8199088749999923],[130.80463235800005,-0.8199088749999923],[130.80463235800005,-0.7400577741999923],[130.72478125720005,-0.7400577741999923],[130.72478125720005,-0.8199088749999923]]],[[[131.36359006360004,-0.8199088749999923],[131.52329226520004,-0.8199088749999923],[131.52329226520004,-0.7400577741999923],[131.36359006360004,-0.7400577741999923],[131.36359006360004,-0.8199088749999923]]],[[[131.76284556760004,-0.8199088749999923],[131.92254776920004,-0.8199088749999923],[131.92254776920004,-0.7400577741999923],[131.76284556760004,-0.7400577741999923],[131.76284556760004,-0.8199088749999923]]],[[[132.00239887000004,-0.8199088749999923],[132.08224997080004,-0.8199088749999923],[132.08224997080004,-0.7400577741999923],[132.00239887000004,-0.7400577741999923],[132.00239887000004,-0.8199088749999923]]],[[[132.16210107160003,-0.8199088749999923],[132.24195217240003,-0.8199088749999923],[132.24195217240003,-0.7400577741999923],[132.16210107160003,-0.7400577741999923],[132.16210107160003,-0.8199088749999923]]],[[[132.32180327320003,-0.8199088749999923],[132.48150547480003,-0.8199088749999923],[132.48150547480003,-0.7400577741999923],[132.32180327320003,-0.7400577741999923],[132.32180327320003,-0.8199088749999923]]],[[[133.04046318040002,-0.8199088749999923],[133.12031428120002,-0.8199088749999923],[133.12031428120002,-0.7400577741999923],[133.04046318040002,-0.7400577741999923],[133.04046318040002,-0.8199088749999923]]],[[[133.35986758360002,-0.8199088749999923],[134.07852749080004,-0.8199088749999923],[134.07852749080004,-0.7400577741999923],[133.35986758360002,-0.7400577741999923],[133.35986758360002,-0.8199088749999923]]],[[[135.43599620440003,-0.8199088749999923],[135.75540060760005,-0.8199088749999923],[135.75540060760005,-0.7400577741999923],[135.43599620440003,-0.7400577741999923],[135.43599620440003,-0.8199088749999923]]],[[[100.30151185240004,-0.8997599757999923],[100.46121405400004,-0.8997599757999923],[100.46121405400004,-0.8199088749999923],[100.30151185240004,-0.8199088749999923],[100.30151185240004,-0.8997599757999923]]],[[[101.25972506200003,-0.8997599757999923],[101.49927836440003,-0.8997599757999923],[101.49927836440003,-0.8199088749999923],[101.25972506200003,-0.8199088749999923],[101.25972506200003,-0.8997599757999923]]],[[[102.61719377560003,-0.8997599757999923],[103.65525808600003,-0.8997599757999923],[103.65525808600003,-0.8199088749999923],[102.61719377560003,-0.8199088749999923],[102.61719377560003,-0.8997599757999923]]],[[[109.24483514200003,-0.8997599757999923],[110.20304835160003,-0.8997599757999923],[110.20304835160003,-0.8199088749999923],[109.24483514200003,-0.8199088749999923],[109.24483514200003,-0.8997599757999923]]],[[[116.75083861720003,-0.8997599757999923],[116.83068971800003,-0.8997599757999923],[116.83068971800003,-0.8199088749999923],[116.75083861720003,-0.8199088749999923],[116.75083861720003,-0.8997599757999923]]],[[[116.99039191960003,-0.8997599757999923],[117.54934962520004,-0.8997599757999923],[117.54934962520004,-0.8199088749999923],[116.99039191960003,-0.8199088749999923],[116.99039191960003,-0.8997599757999923]]],[[[119.54562714520003,-0.8997599757999923],[119.62547824600003,-0.8997599757999923],[119.62547824600003,-0.8199088749999923],[119.54562714520003,-0.8199088749999923],[119.54562714520003,-0.8997599757999923]]],[[[119.78518044760003,-0.8997599757999923],[119.86503154840004,-0.8997599757999923],[119.86503154840004,-0.8199088749999923],[119.78518044760003,-0.8199088749999923],[119.78518044760003,-0.8997599757999923]]],[[[120.18443595160004,-0.8997599757999923],[120.26428705240004,-0.8997599757999923],[120.26428705240004,-0.8199088749999923],[120.18443595160004,-0.8199088749999923],[120.18443595160004,-0.8997599757999923]]],[[[122.97922447960003,-0.8997599757999923],[123.21877778200003,-0.8997599757999923],[123.21877778200003,-0.8199088749999923],[122.97922447960003,-0.8199088749999923],[122.97922447960003,-0.8997599757999923]]],[[[123.29862888280003,-0.8997599757999923],[123.45833108440004,-0.8997599757999923],[123.45833108440004,-0.8199088749999923],[123.29862888280003,-0.8199088749999923],[123.29862888280003,-0.8997599757999923]]],[[[130.48522795480005,-0.8997599757999923],[130.56507905560005,-0.8997599757999923],[130.56507905560005,-0.8199088749999923],[130.48522795480005,-0.8199088749999923],[130.48522795480005,-0.8997599757999923]]],[[[130.64493015640005,-0.8997599757999923],[130.80463235800005,-0.8997599757999923],[130.80463235800005,-0.8199088749999923],[130.64493015640005,-0.8199088749999923],[130.64493015640005,-0.8997599757999923]]],[[[131.20388786200004,-0.8997599757999923],[131.36359006360004,-0.8997599757999923],[131.36359006360004,-0.8199088749999923],[131.20388786200004,-0.8199088749999923],[131.20388786200004,-0.8997599757999923]]],[[[133.04046318040002,-0.8997599757999923],[133.28001648280002,-0.8997599757999923],[133.28001648280002,-0.8199088749999923],[133.04046318040002,-0.8199088749999923],[133.04046318040002,-0.8997599757999923]]],[[[133.59942088600005,-0.8997599757999923],[133.67927198680005,-0.8997599757999923],[133.67927198680005,-0.8199088749999923],[133.59942088600005,-0.8199088749999923],[133.59942088600005,-0.8997599757999923]]],[[[133.75912308760005,-0.8997599757999923],[134.15837859160004,-0.8997599757999923],[134.15837859160004,-0.8199088749999923],[133.75912308760005,-0.8199088749999923],[133.75912308760005,-0.8997599757999923]]],[[[135.51584730520003,-0.8997599757999923],[135.67554950680005,-0.8997599757999923],[135.67554950680005,-0.8199088749999923],[135.51584730520003,-0.8199088749999923],[135.51584730520003,-0.8997599757999923]]],[[[135.75540060760005,-0.8997599757999923],[135.83525170840005,-0.8997599757999923],[135.83525170840005,-0.8199088749999923],[135.75540060760005,-0.8199088749999923],[135.75540060760005,-0.8997599757999923]]],[[[98.70448983640003,-0.9796110765999924],[98.94404313880004,-0.9796110765999924],[98.94404313880004,-0.8997599757999923],[98.70448983640003,-0.8997599757999923],[98.70448983640003,-0.9796110765999924]]],[[[100.30151185240004,-0.9796110765999924],[100.46121405400004,-0.9796110765999924],[100.46121405400004,-0.8997599757999923],[100.30151185240004,-0.8997599757999923],[100.30151185240004,-0.9796110765999924]]],[[[101.25972506200003,-0.9796110765999924],[101.33957616280003,-0.9796110765999924],[101.33957616280003,-0.8997599757999923],[101.25972506200003,-0.8997599757999923],[101.25972506200003,-0.9796110765999924]]],[[[101.41942726360003,-0.9796110765999924],[101.65898056600004,-0.9796110765999924],[101.65898056600004,-0.8997599757999923],[101.41942726360003,-0.8997599757999923],[101.41942726360003,-0.9796110765999924]]],[[[102.93659817880004,-0.9796110765999924],[103.73510918680003,-0.9796110765999924],[103.73510918680003,-0.8997599757999923],[102.93659817880004,-0.8997599757999923],[102.93659817880004,-0.9796110765999924]]],[[[109.32468624280003,-0.9796110765999924],[109.48438844440004,-0.9796110765999924],[109.48438844440004,-0.8997599757999923],[109.32468624280003,-0.8997599757999923],[109.32468624280003,-0.9796110765999924]]],[[[109.56423954520004,-0.9796110765999924],[110.20304835160003,-0.9796110765999924],[110.20304835160003,-0.8997599757999923],[109.56423954520004,-0.8997599757999923],[109.56423954520004,-0.9796110765999924]]],[[[114.91426329880004,-0.9796110765999924],[115.39336990360003,-0.9796110765999924],[115.39336990360003,-0.8997599757999923],[114.91426329880004,-0.8997599757999923],[114.91426329880004,-0.9796110765999924]]],[[[116.67098751640003,-0.9796110765999924],[116.83068971800003,-0.9796110765999924],[116.83068971800003,-0.8997599757999923],[116.67098751640003,-0.8997599757999923],[116.67098751640003,-0.9796110765999924]]],[[[116.99039191960003,-0.9796110765999924],[117.38964742360004,-0.9796110765999924],[117.38964742360004,-0.8997599757999923],[116.99039191960003,-0.8997599757999923],[116.99039191960003,-0.9796110765999924]]],[[[119.78518044760003,-0.9796110765999924],[119.94488264920004,-0.9796110765999924],[119.94488264920004,-0.8997599757999923],[119.78518044760003,-0.8997599757999923],[119.78518044760003,-0.9796110765999924]]],[[[120.18443595160004,-0.9796110765999924],[120.50384035480003,-0.9796110765999924],[120.50384035480003,-0.8997599757999923],[120.18443595160004,-0.8997599757999923],[120.18443595160004,-0.9796110765999924]]],[[[123.13892668120003,-0.9796110765999924],[123.21877778200003,-0.9796110765999924],[123.21877778200003,-0.8997599757999923],[123.13892668120003,-0.8997599757999923],[123.13892668120003,-0.9796110765999924]]],[[[130.56507905560005,-0.9796110765999924],[130.64493015640005,-0.9796110765999924],[130.64493015640005,-0.8997599757999923],[130.56507905560005,-0.8997599757999923],[130.56507905560005,-0.9796110765999924]]],[[[130.72478125720005,-0.9796110765999924],[130.96433455960005,-0.9796110765999924],[130.96433455960005,-0.8997599757999923],[130.72478125720005,-0.8997599757999923],[130.72478125720005,-0.9796110765999924]]],[[[131.04418566040005,-0.9796110765999924],[131.12403676120005,-0.9796110765999924],[131.12403676120005,-0.8997599757999923],[131.04418566040005,-0.8997599757999923],[131.04418566040005,-0.9796110765999924]]],[[[131.28373896280004,-0.9796110765999924],[131.36359006360004,-0.9796110765999924],[131.36359006360004,-0.8997599757999923],[131.28373896280004,-0.8997599757999923],[131.28373896280004,-0.9796110765999924]]],[[[132.08224997080004,-0.9796110765999924],[132.24195217240003,-0.9796110765999924],[132.24195217240003,-0.8997599757999923],[132.08224997080004,-0.8997599757999923],[132.08224997080004,-0.9796110765999924]]],[[[132.96061207960003,-0.9796110765999924],[133.20016538200002,-0.9796110765999924],[133.20016538200002,-0.8997599757999923],[132.96061207960003,-0.8997599757999923],[132.96061207960003,-0.9796110765999924]]],[[[133.75912308760005,-0.9796110765999924],[134.07852749080004,-0.9796110765999924],[134.07852749080004,-0.8997599757999923],[133.75912308760005,-0.8997599757999923],[133.75912308760005,-0.9796110765999924]]],[[[134.79718739800003,-0.9796110765999924],[134.87703849880003,-0.9796110765999924],[134.87703849880003,-0.8997599757999923],[134.79718739800003,-0.8997599757999923],[134.79718739800003,-0.9796110765999924]]],[[[98.70448983640003,-1.0594621773999933],[98.94404313880004,-1.0594621773999933],[98.94404313880004,-0.9796110765999924],[98.70448983640003,-0.9796110765999924],[98.70448983640003,-1.0594621773999933]]],[[[100.30151185240004,-1.0594621773999933],[100.46121405400004,-1.0594621773999933],[100.46121405400004,-0.9796110765999924],[100.30151185240004,-0.9796110765999924],[100.30151185240004,-1.0594621773999933]]],[[[101.49927836440003,-1.0594621773999933],[101.73883166680004,-1.0594621773999933],[101.73883166680004,-0.9796110765999924],[101.49927836440003,-0.9796110765999924],[101.49927836440003,-1.0594621773999933]]],[[[103.01644927960004,-1.0594621773999933],[104.45376909400004,-1.0594621773999933],[104.45376909400004,-0.9796110765999924],[103.01644927960004,-0.9796110765999924],[103.01644927960004,-1.0594621773999933]]],[[[109.40453734360004,-1.0594621773999933],[110.20304835160003,-1.0594621773999933],[110.20304835160003,-0.9796110765999924],[109.40453734360004,-0.9796110765999924],[109.40453734360004,-1.0594621773999933]]],[[[113.63664568600004,-1.0594621773999933],[113.87619898840003,-1.0594621773999933],[113.87619898840003,-0.9796110765999924],[113.63664568600004,-0.9796110765999924],[113.63664568600004,-1.0594621773999933]]],[[[114.83441219800004,-1.0594621773999933],[114.99411439960004,-1.0594621773999933],[114.99411439960004,-0.9796110765999924],[114.83441219800004,-0.9796110765999924],[114.83441219800004,-1.0594621773999933]]],[[[115.07396550040004,-1.0594621773999933],[115.47322100440003,-1.0594621773999933],[115.47322100440003,-0.9796110765999924],[115.07396550040004,-0.9796110765999924],[115.07396550040004,-1.0594621773999933]]],[[[116.67098751640003,-1.0594621773999933],[116.83068971800003,-1.0594621773999933],[116.83068971800003,-0.9796110765999924],[116.67098751640003,-0.9796110765999924],[116.67098751640003,-1.0594621773999933]]],[[[116.91054081880003,-1.0594621773999933],[117.15009412120003,-1.0594621773999933],[117.15009412120003,-0.9796110765999924],[116.91054081880003,-0.9796110765999924],[116.91054081880003,-1.0594621773999933]]],[[[119.78518044760003,-1.0594621773999933],[119.94488264920004,-1.0594621773999933],[119.94488264920004,-0.9796110765999924],[119.78518044760003,-0.9796110765999924],[119.78518044760003,-1.0594621773999933]]],[[[120.26428705240004,-1.0594621773999933],[120.58369145560003,-1.0594621773999933],[120.58369145560003,-0.9796110765999924],[120.26428705240004,-0.9796110765999924],[120.26428705240004,-1.0594621773999933]]],[[[121.78145796760003,-1.0594621773999933],[121.94116016920003,-1.0594621773999933],[121.94116016920003,-0.9796110765999924],[121.78145796760003,-0.9796110765999924],[121.78145796760003,-1.0594621773999933]]],[[[130.56507905560005,-1.0594621773999933],[131.36359006360004,-1.0594621773999933],[131.36359006360004,-0.9796110765999924],[130.56507905560005,-0.9796110765999924],[130.56507905560005,-1.0594621773999933]]],[[[132.08224997080004,-1.0594621773999933],[132.24195217240003,-1.0594621773999933],[132.24195217240003,-0.9796110765999924],[132.08224997080004,-0.9796110765999924],[132.08224997080004,-1.0594621773999933]]],[[[132.96061207960003,-1.0594621773999933],[133.12031428120002,-1.0594621773999933],[133.12031428120002,-0.9796110765999924],[132.96061207960003,-0.9796110765999924],[132.96061207960003,-1.0594621773999933]]],[[[133.99867639000004,-1.0594621773999933],[134.07852749080004,-1.0594621773999933],[134.07852749080004,-0.9796110765999924],[133.99867639000004,-0.9796110765999924],[133.99867639000004,-1.0594621773999933]]],[[[134.87703849880003,-1.0594621773999933],[135.03674070040003,-1.0594621773999933],[135.03674070040003,-0.9796110765999924],[134.87703849880003,-0.9796110765999924],[134.87703849880003,-1.0594621773999933]]],[[[98.62463873560003,-1.1393132781999924],[98.70448983640003,-1.1393132781999924],[98.70448983640003,-1.0594621773999933],[98.62463873560003,-1.0594621773999933],[98.62463873560003,-1.1393132781999924]]],[[[98.86419203800003,-1.1393132781999924],[99.02389423960004,-1.1393132781999924],[99.02389423960004,-1.0594621773999933],[98.86419203800003,-1.0594621773999933],[98.86419203800003,-1.1393132781999924]]],[[[100.38136295320004,-1.1393132781999924],[100.46121405400004,-1.1393132781999924],[100.46121405400004,-1.0594621773999933],[100.38136295320004,-1.0594621773999933],[100.38136295320004,-1.1393132781999924]]],[[[101.65898056600004,-1.1393132781999924],[102.13808717080003,-1.1393132781999924],[102.13808717080003,-1.0594621773999933],[101.65898056600004,-1.0594621773999933],[101.65898056600004,-1.1393132781999924]]],[[[103.01644927960004,-1.1393132781999924],[104.45376909400004,-1.1393132781999924],[104.45376909400004,-1.0594621773999933],[103.01644927960004,-1.0594621773999933],[103.01644927960004,-1.1393132781999924]]],[[[109.40453734360004,-1.1393132781999924],[110.20304835160003,-1.1393132781999924],[110.20304835160003,-1.0594621773999933],[109.40453734360004,-1.0594621773999933],[109.40453734360004,-1.1393132781999924]]],[[[110.68215495640004,-1.1393132781999924],[110.76200605720004,-1.1393132781999924],[110.76200605720004,-1.0594621773999933],[110.68215495640004,-1.0594621773999933],[110.68215495640004,-1.1393132781999924]]],[[[113.71649678680004,-1.1393132781999924],[113.95605008920003,-1.1393132781999924],[113.95605008920003,-1.0594621773999933],[113.71649678680004,-1.0594621773999933],[113.71649678680004,-1.1393132781999924]]],[[[114.51500779480003,-1.1393132781999924],[114.59485889560003,-1.1393132781999924],[114.59485889560003,-1.0594621773999933],[114.51500779480003,-1.0594621773999933],[114.51500779480003,-1.1393132781999924]]],[[[114.83441219800004,-1.1393132781999924],[114.99411439960004,-1.1393132781999924],[114.99411439960004,-1.0594621773999933],[114.83441219800004,-1.0594621773999933],[114.83441219800004,-1.1393132781999924]]],[[[115.31351880280003,-1.1393132781999924],[115.71277430680004,-1.1393132781999924],[115.71277430680004,-1.0594621773999933],[115.31351880280003,-1.0594621773999933],[115.31351880280003,-1.1393132781999924]]],[[[116.59113641560003,-1.1393132781999924],[116.83068971800003,-1.1393132781999924],[116.83068971800003,-1.0594621773999933],[116.59113641560003,-1.0594621773999933],[116.59113641560003,-1.1393132781999924]]],[[[116.99039191960003,-1.1393132781999924],[117.07024302040003,-1.1393132781999924],[117.07024302040003,-1.0594621773999933],[116.99039191960003,-1.0594621773999933],[116.99039191960003,-1.1393132781999924]]],[[[119.30607384280003,-1.1393132781999924],[119.46577604440003,-1.1393132781999924],[119.46577604440003,-1.0594621773999933],[119.30607384280003,-1.0594621773999933],[119.30607384280003,-1.1393132781999924]]],[[[119.86503154840004,-1.1393132781999924],[119.94488264920004,-1.1393132781999924],[119.94488264920004,-1.0594621773999933],[119.86503154840004,-1.0594621773999933],[119.86503154840004,-1.1393132781999924]]],[[[120.42398925400003,-1.1393132781999924],[120.58369145560003,-1.1393132781999924],[120.58369145560003,-1.0594621773999933],[120.42398925400003,-1.0594621773999933],[120.42398925400003,-1.1393132781999924]]],[[[121.46205356440004,-1.1393132781999924],[121.54190466520004,-1.1393132781999924],[121.54190466520004,-1.0594621773999933],[121.46205356440004,-1.0594621773999933],[121.46205356440004,-1.1393132781999924]]],[[[121.86130906840003,-1.1393132781999924],[121.94116016920003,-1.1393132781999924],[121.94116016920003,-1.0594621773999933],[121.86130906840003,-1.0594621773999933],[121.86130906840003,-1.1393132781999924]]],[[[130.64493015640005,-1.1393132781999924],[131.12403676120005,-1.1393132781999924],[131.12403676120005,-1.0594621773999933],[130.64493015640005,-1.0594621773999933],[130.64493015640005,-1.1393132781999924]]],[[[131.20388786200004,-1.1393132781999924],[131.36359006360004,-1.1393132781999924],[131.36359006360004,-1.0594621773999933],[131.20388786200004,-1.0594621773999933],[131.20388786200004,-1.1393132781999924]]],[[[131.44344116440004,-1.1393132781999924],[131.52329226520004,-1.1393132781999924],[131.52329226520004,-1.0594621773999933],[131.44344116440004,-1.0594621773999933],[131.44344116440004,-1.1393132781999924]]],[[[134.87703849880003,-1.1393132781999924],[135.03674070040003,-1.1393132781999924],[135.03674070040003,-1.0594621773999933],[134.87703849880003,-1.0594621773999933],[134.87703849880003,-1.1393132781999924]]],[[[98.54478763480003,-1.2191643789999933],[98.78434093720003,-1.2191643789999933],[98.78434093720003,-1.1393132781999924],[98.54478763480003,-1.1393132781999924],[98.54478763480003,-1.2191643789999933]]],[[[98.86419203800003,-1.2191643789999933],[99.02389423960004,-1.2191643789999933],[99.02389423960004,-1.1393132781999924],[98.86419203800003,-1.1393132781999924],[98.86419203800003,-1.2191643789999933]]],[[[100.38136295320004,-1.2191643789999933],[100.54106515480004,-1.2191643789999933],[100.54106515480004,-1.1393132781999924],[100.38136295320004,-1.1393132781999924],[100.38136295320004,-1.2191643789999933]]],[[[101.65898056600004,-1.2191643789999933],[101.81868276760004,-1.2191643789999933],[101.81868276760004,-1.1393132781999924],[101.65898056600004,-1.1393132781999924],[101.65898056600004,-1.2191643789999933]]],[[[101.89853386840004,-1.2191643789999933],[102.29778937240003,-1.2191643789999933],[102.29778937240003,-1.1393132781999924],[101.89853386840004,-1.1393132781999924],[101.89853386840004,-1.2191643789999933]]],[[[103.01644927960004,-1.2191643789999933],[104.45376909400004,-1.2191643789999933],[104.45376909400004,-1.1393132781999924],[103.01644927960004,-1.1393132781999924],[103.01644927960004,-1.2191643789999933]]],[[[109.40453734360004,-1.2191643789999933],[109.80379284760004,-1.2191643789999933],[109.80379284760004,-1.1393132781999924],[109.40453734360004,-1.1393132781999924],[109.40453734360004,-1.2191643789999933]]],[[[109.88364394840004,-1.2191643789999933],[110.20304835160003,-1.2191643789999933],[110.20304835160003,-1.1393132781999924],[109.88364394840004,-1.1393132781999924],[109.88364394840004,-1.2191643789999933]]],[[[113.79634788760004,-1.2191643789999933],[113.95605008920003,-1.2191643789999933],[113.95605008920003,-1.1393132781999924],[113.79634788760004,-1.1393132781999924],[113.79634788760004,-1.2191643789999933]]],[[[114.19560339160003,-1.2191643789999933],[114.35530559320003,-1.2191643789999933],[114.35530559320003,-1.1393132781999924],[114.19560339160003,-1.1393132781999924],[114.19560339160003,-1.2191643789999933]]],[[[114.51500779480003,-1.2191643789999933],[114.59485889560003,-1.2191643789999933],[114.59485889560003,-1.1393132781999924],[114.51500779480003,-1.1393132781999924],[114.51500779480003,-1.2191643789999933]]],[[[114.75456109720004,-1.2191643789999933],[114.91426329880004,-1.2191643789999933],[114.91426329880004,-1.1393132781999924],[114.75456109720004,-1.1393132781999924],[114.75456109720004,-1.2191643789999933]]],[[[115.55307210520003,-1.2191643789999933],[115.71277430680004,-1.2191643789999933],[115.71277430680004,-1.1393132781999924],[115.55307210520003,-1.1393132781999924],[115.55307210520003,-1.2191643789999933]]],[[[116.67098751640003,-1.2191643789999933],[116.75083861720003,-1.2191643789999933],[116.75083861720003,-1.1393132781999924],[116.67098751640003,-1.1393132781999924],[116.67098751640003,-1.2191643789999933]]],[[[116.91054081880003,-1.2191643789999933],[117.07024302040003,-1.2191643789999933],[117.07024302040003,-1.1393132781999924],[116.91054081880003,-1.1393132781999924],[116.91054081880003,-1.2191643789999933]]],[[[119.30607384280003,-1.2191643789999933],[119.62547824600003,-1.2191643789999933],[119.62547824600003,-1.1393132781999924],[119.30607384280003,-1.1393132781999924],[119.30607384280003,-1.2191643789999933]]],[[[120.10458485080004,-1.2191643789999933],[120.18443595160004,-1.2191643789999933],[120.18443595160004,-1.1393132781999924],[120.10458485080004,-1.1393132781999924],[120.10458485080004,-1.2191643789999933]]],[[[120.50384035480003,-1.2191643789999933],[120.66354255640003,-1.2191643789999933],[120.66354255640003,-1.1393132781999924],[120.50384035480003,-1.1393132781999924],[120.50384035480003,-1.2191643789999933]]],[[[121.46205356440004,-1.2191643789999933],[121.70160686680003,-1.2191643789999933],[121.70160686680003,-1.1393132781999924],[121.46205356440004,-1.1393132781999924],[121.46205356440004,-1.2191643789999933]]],[[[121.94116016920003,-1.2191643789999933],[122.02101127000003,-1.2191643789999933],[122.02101127000003,-1.1393132781999924],[121.94116016920003,-1.1393132781999924],[121.94116016920003,-1.2191643789999933]]],[[[122.42026677400004,-1.2191643789999933],[122.65982007640004,-1.2191643789999933],[122.65982007640004,-1.1393132781999924],[122.42026677400004,-1.1393132781999924],[122.42026677400004,-1.2191643789999933]]],[[[130.72478125720005,-1.2191643789999933],[131.04418566040005,-1.2191643789999933],[131.04418566040005,-1.1393132781999924],[130.72478125720005,-1.1393132781999924],[130.72478125720005,-1.2191643789999933]]],[[[131.12403676120005,-1.2191643789999933],[131.36359006360004,-1.2191643789999933],[131.36359006360004,-1.1393132781999924],[131.12403676120005,-1.1393132781999924],[131.12403676120005,-1.2191643789999933]]],[[[131.44344116440004,-1.2191643789999933],[131.68299446680004,-1.2191643789999933],[131.68299446680004,-1.1393132781999924],[131.44344116440004,-1.1393132781999924],[131.44344116440004,-1.2191643789999933]]],[[[134.07852749080004,-1.2191643789999933],[134.23822969240004,-1.2191643789999933],[134.23822969240004,-1.1393132781999924],[134.07852749080004,-1.1393132781999924],[134.07852749080004,-1.2191643789999933]]],[[[98.62463873560003,-1.2990154797999924],[98.78434093720003,-1.2990154797999924],[98.78434093720003,-1.2191643789999933],[98.62463873560003,-1.2191643789999933],[98.62463873560003,-1.2990154797999924]]],[[[99.02389423960004,-1.2990154797999924],[99.10374534040004,-1.2990154797999924],[99.10374534040004,-1.2191643789999933],[99.02389423960004,-1.2191643789999933],[99.02389423960004,-1.2990154797999924]]],[[[100.46121405400004,-1.2990154797999924],[100.70076735640004,-1.2990154797999924],[100.70076735640004,-1.2191643789999933],[100.46121405400004,-1.2191643789999933],[100.46121405400004,-1.2990154797999924]]],[[[101.65898056600004,-1.2990154797999924],[101.97838496920004,-1.2990154797999924],[101.97838496920004,-1.2191643789999933],[101.65898056600004,-1.2191643789999933],[101.65898056600004,-1.2990154797999924]]],[[[102.21793827160003,-1.2990154797999924],[102.37764047320003,-1.2990154797999924],[102.37764047320003,-1.2191643789999933],[102.21793827160003,-1.2191643789999933],[102.21793827160003,-1.2990154797999924]]],[[[103.49555588440003,-1.2990154797999924],[104.45376909400004,-1.2990154797999924],[104.45376909400004,-1.2191643789999933],[103.49555588440003,-1.2191643789999933],[103.49555588440003,-1.2990154797999924]]],[[[109.32468624280003,-1.2990154797999924],[109.64409064600004,-1.2990154797999924],[109.64409064600004,-1.2191643789999933],[109.32468624280003,-1.2191643789999933],[109.32468624280003,-1.2990154797999924]]],[[[109.88364394840004,-1.2990154797999924],[110.20304835160003,-1.2990154797999924],[110.20304835160003,-1.2191643789999933],[109.88364394840004,-1.2191643789999933],[109.88364394840004,-1.2990154797999924]]],[[[113.87619898840003,-1.2990154797999924],[113.95605008920003,-1.2990154797999924],[113.95605008920003,-1.2191643789999933],[113.87619898840003,-1.2191643789999933],[113.87619898840003,-1.2990154797999924]]],[[[114.19560339160003,-1.2990154797999924],[114.43515669400003,-1.2990154797999924],[114.43515669400003,-1.2191643789999933],[114.19560339160003,-1.2191643789999933],[114.19560339160003,-1.2990154797999924]]],[[[114.67470999640004,-1.2990154797999924],[115.15381660120003,-1.2990154797999924],[115.15381660120003,-1.2191643789999933],[114.67470999640004,-1.2191643789999933],[114.67470999640004,-1.2990154797999924]]],[[[116.67098751640003,-1.2990154797999924],[116.75083861720003,-1.2990154797999924],[116.75083861720003,-1.2191643789999933],[116.67098751640003,-1.2191643789999933],[116.67098751640003,-1.2990154797999924]]],[[[119.30607384280003,-1.2990154797999924],[119.62547824600003,-1.2990154797999924],[119.62547824600003,-1.2191643789999933],[119.30607384280003,-1.2191643789999933],[119.30607384280003,-1.2990154797999924]]],[[[120.02473375000004,-1.2990154797999924],[120.10458485080004,-1.2990154797999924],[120.10458485080004,-1.2191643789999933],[120.02473375000004,-1.2191643789999933],[120.02473375000004,-1.2990154797999924]]],[[[120.18443595160004,-1.2990154797999924],[120.34413815320003,-1.2990154797999924],[120.34413815320003,-1.2191643789999933],[120.18443595160004,-1.2191643789999933],[120.18443595160004,-1.2990154797999924]]],[[[120.50384035480003,-1.2990154797999924],[120.66354255640003,-1.2990154797999924],[120.66354255640003,-1.2191643789999933],[120.50384035480003,-1.2191643789999933],[120.50384035480003,-1.2990154797999924]]],[[[121.14264916120004,-1.2990154797999924],[121.22250026200004,-1.2990154797999924],[121.22250026200004,-1.2191643789999933],[121.14264916120004,-1.2191643789999933],[121.14264916120004,-1.2990154797999924]]],[[[121.62175576600004,-1.2990154797999924],[121.70160686680003,-1.2990154797999924],[121.70160686680003,-1.2191643789999933],[121.62175576600004,-1.2191643789999933],[121.62175576600004,-1.2990154797999924]]],[[[122.42026677400004,-1.2990154797999924],[122.57996897560004,-1.2990154797999924],[122.57996897560004,-1.2191643789999933],[122.42026677400004,-1.2191643789999933],[122.42026677400004,-1.2990154797999924]]],[[[130.72478125720005,-1.2990154797999924],[131.76284556760004,-1.2990154797999924],[131.76284556760004,-1.2191643789999933],[130.72478125720005,-1.2191643789999933],[130.72478125720005,-1.2990154797999924]]],[[[132.16210107160003,-1.2990154797999924],[132.32180327320003,-1.2990154797999924],[132.32180327320003,-1.2191643789999933],[132.16210107160003,-1.2191643789999933],[132.16210107160003,-1.2990154797999924]]],[[[133.83897418840004,-1.2990154797999924],[133.91882528920004,-1.2990154797999924],[133.91882528920004,-1.2191643789999933],[133.83897418840004,-1.2191643789999933],[133.83897418840004,-1.2990154797999924]]],[[[134.15837859160004,-1.2990154797999924],[134.31808079320004,-1.2990154797999924],[134.31808079320004,-1.2191643789999933],[134.15837859160004,-1.2191643789999933],[134.15837859160004,-1.2990154797999924]]],[[[98.78434093720003,-1.3788665805999933],[98.86419203800003,-1.3788665805999933],[98.86419203800003,-1.2990154797999924],[98.78434093720003,-1.2990154797999924],[98.78434093720003,-1.3788665805999933]]],[[[100.54106515480004,-1.3788665805999933],[100.62091625560004,-1.3788665805999933],[100.62091625560004,-1.2990154797999924],[100.54106515480004,-1.2990154797999924],[100.54106515480004,-1.3788665805999933]]],[[[101.65898056600004,-1.3788665805999933],[101.81868276760004,-1.3788665805999933],[101.81868276760004,-1.2990154797999924],[101.65898056600004,-1.2990154797999924],[101.65898056600004,-1.3788665805999933]]],[[[102.21793827160003,-1.3788665805999933],[102.45749157400003,-1.3788665805999933],[102.45749157400003,-1.2990154797999924],[102.21793827160003,-1.2990154797999924],[102.21793827160003,-1.3788665805999933]]],[[[103.49555588440003,-1.3788665805999933],[104.53362019480004,-1.3788665805999933],[104.53362019480004,-1.2990154797999924],[103.49555588440003,-1.2990154797999924],[103.49555588440003,-1.3788665805999933]]],[[[109.96349504920003,-1.3788665805999933],[110.20304835160003,-1.3788665805999933],[110.20304835160003,-1.2990154797999924],[109.96349504920003,-1.2990154797999924],[109.96349504920003,-1.3788665805999933]]],[[[112.75828357720003,-1.3788665805999933],[112.91798577880003,-1.3788665805999933],[112.91798577880003,-1.2990154797999924],[112.75828357720003,-1.2990154797999924],[112.75828357720003,-1.3788665805999933]]],[[[112.99783687960004,-1.3788665805999933],[113.15753908120004,-1.3788665805999933],[113.15753908120004,-1.2990154797999924],[112.99783687960004,-1.2990154797999924],[112.99783687960004,-1.3788665805999933]]],[[[113.47694348440004,-1.3788665805999933],[113.63664568600004,-1.3788665805999933],[113.63664568600004,-1.2990154797999924],[113.47694348440004,-1.2990154797999924],[113.47694348440004,-1.3788665805999933]]],[[[113.87619898840003,-1.3788665805999933],[113.95605008920003,-1.3788665805999933],[113.95605008920003,-1.2990154797999924],[113.87619898840003,-1.2990154797999924],[113.87619898840003,-1.3788665805999933]]],[[[114.27545449240003,-1.3788665805999933],[114.43515669400003,-1.3788665805999933],[114.43515669400003,-1.2990154797999924],[114.27545449240003,-1.2990154797999924],[114.27545449240003,-1.3788665805999933]]],[[[114.75456109720004,-1.3788665805999933],[114.99411439960004,-1.3788665805999933],[114.99411439960004,-1.2990154797999924],[114.75456109720004,-1.2990154797999924],[114.75456109720004,-1.3788665805999933]]],[[[116.19188091160004,-1.3788665805999933],[116.35158311320004,-1.3788665805999933],[116.35158311320004,-1.2990154797999924],[116.19188091160004,-1.2990154797999924],[116.19188091160004,-1.3788665805999933]]],[[[116.51128531480003,-1.3788665805999933],[116.75083861720003,-1.3788665805999933],[116.75083861720003,-1.2990154797999924],[116.51128531480003,-1.2990154797999924],[116.51128531480003,-1.3788665805999933]]],[[[119.30607384280003,-1.3788665805999933],[119.62547824600003,-1.3788665805999933],[119.62547824600003,-1.2990154797999924],[119.30607384280003,-1.2990154797999924],[119.30607384280003,-1.3788665805999933]]],[[[120.02473375000004,-1.3788665805999933],[120.18443595160004,-1.3788665805999933],[120.18443595160004,-1.2990154797999924],[120.02473375000004,-1.2990154797999924],[120.02473375000004,-1.3788665805999933]]],[[[120.74339365720003,-1.3788665805999933],[120.82324475800004,-1.3788665805999933],[120.82324475800004,-1.2990154797999924],[120.74339365720003,-1.2990154797999924],[120.74339365720003,-1.3788665805999933]]],[[[121.22250026200004,-1.3788665805999933],[121.30235136280004,-1.3788665805999933],[121.30235136280004,-1.2990154797999924],[121.22250026200004,-1.2990154797999924],[121.22250026200004,-1.3788665805999933]]],[[[121.78145796760003,-1.3788665805999933],[121.86130906840003,-1.3788665805999933],[121.86130906840003,-1.2990154797999924],[121.78145796760003,-1.2990154797999924],[121.78145796760003,-1.3788665805999933]]],[[[122.26056457240003,-1.3788665805999933],[122.57996897560004,-1.3788665805999933],[122.57996897560004,-1.2990154797999924],[122.26056457240003,-1.2990154797999924],[122.26056457240003,-1.3788665805999933]]],[[[123.45833108440004,-1.3788665805999933],[123.53818218520004,-1.3788665805999933],[123.53818218520004,-1.2990154797999924],[123.45833108440004,-1.2990154797999924],[123.45833108440004,-1.3788665805999933]]],[[[127.53073722520003,-1.3788665805999933],[127.69043942680003,-1.3788665805999933],[127.69043942680003,-1.2990154797999924],[127.53073722520003,-1.2990154797999924],[127.53073722520003,-1.3788665805999933]]],[[[130.80463235800005,-1.3788665805999933],[131.12403676120005,-1.3788665805999933],[131.12403676120005,-1.2990154797999924],[130.80463235800005,-1.2990154797999924],[130.80463235800005,-1.3788665805999933]]],[[[131.20388786200004,-1.3788665805999933],[132.00239887000004,-1.3788665805999933],[132.00239887000004,-1.2990154797999924],[131.20388786200004,-1.2990154797999924],[131.20388786200004,-1.3788665805999933]]],[[[133.83897418840004,-1.3788665805999933],[133.91882528920004,-1.3788665805999933],[133.91882528920004,-1.2990154797999924],[133.83897418840004,-1.2990154797999924],[133.83897418840004,-1.3788665805999933]]],[[[134.15837859160004,-1.3788665805999933],[134.31808079320004,-1.3788665805999933],[134.31808079320004,-1.2990154797999924],[134.15837859160004,-1.2990154797999924],[134.15837859160004,-1.3788665805999933]]],[[[98.70448983640003,-1.4587176813999925],[98.86419203800003,-1.4587176813999925],[98.86419203800003,-1.3788665805999933],[98.70448983640003,-1.3788665805999933],[98.70448983640003,-1.4587176813999925]]],[[[99.02389423960004,-1.4587176813999925],[99.18359644120004,-1.4587176813999925],[99.18359644120004,-1.3788665805999933],[99.02389423960004,-1.3788665805999933],[99.02389423960004,-1.4587176813999925]]],[[[101.81868276760004,-1.4587176813999925],[102.13808717080003,-1.4587176813999925],[102.13808717080003,-1.3788665805999933],[101.81868276760004,-1.3788665805999933],[101.81868276760004,-1.4587176813999925]]],[[[102.37764047320003,-1.4587176813999925],[102.61719377560003,-1.4587176813999925],[102.61719377560003,-1.3788665805999933],[102.37764047320003,-1.3788665805999933],[102.37764047320003,-1.4587176813999925]]],[[[103.41570478360003,-1.4587176813999925],[104.53362019480004,-1.4587176813999925],[104.53362019480004,-1.3788665805999933],[103.41570478360003,-1.3788665805999933],[103.41570478360003,-1.4587176813999925]]],[[[110.04334615000003,-1.4587176813999925],[110.28289945240003,-1.4587176813999925],[110.28289945240003,-1.3788665805999933],[110.04334615000003,-1.3788665805999933],[110.04334615000003,-1.4587176813999925]]],[[[113.07768798040004,-1.4587176813999925],[113.15753908120004,-1.4587176813999925],[113.15753908120004,-1.3788665805999933],[113.07768798040004,-1.3788665805999933],[113.07768798040004,-1.4587176813999925]]],[[[113.39709238360004,-1.4587176813999925],[113.63664568600004,-1.4587176813999925],[113.63664568600004,-1.3788665805999933],[113.39709238360004,-1.3788665805999933],[113.39709238360004,-1.4587176813999925]]],[[[113.87619898840003,-1.4587176813999925],[113.95605008920003,-1.4587176813999925],[113.95605008920003,-1.3788665805999933],[113.87619898840003,-1.3788665805999933],[113.87619898840003,-1.4587176813999925]]],[[[114.11575229080003,-1.4587176813999925],[114.19560339160003,-1.4587176813999925],[114.19560339160003,-1.3788665805999933],[114.11575229080003,-1.3788665805999933],[114.11575229080003,-1.4587176813999925]]],[[[114.35530559320003,-1.4587176813999925],[114.51500779480003,-1.4587176813999925],[114.51500779480003,-1.3788665805999933],[114.35530559320003,-1.3788665805999933],[114.35530559320003,-1.4587176813999925]]],[[[114.67470999640004,-1.4587176813999925],[114.99411439960004,-1.4587176813999925],[114.99411439960004,-1.3788665805999933],[114.67470999640004,-1.3788665805999933],[114.67470999640004,-1.4587176813999925]]],[[[115.79262540760004,-1.4587176813999925],[115.87247650840004,-1.4587176813999925],[115.87247650840004,-1.3788665805999933],[115.79262540760004,-1.3788665805999933],[115.79262540760004,-1.4587176813999925]]],[[[116.19188091160004,-1.4587176813999925],[116.35158311320004,-1.4587176813999925],[116.35158311320004,-1.3788665805999933],[116.19188091160004,-1.3788665805999933],[116.19188091160004,-1.4587176813999925]]],[[[116.43143421400003,-1.4587176813999925],[116.67098751640003,-1.4587176813999925],[116.67098751640003,-1.3788665805999933],[116.43143421400003,-1.3788665805999933],[116.43143421400003,-1.4587176813999925]]],[[[119.22622274200003,-1.4587176813999925],[119.54562714520003,-1.4587176813999925],[119.54562714520003,-1.3788665805999933],[119.22622274200003,-1.3788665805999933],[119.22622274200003,-1.4587176813999925]]],[[[120.10458485080004,-1.4587176813999925],[120.18443595160004,-1.4587176813999925],[120.18443595160004,-1.3788665805999933],[120.10458485080004,-1.3788665805999933],[120.10458485080004,-1.4587176813999925]]],[[[120.26428705240004,-1.4587176813999925],[120.42398925400003,-1.4587176813999925],[120.42398925400003,-1.3788665805999933],[120.26428705240004,-1.3788665805999933],[120.26428705240004,-1.4587176813999925]]],[[[120.58369145560003,-1.4587176813999925],[120.90309585880004,-1.4587176813999925],[120.90309585880004,-1.3788665805999933],[120.58369145560003,-1.3788665805999933],[120.58369145560003,-1.4587176813999925]]],[[[122.18071347160003,-1.4587176813999925],[122.50011787480004,-1.4587176813999925],[122.50011787480004,-1.3788665805999933],[122.18071347160003,-1.3788665805999933],[122.18071347160003,-1.4587176813999925]]],[[[123.29862888280003,-1.4587176813999925],[123.37847998360004,-1.4587176813999925],[123.37847998360004,-1.3788665805999933],[123.29862888280003,-1.3788665805999933],[123.29862888280003,-1.4587176813999925]]],[[[127.53073722520003,-1.4587176813999925],[127.61058832600003,-1.4587176813999925],[127.61058832600003,-1.3788665805999933],[127.53073722520003,-1.3788665805999933],[127.53073722520003,-1.4587176813999925]]],[[[130.88448345880005,-1.4587176813999925],[132.08224997080004,-1.4587176813999925],[132.08224997080004,-1.3788665805999933],[130.88448345880005,-1.3788665805999933],[130.88448345880005,-1.4587176813999925]]],[[[132.56135657560003,-1.4587176813999925],[132.88076097880003,-1.4587176813999925],[132.88076097880003,-1.3788665805999933],[132.56135657560003,-1.3788665805999933],[132.56135657560003,-1.4587176813999925]]],[[[133.83897418840004,-1.4587176813999925],[133.91882528920004,-1.4587176813999925],[133.91882528920004,-1.3788665805999933],[133.83897418840004,-1.3788665805999933],[133.83897418840004,-1.4587176813999925]]],[[[134.07852749080004,-1.4587176813999925],[134.23822969240004,-1.4587176813999925],[134.23822969240004,-1.3788665805999933],[134.07852749080004,-1.3788665805999933],[134.07852749080004,-1.4587176813999925]]],[[[98.78434093720003,-1.5385687821999934],[98.86419203800003,-1.5385687821999934],[98.86419203800003,-1.4587176813999925],[98.78434093720003,-1.4587176813999925],[98.78434093720003,-1.5385687821999934]]],[[[99.02389423960004,-1.5385687821999934],[99.10374534040004,-1.5385687821999934],[99.10374534040004,-1.4587176813999925],[99.02389423960004,-1.4587176813999925],[99.02389423960004,-1.5385687821999934]]],[[[100.62091625560004,-1.5385687821999934],[100.78061845720003,-1.5385687821999934],[100.78061845720003,-1.4587176813999925],[100.62091625560004,-1.4587176813999925],[100.62091625560004,-1.5385687821999934]]],[[[101.81868276760004,-1.5385687821999934],[101.89853386840004,-1.5385687821999934],[101.89853386840004,-1.4587176813999925],[101.81868276760004,-1.4587176813999925],[101.81868276760004,-1.5385687821999934]]],[[[101.97838496920004,-1.5385687821999934],[102.77689597720004,-1.5385687821999934],[102.77689597720004,-1.4587176813999925],[101.97838496920004,-1.4587176813999925],[101.97838496920004,-1.5385687821999934]]],[[[103.17615148120004,-1.5385687821999934],[104.45376909400004,-1.5385687821999934],[104.45376909400004,-1.4587176813999925],[103.17615148120004,-1.4587176813999925],[103.17615148120004,-1.5385687821999934]]],[[[105.73138670680004,-1.5385687821999934],[105.81123780760004,-1.5385687821999934],[105.81123780760004,-1.4587176813999925],[105.73138670680004,-1.4587176813999925],[105.73138670680004,-1.5385687821999934]]],[[[109.96349504920003,-1.5385687821999934],[110.36275055320003,-1.5385687821999934],[110.36275055320003,-1.4587176813999925],[109.96349504920003,-1.4587176813999925],[109.96349504920003,-1.5385687821999934]]],[[[110.76200605720004,-1.5385687821999934],[110.84185715800004,-1.5385687821999934],[110.84185715800004,-1.4587176813999925],[110.76200605720004,-1.4587176813999925],[110.76200605720004,-1.5385687821999934]]],[[[113.07768798040004,-1.5385687821999934],[113.23739018200004,-1.5385687821999934],[113.23739018200004,-1.4587176813999925],[113.07768798040004,-1.4587176813999925],[113.07768798040004,-1.5385687821999934]]],[[[113.47694348440004,-1.5385687821999934],[113.63664568600004,-1.5385687821999934],[113.63664568600004,-1.4587176813999925],[113.47694348440004,-1.4587176813999925],[113.47694348440004,-1.5385687821999934]]],[[[113.87619898840003,-1.5385687821999934],[113.95605008920003,-1.5385687821999934],[113.95605008920003,-1.4587176813999925],[113.87619898840003,-1.4587176813999925],[113.87619898840003,-1.5385687821999934]]],[[[114.11575229080003,-1.5385687821999934],[114.59485889560003,-1.5385687821999934],[114.59485889560003,-1.4587176813999925],[114.11575229080003,-1.4587176813999925],[114.11575229080003,-1.5385687821999934]]],[[[114.67470999640004,-1.5385687821999934],[114.99411439960004,-1.5385687821999934],[114.99411439960004,-1.4587176813999925],[114.67470999640004,-1.4587176813999925],[114.67470999640004,-1.5385687821999934]]],[[[115.07396550040004,-1.5385687821999934],[115.23366770200003,-1.5385687821999934],[115.23366770200003,-1.4587176813999925],[115.07396550040004,-1.4587176813999925],[115.07396550040004,-1.5385687821999934]]],[[[115.79262540760004,-1.5385687821999934],[115.87247650840004,-1.5385687821999934],[115.87247650840004,-1.4587176813999925],[115.79262540760004,-1.4587176813999925],[115.79262540760004,-1.5385687821999934]]],[[[116.27173201240004,-1.5385687821999934],[116.35158311320004,-1.5385687821999934],[116.35158311320004,-1.4587176813999925],[116.27173201240004,-1.4587176813999925],[116.27173201240004,-1.5385687821999934]]],[[[116.43143421400003,-1.5385687821999934],[116.59113641560003,-1.5385687821999934],[116.59113641560003,-1.4587176813999925],[116.43143421400003,-1.4587176813999925],[116.43143421400003,-1.5385687821999934]]],[[[119.22622274200003,-1.5385687821999934],[119.46577604440003,-1.5385687821999934],[119.46577604440003,-1.4587176813999925],[119.22622274200003,-1.4587176813999925],[119.22622274200003,-1.5385687821999934]]],[[[120.26428705240004,-1.5385687821999934],[120.42398925400003,-1.5385687821999934],[120.42398925400003,-1.4587176813999925],[120.26428705240004,-1.4587176813999925],[120.26428705240004,-1.5385687821999934]]],[[[120.58369145560003,-1.5385687821999934],[120.82324475800004,-1.5385687821999934],[120.82324475800004,-1.4587176813999925],[120.58369145560003,-1.4587176813999925],[120.58369145560003,-1.5385687821999934]]],[[[121.86130906840003,-1.5385687821999934],[121.94116016920003,-1.5385687821999934],[121.94116016920003,-1.4587176813999925],[121.86130906840003,-1.4587176813999925],[121.86130906840003,-1.5385687821999934]]],[[[122.10086237080003,-1.5385687821999934],[122.42026677400004,-1.5385687821999934],[122.42026677400004,-1.4587176813999925],[122.10086237080003,-1.4587176813999925],[122.10086237080003,-1.5385687821999934]]],[[[122.81952227800004,-1.5385687821999934],[122.89937337880004,-1.5385687821999934],[122.89937337880004,-1.4587176813999925],[122.81952227800004,-1.4587176813999925],[122.81952227800004,-1.5385687821999934]]],[[[123.29862888280003,-1.5385687821999934],[123.37847998360004,-1.5385687821999934],[123.37847998360004,-1.4587176813999925],[123.29862888280003,-1.4587176813999925],[123.29862888280003,-1.5385687821999934]]],[[[127.92999272920004,-1.5385687821999934],[128.08969493080002,-1.5385687821999934],[128.08969493080002,-1.4587176813999925],[127.92999272920004,-1.4587176813999925],[127.92999272920004,-1.5385687821999934]]],[[[131.04418566040005,-1.5385687821999934],[132.24195217240003,-1.5385687821999934],[132.24195217240003,-1.4587176813999925],[131.04418566040005,-1.4587176813999925],[131.04418566040005,-1.5385687821999934]]],[[[132.56135657560003,-1.5385687821999934],[132.96061207960003,-1.5385687821999934],[132.96061207960003,-1.4587176813999925],[132.56135657560003,-1.4587176813999925],[132.56135657560003,-1.5385687821999934]]],[[[134.07852749080004,-1.5385687821999934],[134.23822969240004,-1.5385687821999934],[134.23822969240004,-1.4587176813999925],[134.07852749080004,-1.4587176813999925],[134.07852749080004,-1.5385687821999934]]],[[[137.59197592600003,-1.5385687821999934],[137.99123143000003,-1.5385687821999934],[137.99123143000003,-1.4587176813999925],[137.59197592600003,-1.4587176813999925],[137.59197592600003,-1.5385687821999934]]],[[[99.02389423960004,-1.6184198829999925],[99.34329864280004,-1.6184198829999925],[99.34329864280004,-1.5385687821999934],[99.02389423960004,-1.5385687821999934],[99.02389423960004,-1.6184198829999925]]],[[[100.62091625560004,-1.6184198829999925],[100.78061845720003,-1.6184198829999925],[100.78061845720003,-1.5385687821999934],[100.62091625560004,-1.5385687821999934],[100.62091625560004,-1.6184198829999925]]],[[[101.89853386840004,-1.6184198829999925],[102.05823607000004,-1.6184198829999925],[102.05823607000004,-1.5385687821999934],[101.89853386840004,-1.5385687821999934],[101.89853386840004,-1.6184198829999925]]],[[[102.21793827160003,-1.6184198829999925],[102.29778937240003,-1.6184198829999925],[102.29778937240003,-1.5385687821999934],[102.21793827160003,-1.5385687821999934],[102.21793827160003,-1.6184198829999925]]],[[[102.61719377560003,-1.6184198829999925],[102.85674707800004,-1.6184198829999925],[102.85674707800004,-1.5385687821999934],[102.61719377560003,-1.5385687821999934],[102.61719377560003,-1.6184198829999925]]],[[[103.25600258200004,-1.6184198829999925],[104.53362019480004,-1.6184198829999925],[104.53362019480004,-1.5385687821999934],[103.25600258200004,-1.5385687821999934],[103.25600258200004,-1.6184198829999925]]],[[[105.41198230360004,-1.6184198829999925],[105.65153560600004,-1.6184198829999925],[105.65153560600004,-1.5385687821999934],[105.41198230360004,-1.5385687821999934],[105.41198230360004,-1.6184198829999925]]],[[[105.73138670680004,-1.6184198829999925],[106.05079111000003,-1.6184198829999925],[106.05079111000003,-1.5385687821999934],[105.73138670680004,-1.5385687821999934],[105.73138670680004,-1.6184198829999925]]],[[[108.76572853720003,-1.6184198829999925],[108.92543073880003,-1.6184198829999925],[108.92543073880003,-1.5385687821999934],[108.76572853720003,-1.5385687821999934],[108.76572853720003,-1.6184198829999925]]],[[[109.96349504920003,-1.6184198829999925],[110.44260165400004,-1.6184198829999925],[110.44260165400004,-1.5385687821999934],[109.96349504920003,-1.5385687821999934],[109.96349504920003,-1.6184198829999925]]],[[[110.76200605720004,-1.6184198829999925],[110.84185715800004,-1.6184198829999925],[110.84185715800004,-1.5385687821999934],[110.76200605720004,-1.5385687821999934],[110.76200605720004,-1.6184198829999925]]],[[[113.07768798040004,-1.6184198829999925],[113.31724128280004,-1.6184198829999925],[113.31724128280004,-1.5385687821999934],[113.07768798040004,-1.5385687821999934],[113.07768798040004,-1.6184198829999925]]],[[[113.47694348440004,-1.6184198829999925],[113.79634788760004,-1.6184198829999925],[113.79634788760004,-1.5385687821999934],[113.47694348440004,-1.5385687821999934],[113.47694348440004,-1.6184198829999925]]],[[[113.87619898840003,-1.6184198829999925],[113.95605008920003,-1.6184198829999925],[113.95605008920003,-1.5385687821999934],[113.87619898840003,-1.5385687821999934],[113.87619898840003,-1.6184198829999925]]],[[[114.27545449240003,-1.6184198829999925],[114.35530559320003,-1.6184198829999925],[114.35530559320003,-1.5385687821999934],[114.27545449240003,-1.5385687821999934],[114.27545449240003,-1.6184198829999925]]],[[[114.43515669400003,-1.6184198829999925],[114.59485889560003,-1.6184198829999925],[114.59485889560003,-1.5385687821999934],[114.43515669400003,-1.5385687821999934],[114.43515669400003,-1.6184198829999925]]],[[[114.67470999640004,-1.6184198829999925],[115.23366770200003,-1.6184198829999925],[115.23366770200003,-1.5385687821999934],[114.67470999640004,-1.5385687821999934],[114.67470999640004,-1.6184198829999925]]],[[[115.79262540760004,-1.6184198829999925],[115.87247650840004,-1.6184198829999925],[115.87247650840004,-1.5385687821999934],[115.79262540760004,-1.5385687821999934],[115.79262540760004,-1.6184198829999925]]],[[[116.19188091160004,-1.6184198829999925],[116.59113641560003,-1.6184198829999925],[116.59113641560003,-1.5385687821999934],[116.19188091160004,-1.5385687821999934],[116.19188091160004,-1.6184198829999925]]],[[[119.22622274200003,-1.6184198829999925],[119.46577604440003,-1.6184198829999925],[119.46577604440003,-1.5385687821999934],[119.22622274200003,-1.5385687821999934],[119.22622274200003,-1.6184198829999925]]],[[[120.02473375000004,-1.6184198829999925],[120.10458485080004,-1.6184198829999925],[120.10458485080004,-1.5385687821999934],[120.02473375000004,-1.5385687821999934],[120.02473375000004,-1.6184198829999925]]],[[[121.22250026200004,-1.6184198829999925],[121.30235136280004,-1.6184198829999925],[121.30235136280004,-1.5385687821999934],[121.22250026200004,-1.5385687821999934],[121.22250026200004,-1.6184198829999925]]],[[[121.94116016920003,-1.6184198829999925],[122.34041567320003,-1.6184198829999925],[122.34041567320003,-1.5385687821999934],[121.94116016920003,-1.5385687821999934],[121.94116016920003,-1.6184198829999925]]],[[[122.81952227800004,-1.6184198829999925],[122.89937337880004,-1.6184198829999925],[122.89937337880004,-1.5385687821999934],[122.81952227800004,-1.5385687821999934],[122.81952227800004,-1.6184198829999925]]],[[[127.37103502360003,-1.6184198829999925],[127.53073722520003,-1.6184198829999925],[127.53073722520003,-1.5385687821999934],[127.37103502360003,-1.5385687821999934],[127.37103502360003,-1.6184198829999925]]],[[[128.00984383000002,-1.6184198829999925],[128.08969493080002,-1.6184198829999925],[128.08969493080002,-1.5385687821999934],[128.00984383000002,-1.5385687821999934],[128.00984383000002,-1.6184198829999925]]],[[[131.60314336600004,-1.6184198829999925],[132.16210107160003,-1.6184198829999925],[132.16210107160003,-1.5385687821999934],[131.60314336600004,-1.5385687821999934],[131.60314336600004,-1.6184198829999925]]],[[[132.24195217240003,-1.6184198829999925],[132.96061207960003,-1.6184198829999925],[132.96061207960003,-1.5385687821999934],[132.24195217240003,-1.5385687821999934],[132.24195217240003,-1.6184198829999925]]],[[[133.99867639000004,-1.6184198829999925],[134.23822969240004,-1.6184198829999925],[134.23822969240004,-1.5385687821999934],[133.99867639000004,-1.5385687821999934],[133.99867639000004,-1.6184198829999925]]],[[[135.51584730520003,-1.6184198829999925],[135.59569840600005,-1.6184198829999925],[135.59569840600005,-1.5385687821999934],[135.51584730520003,-1.5385687821999934],[135.51584730520003,-1.6184198829999925]]],[[[137.43227372440003,-1.6184198829999925],[138.15093363160003,-1.6184198829999925],[138.15093363160003,-1.5385687821999934],[137.43227372440003,-1.5385687821999934],[137.43227372440003,-1.6184198829999925]]],[[[99.26344754200004,-1.6982709837999934],[99.34329864280004,-1.6982709837999934],[99.34329864280004,-1.6184198829999925],[99.26344754200004,-1.6184198829999925],[99.26344754200004,-1.6982709837999934]]],[[[100.62091625560004,-1.6982709837999934],[100.86046955800003,-1.6982709837999934],[100.86046955800003,-1.6184198829999925],[100.62091625560004,-1.6184198829999925],[100.62091625560004,-1.6982709837999934]]],[[[101.73883166680004,-1.6982709837999934],[101.97838496920004,-1.6982709837999934],[101.97838496920004,-1.6184198829999925],[101.73883166680004,-1.6184198829999925],[101.73883166680004,-1.6982709837999934]]],[[[102.37764047320003,-1.6982709837999934],[103.41570478360003,-1.6982709837999934],[103.41570478360003,-1.6184198829999925],[102.37764047320003,-1.6184198829999925],[102.37764047320003,-1.6982709837999934]]],[[[103.65525808600003,-1.6982709837999934],[104.53362019480004,-1.6982709837999934],[104.53362019480004,-1.6184198829999925],[103.65525808600003,-1.6184198829999925],[103.65525808600003,-1.6982709837999934]]],[[[105.33213120280004,-1.6982709837999934],[105.49183340440004,-1.6982709837999934],[105.49183340440004,-1.6184198829999925],[105.33213120280004,-1.6184198829999925],[105.33213120280004,-1.6982709837999934]]],[[[105.57168450520004,-1.6982709837999934],[105.89108890840004,-1.6982709837999934],[105.89108890840004,-1.6184198829999925],[105.57168450520004,-1.6184198829999925],[105.57168450520004,-1.6982709837999934]]],[[[105.97094000920004,-1.6982709837999934],[106.05079111000003,-1.6982709837999934],[106.05079111000003,-1.6184198829999925],[105.97094000920004,-1.6184198829999925],[105.97094000920004,-1.6982709837999934]]],[[[108.76572853720003,-1.6982709837999934],[108.92543073880003,-1.6982709837999934],[108.92543073880003,-1.6184198829999925],[108.76572853720003,-1.6184198829999925],[108.76572853720003,-1.6982709837999934]]],[[[109.96349504920003,-1.6982709837999934],[110.44260165400004,-1.6982709837999934],[110.44260165400004,-1.6184198829999925],[109.96349504920003,-1.6184198829999925],[109.96349504920003,-1.6982709837999934]]],[[[110.60230385560004,-1.6982709837999934],[110.84185715800004,-1.6982709837999934],[110.84185715800004,-1.6184198829999925],[110.60230385560004,-1.6184198829999925],[110.60230385560004,-1.6982709837999934]]],[[[110.92170825880004,-1.6982709837999934],[111.00155935960004,-1.6982709837999934],[111.00155935960004,-1.6184198829999925],[110.92170825880004,-1.6184198829999925],[110.92170825880004,-1.6982709837999934]]],[[[113.15753908120004,-1.6982709837999934],[113.31724128280004,-1.6982709837999934],[113.31724128280004,-1.6184198829999925],[113.15753908120004,-1.6184198829999925],[113.15753908120004,-1.6982709837999934]]],[[[113.63664568600004,-1.6982709837999934],[113.95605008920003,-1.6982709837999934],[113.95605008920003,-1.6184198829999925],[113.63664568600004,-1.6184198829999925],[113.63664568600004,-1.6982709837999934]]],[[[114.27545449240003,-1.6982709837999934],[114.99411439960004,-1.6982709837999934],[114.99411439960004,-1.6184198829999925],[114.27545449240003,-1.6184198829999925],[114.27545449240003,-1.6982709837999934]]],[[[116.11202981080004,-1.6982709837999934],[116.59113641560003,-1.6982709837999934],[116.59113641560003,-1.6184198829999925],[116.11202981080004,-1.6184198829999925],[116.11202981080004,-1.6982709837999934]]],[[[119.22622274200003,-1.6982709837999934],[119.54562714520003,-1.6982709837999934],[119.54562714520003,-1.6184198829999925],[119.22622274200003,-1.6184198829999925],[119.22622274200003,-1.6982709837999934]]],[[[120.02473375000004,-1.6982709837999934],[120.10458485080004,-1.6982709837999934],[120.10458485080004,-1.6184198829999925],[120.02473375000004,-1.6184198829999925],[120.02473375000004,-1.6982709837999934]]],[[[120.18443595160004,-1.6982709837999934],[120.26428705240004,-1.6982709837999934],[120.26428705240004,-1.6184198829999925],[120.18443595160004,-1.6184198829999925],[120.18443595160004,-1.6982709837999934]]],[[[121.06279806040004,-1.6982709837999934],[121.30235136280004,-1.6982709837999934],[121.30235136280004,-1.6184198829999925],[121.06279806040004,-1.6184198829999925],[121.06279806040004,-1.6982709837999934]]],[[[121.86130906840003,-1.6982709837999934],[122.02101127000003,-1.6982709837999934],[122.02101127000003,-1.6184198829999925],[121.86130906840003,-1.6184198829999925],[121.86130906840003,-1.6982709837999934]]],[[[124.33669319320003,-1.6982709837999934],[124.57624649560003,-1.6982709837999934],[124.57624649560003,-1.6184198829999925],[124.33669319320003,-1.6184198829999925],[124.33669319320003,-1.6982709837999934]]],[[[124.65609759640003,-1.6982709837999934],[124.73594869720003,-1.6982709837999934],[124.73594869720003,-1.6184198829999925],[124.65609759640003,-1.6184198829999925],[124.65609759640003,-1.6982709837999934]]],[[[124.81579979800003,-1.6982709837999934],[124.97550199960003,-1.6982709837999934],[124.97550199960003,-1.6184198829999925],[124.81579979800003,-1.6184198829999925],[124.81579979800003,-1.6982709837999934]]],[[[127.37103502360003,-1.6982709837999934],[127.45088612440003,-1.6982709837999934],[127.45088612440003,-1.6184198829999925],[127.37103502360003,-1.6184198829999925],[127.37103502360003,-1.6982709837999934]]],[[[127.92999272920004,-1.6982709837999934],[128.08969493080002,-1.6982709837999934],[128.08969493080002,-1.6184198829999925],[127.92999272920004,-1.6184198829999925],[127.92999272920004,-1.6982709837999934]]],[[[131.84269666840004,-1.6982709837999934],[132.24195217240003,-1.6982709837999934],[132.24195217240003,-1.6184198829999925],[131.84269666840004,-1.6184198829999925],[131.84269666840004,-1.6982709837999934]]],[[[132.32180327320003,-1.6982709837999934],[133.12031428120002,-1.6982709837999934],[133.12031428120002,-1.6184198829999925],[132.32180327320003,-1.6184198829999925],[132.32180327320003,-1.6982709837999934]]],[[[134.07852749080004,-1.6982709837999934],[134.15837859160004,-1.6982709837999934],[134.15837859160004,-1.6184198829999925],[134.07852749080004,-1.6184198829999925],[134.07852749080004,-1.6982709837999934]]],[[[135.43599620440003,-1.6982709837999934],[135.59569840600005,-1.6982709837999934],[135.59569840600005,-1.6184198829999925],[135.43599620440003,-1.6184198829999925],[135.43599620440003,-1.6982709837999934]]],[[[135.67554950680005,-1.6982709837999934],[136.23450721240005,-1.6982709837999934],[136.23450721240005,-1.6184198829999925],[135.67554950680005,-1.6184198829999925],[135.67554950680005,-1.6982709837999934]]],[[[136.39420941400004,-1.6982709837999934],[136.47406051480004,-1.6982709837999934],[136.47406051480004,-1.6184198829999925],[136.39420941400004,-1.6184198829999925],[136.39420941400004,-1.6982709837999934]]],[[[137.27257152280004,-1.6982709837999934],[138.31063583320002,-1.6982709837999934],[138.31063583320002,-1.6184198829999925],[137.27257152280004,-1.6184198829999925],[137.27257152280004,-1.6982709837999934]]],[[[100.70076735640004,-1.7781220845999925],[100.86046955800003,-1.7781220845999925],[100.86046955800003,-1.6982709837999934],[100.70076735640004,-1.6982709837999934],[100.70076735640004,-1.7781220845999925]]],[[[101.25972506200003,-1.7781220845999925],[101.41942726360003,-1.7781220845999925],[101.41942726360003,-1.6982709837999934],[101.25972506200003,-1.6982709837999934],[101.25972506200003,-1.7781220845999925]]],[[[101.89853386840004,-1.7781220845999925],[101.97838496920004,-1.7781220845999925],[101.97838496920004,-1.6982709837999934],[101.89853386840004,-1.6982709837999934],[101.89853386840004,-1.7781220845999925]]],[[[102.37764047320003,-1.7781220845999925],[102.45749157400003,-1.7781220845999925],[102.45749157400003,-1.6982709837999934],[102.37764047320003,-1.6982709837999934],[102.37764047320003,-1.7781220845999925]]],[[[102.61719377560003,-1.7781220845999925],[102.77689597720004,-1.7781220845999925],[102.77689597720004,-1.6982709837999934],[102.61719377560003,-1.6982709837999934],[102.61719377560003,-1.7781220845999925]]],[[[102.85674707800004,-1.7781220845999925],[103.33585368280004,-1.7781220845999925],[103.33585368280004,-1.6982709837999934],[102.85674707800004,-1.6982709837999934],[102.85674707800004,-1.7781220845999925]]],[[[103.73510918680003,-1.7781220845999925],[104.61347129560004,-1.7781220845999925],[104.61347129560004,-1.6982709837999934],[103.73510918680003,-1.6982709837999934],[103.73510918680003,-1.7781220845999925]]],[[[105.33213120280004,-1.7781220845999925],[105.89108890840004,-1.7781220845999925],[105.89108890840004,-1.6982709837999934],[105.33213120280004,-1.6982709837999934],[105.33213120280004,-1.7781220845999925]]],[[[105.97094000920004,-1.7781220845999925],[106.13064221080003,-1.7781220845999925],[106.13064221080003,-1.6982709837999934],[105.97094000920004,-1.6982709837999934],[105.97094000920004,-1.7781220845999925]]],[[[109.88364394840004,-1.7781220845999925],[110.36275055320003,-1.7781220845999925],[110.36275055320003,-1.6982709837999934],[109.88364394840004,-1.6982709837999934],[109.88364394840004,-1.7781220845999925]]],[[[110.52245275480004,-1.7781220845999925],[110.76200605720004,-1.7781220845999925],[110.76200605720004,-1.6982709837999934],[110.52245275480004,-1.6982709837999934],[110.52245275480004,-1.7781220845999925]]],[[[110.92170825880004,-1.7781220845999925],[111.08141046040004,-1.7781220845999925],[111.08141046040004,-1.6982709837999934],[110.92170825880004,-1.6982709837999934],[110.92170825880004,-1.7781220845999925]]],[[[113.07768798040004,-1.7781220845999925],[113.95605008920003,-1.7781220845999925],[113.95605008920003,-1.6982709837999934],[113.07768798040004,-1.6982709837999934],[113.07768798040004,-1.7781220845999925]]],[[[114.03590119000003,-1.7781220845999925],[115.07396550040004,-1.7781220845999925],[115.07396550040004,-1.6982709837999934],[114.03590119000003,-1.6982709837999934],[114.03590119000003,-1.7781220845999925]]],[[[116.03217871000004,-1.7781220845999925],[116.51128531480003,-1.7781220845999925],[116.51128531480003,-1.6982709837999934],[116.03217871000004,-1.6982709837999934],[116.03217871000004,-1.7781220845999925]]],[[[119.22622274200003,-1.7781220845999925],[119.54562714520003,-1.7781220845999925],[119.54562714520003,-1.6982709837999934],[119.22622274200003,-1.6982709837999934],[119.22622274200003,-1.7781220845999925]]],[[[120.18443595160004,-1.7781220845999925],[120.26428705240004,-1.7781220845999925],[120.26428705240004,-1.6982709837999934],[120.18443595160004,-1.6982709837999934],[120.18443595160004,-1.7781220845999925]]],[[[121.06279806040004,-1.7781220845999925],[121.38220246360004,-1.7781220845999925],[121.38220246360004,-1.6982709837999934],[121.06279806040004,-1.6982709837999934],[121.06279806040004,-1.7781220845999925]]],[[[121.62175576600004,-1.7781220845999925],[121.86130906840003,-1.7781220845999925],[121.86130906840003,-1.6982709837999934],[121.62175576600004,-1.6982709837999934],[121.62175576600004,-1.7781220845999925]]],[[[124.33669319320003,-1.7781220845999925],[124.49639539480003,-1.7781220845999925],[124.49639539480003,-1.6982709837999934],[124.33669319320003,-1.6982709837999934],[124.33669319320003,-1.7781220845999925]]],[[[124.81579979800003,-1.7781220845999925],[125.13520420120004,-1.7781220845999925],[125.13520420120004,-1.6982709837999934],[124.81579979800003,-1.6982709837999934],[124.81579979800003,-1.7781220845999925]]],[[[127.92999272920004,-1.7781220845999925],[128.00984383000002,-1.7781220845999925],[128.00984383000002,-1.6982709837999934],[127.92999272920004,-1.6982709837999934],[127.92999272920004,-1.7781220845999925]]],[[[129.84641914840003,-1.7781220845999925],[129.92627024920003,-1.7781220845999925],[129.92627024920003,-1.6982709837999934],[129.84641914840003,-1.6982709837999934],[129.84641914840003,-1.7781220845999925]]],[[[130.16582355160003,-1.7781220845999925],[130.40537685400005,-1.7781220845999925],[130.40537685400005,-1.6982709837999934],[130.16582355160003,-1.6982709837999934],[130.16582355160003,-1.7781220845999925]]],[[[131.84269666840004,-1.7781220845999925],[133.12031428120002,-1.7781220845999925],[133.12031428120002,-1.6982709837999934],[131.84269666840004,-1.6982709837999934],[131.84269666840004,-1.7781220845999925]]],[[[134.15837859160004,-1.7781220845999925],[134.23822969240004,-1.7781220845999925],[134.23822969240004,-1.6982709837999934],[134.15837859160004,-1.6982709837999934],[134.15837859160004,-1.7781220845999925]]],[[[135.67554950680005,-1.7781220845999925],[135.99495391000005,-1.7781220845999925],[135.99495391000005,-1.6982709837999934],[135.67554950680005,-1.6982709837999934],[135.67554950680005,-1.7781220845999925]]],[[[136.31435831320005,-1.7781220845999925],[136.63376271640004,-1.7781220845999925],[136.63376271640004,-1.6982709837999934],[136.31435831320005,-1.6982709837999934],[136.31435831320005,-1.7781220845999925]]],[[[136.71361381720004,-1.7781220845999925],[136.87331601880004,-1.7781220845999925],[136.87331601880004,-1.6982709837999934],[136.71361381720004,-1.6982709837999934],[136.71361381720004,-1.7781220845999925]]],[[[137.11286932120004,-1.7781220845999925],[138.63004023640002,-1.7781220845999925],[138.63004023640002,-1.6982709837999934],[137.11286932120004,-1.6982709837999934],[137.11286932120004,-1.7781220845999925]]],[[[99.26344754200004,-1.8579731853999935],[99.34329864280004,-1.8579731853999935],[99.34329864280004,-1.7781220845999925],[99.26344754200004,-1.7781220845999925],[99.26344754200004,-1.8579731853999935]]],[[[100.78061845720003,-1.8579731853999935],[100.94032065880003,-1.8579731853999935],[100.94032065880003,-1.7781220845999925],[100.78061845720003,-1.7781220845999925],[100.78061845720003,-1.8579731853999935]]],[[[101.25972506200003,-1.8579731853999935],[101.41942726360003,-1.8579731853999935],[101.41942726360003,-1.7781220845999925],[101.25972506200003,-1.7781220845999925],[101.25972506200003,-1.8579731853999935]]],[[[102.21793827160003,-1.8579731853999935],[102.45749157400003,-1.8579731853999935],[102.45749157400003,-1.7781220845999925],[102.21793827160003,-1.7781220845999925],[102.21793827160003,-1.8579731853999935]]],[[[102.93659817880004,-1.8579731853999935],[103.09630038040004,-1.8579731853999935],[103.09630038040004,-1.7781220845999925],[102.93659817880004,-1.7781220845999925],[102.93659817880004,-1.8579731853999935]]],[[[103.41570478360003,-1.8579731853999935],[103.49555588440003,-1.8579731853999935],[103.49555588440003,-1.7781220845999925],[103.41570478360003,-1.7781220845999925],[103.41570478360003,-1.8579731853999935]]],[[[103.81496028760003,-1.8579731853999935],[104.61347129560004,-1.8579731853999935],[104.61347129560004,-1.7781220845999925],[103.81496028760003,-1.7781220845999925],[103.81496028760003,-1.8579731853999935]]],[[[105.33213120280004,-1.8579731853999935],[105.57168450520004,-1.8579731853999935],[105.57168450520004,-1.7781220845999925],[105.33213120280004,-1.7781220845999925],[105.33213120280004,-1.8579731853999935]]],[[[105.65153560600004,-1.8579731853999935],[106.13064221080003,-1.8579731853999935],[106.13064221080003,-1.7781220845999925],[105.65153560600004,-1.7781220845999925],[105.65153560600004,-1.8579731853999935]]],[[[109.88364394840004,-1.8579731853999935],[110.44260165400004,-1.8579731853999935],[110.44260165400004,-1.7781220845999925],[109.88364394840004,-1.7781220845999925],[109.88364394840004,-1.8579731853999935]]],[[[110.52245275480004,-1.8579731853999935],[110.68215495640004,-1.8579731853999935],[110.68215495640004,-1.7781220845999925],[110.52245275480004,-1.7781220845999925],[110.52245275480004,-1.8579731853999935]]],[[[113.15753908120004,-1.8579731853999935],[115.23366770200003,-1.8579731853999935],[115.23366770200003,-1.7781220845999925],[113.15753908120004,-1.7781220845999925],[113.15753908120004,-1.8579731853999935]]],[[[115.55307210520003,-1.8579731853999935],[115.71277430680004,-1.8579731853999935],[115.71277430680004,-1.7781220845999925],[115.55307210520003,-1.7781220845999925],[115.55307210520003,-1.8579731853999935]]],[[[115.79262540760004,-1.8579731853999935],[115.95232760920004,-1.8579731853999935],[115.95232760920004,-1.7781220845999925],[115.79262540760004,-1.7781220845999925],[115.79262540760004,-1.8579731853999935]]],[[[116.03217871000004,-1.8579731853999935],[116.51128531480003,-1.8579731853999935],[116.51128531480003,-1.7781220845999925],[116.03217871000004,-1.7781220845999925],[116.03217871000004,-1.8579731853999935]]],[[[119.30607384280003,-1.8579731853999935],[119.46577604440003,-1.8579731853999935],[119.46577604440003,-1.7781220845999925],[119.30607384280003,-1.7781220845999925],[119.30607384280003,-1.8579731853999935]]],[[[120.18443595160004,-1.8579731853999935],[120.34413815320003,-1.8579731853999935],[120.34413815320003,-1.7781220845999925],[120.18443595160004,-1.7781220845999925],[120.18443595160004,-1.8579731853999935]]],[[[121.30235136280004,-1.8579731853999935],[121.38220246360004,-1.8579731853999935],[121.38220246360004,-1.7781220845999925],[121.30235136280004,-1.7781220845999925],[121.30235136280004,-1.8579731853999935]]],[[[121.46205356440004,-1.8579731853999935],[121.54190466520004,-1.8579731853999935],[121.54190466520004,-1.7781220845999925],[121.46205356440004,-1.7781220845999925],[121.46205356440004,-1.8579731853999935]]],[[[121.62175576600004,-1.8579731853999935],[121.86130906840003,-1.8579731853999935],[121.86130906840003,-1.7781220845999925],[121.62175576600004,-1.7781220845999925],[121.62175576600004,-1.8579731853999935]]],[[[124.33669319320003,-1.8579731853999935],[124.41654429400003,-1.8579731853999935],[124.41654429400003,-1.7781220845999925],[124.33669319320003,-1.7781220845999925],[124.33669319320003,-1.8579731853999935]]],[[[124.65609759640003,-1.8579731853999935],[124.81579979800003,-1.8579731853999935],[124.81579979800003,-1.7781220845999925],[124.65609759640003,-1.7781220845999925],[124.65609759640003,-1.8579731853999935]]],[[[124.97550199960003,-1.8579731853999935],[125.21505530200004,-1.8579731853999935],[125.21505530200004,-1.7781220845999925],[124.97550199960003,-1.7781220845999925],[124.97550199960003,-1.8579731853999935]]],[[[126.17326851160004,-1.8579731853999935],[126.25311961240004,-1.8579731853999935],[126.25311961240004,-1.7781220845999925],[126.17326851160004,-1.7781220845999925],[126.17326851160004,-1.8579731853999935]]],[[[129.60686584600003,-1.8579731853999935],[129.92627024920003,-1.8579731853999935],[129.92627024920003,-1.7781220845999925],[129.60686584600003,-1.7781220845999925],[129.60686584600003,-1.8579731853999935]]],[[[130.32552575320003,-1.8579731853999935],[130.48522795480005,-1.8579731853999935],[130.48522795480005,-1.7781220845999925],[130.32552575320003,-1.7781220845999925],[130.32552575320003,-1.8579731853999935]]],[[[131.92254776920004,-1.8579731853999935],[133.20016538200002,-1.8579731853999935],[133.20016538200002,-1.7781220845999925],[131.92254776920004,-1.7781220845999925],[131.92254776920004,-1.8579731853999935]]],[[[133.28001648280002,-1.8579731853999935],[133.43971868440002,-1.8579731853999935],[133.43971868440002,-1.7781220845999925],[133.28001648280002,-1.7781220845999925],[133.28001648280002,-1.8579731853999935]]],[[[134.07852749080004,-1.8579731853999935],[134.23822969240004,-1.8579731853999935],[134.23822969240004,-1.7781220845999925],[134.07852749080004,-1.7781220845999925],[134.07852749080004,-1.8579731853999935]]],[[[135.91510280920005,-1.8579731853999935],[136.15465611160005,-1.8579731853999935],[136.15465611160005,-1.7781220845999925],[135.91510280920005,-1.7781220845999925],[135.91510280920005,-1.8579731853999935]]],[[[136.23450721240005,-1.8579731853999935],[136.87331601880004,-1.8579731853999935],[136.87331601880004,-1.7781220845999925],[136.23450721240005,-1.7781220845999925],[136.23450721240005,-1.8579731853999935]]],[[[137.03301822040004,-1.8579731853999935],[138.78974243800005,-1.8579731853999935],[138.78974243800005,-1.7781220845999925],[137.03301822040004,-1.7781220845999925],[137.03301822040004,-1.8579731853999935]]],[[[99.26344754200004,-1.9378242861999926],[99.34329864280004,-1.9378242861999926],[99.34329864280004,-1.8579731853999935],[99.26344754200004,-1.8579731853999935],[99.26344754200004,-1.9378242861999926]]],[[[100.78061845720003,-1.9378242861999926],[100.94032065880003,-1.9378242861999926],[100.94032065880003,-1.8579731853999935],[100.78061845720003,-1.8579731853999935],[100.78061845720003,-1.9378242861999926]]],[[[101.97838496920004,-1.9378242861999926],[102.29778937240003,-1.9378242861999926],[102.29778937240003,-1.8579731853999935],[101.97838496920004,-1.8579731853999935],[101.97838496920004,-1.9378242861999926]]],[[[102.37764047320003,-1.9378242861999926],[102.53734267480003,-1.9378242861999926],[102.53734267480003,-1.8579731853999935],[102.37764047320003,-1.8579731853999935],[102.37764047320003,-1.9378242861999926]]],[[[103.33585368280004,-1.9378242861999926],[103.65525808600003,-1.9378242861999926],[103.65525808600003,-1.8579731853999935],[103.33585368280004,-1.8579731853999935],[103.33585368280004,-1.9378242861999926]]],[[[103.73510918680003,-1.9378242861999926],[104.69332239640003,-1.9378242861999926],[104.69332239640003,-1.8579731853999935],[103.73510918680003,-1.8579731853999935],[103.73510918680003,-1.9378242861999926]]],[[[105.09257790040003,-1.9378242861999926],[105.33213120280004,-1.9378242861999926],[105.33213120280004,-1.8579731853999935],[105.09257790040003,-1.8579731853999935],[105.09257790040003,-1.9378242861999926]]],[[[105.57168450520004,-1.9378242861999926],[105.65153560600004,-1.9378242861999926],[105.65153560600004,-1.8579731853999935],[105.57168450520004,-1.8579731853999935],[105.57168450520004,-1.9378242861999926]]],[[[105.73138670680004,-1.9378242861999926],[105.81123780760004,-1.9378242861999926],[105.81123780760004,-1.8579731853999935],[105.73138670680004,-1.8579731853999935],[105.73138670680004,-1.9378242861999926]]],[[[106.05079111000003,-1.9378242861999926],[106.21049331160003,-1.9378242861999926],[106.21049331160003,-1.8579731853999935],[106.05079111000003,-1.8579731853999935],[106.05079111000003,-1.9378242861999926]]],[[[109.88364394840004,-1.9378242861999926],[110.52245275480004,-1.9378242861999926],[110.52245275480004,-1.8579731853999935],[109.88364394840004,-1.8579731853999935],[109.88364394840004,-1.9378242861999926]]],[[[112.51873027480003,-1.9378242861999926],[112.59858137560003,-1.9378242861999926],[112.59858137560003,-1.8579731853999935],[112.51873027480003,-1.8579731853999935],[112.51873027480003,-1.9378242861999926]]],[[[112.75828357720003,-1.9378242861999926],[112.83813467800003,-1.9378242861999926],[112.83813467800003,-1.8579731853999935],[112.75828357720003,-1.8579731853999935],[112.75828357720003,-1.9378242861999926]]],[[[112.99783687960004,-1.9378242861999926],[113.07768798040004,-1.9378242861999926],[113.07768798040004,-1.8579731853999935],[112.99783687960004,-1.8579731853999935],[112.99783687960004,-1.9378242861999926]]],[[[113.23739018200004,-1.9378242861999926],[115.15381660120003,-1.9378242861999926],[115.15381660120003,-1.8579731853999935],[113.23739018200004,-1.8579731853999935],[113.23739018200004,-1.9378242861999926]]],[[[115.39336990360003,-1.9378242861999926],[115.71277430680004,-1.9378242861999926],[115.71277430680004,-1.8579731853999935],[115.39336990360003,-1.8579731853999935],[115.39336990360003,-1.9378242861999926]]],[[[115.87247650840004,-1.9378242861999926],[116.51128531480003,-1.9378242861999926],[116.51128531480003,-1.8579731853999935],[115.87247650840004,-1.8579731853999935],[115.87247650840004,-1.9378242861999926]]],[[[119.30607384280003,-1.9378242861999926],[119.38592494360003,-1.9378242861999926],[119.38592494360003,-1.8579731853999935],[119.30607384280003,-1.8579731853999935],[119.30607384280003,-1.9378242861999926]]],[[[120.18443595160004,-1.9378242861999926],[120.34413815320003,-1.9378242861999926],[120.34413815320003,-1.8579731853999935],[120.18443595160004,-1.8579731853999935],[120.18443595160004,-1.9378242861999926]]],[[[120.90309585880004,-1.9378242861999926],[121.30235136280004,-1.9378242861999926],[121.30235136280004,-1.8579731853999935],[120.90309585880004,-1.8579731853999935],[120.90309585880004,-1.9378242861999926]]],[[[121.46205356440004,-1.9378242861999926],[121.78145796760003,-1.9378242861999926],[121.78145796760003,-1.8579731853999935],[121.46205356440004,-1.8579731853999935],[121.46205356440004,-1.9378242861999926]]],[[[124.33669319320003,-1.9378242861999926],[124.41654429400003,-1.9378242861999926],[124.41654429400003,-1.8579731853999935],[124.33669319320003,-1.8579731853999935],[124.33669319320003,-1.9378242861999926]]],[[[124.57624649560003,-1.9378242861999926],[125.21505530200004,-1.9378242861999926],[125.21505530200004,-1.8579731853999935],[124.57624649560003,-1.8579731853999935],[124.57624649560003,-1.9378242861999926]]],[[[125.69416190680003,-1.9378242861999926],[126.01356631000004,-1.9378242861999926],[126.01356631000004,-1.8579731853999935],[125.69416190680003,-1.8579731853999935],[125.69416190680003,-1.9378242861999926]]],[[[129.76656804760003,-1.9378242861999926],[129.92627024920003,-1.9378242861999926],[129.92627024920003,-1.8579731853999935],[129.76656804760003,-1.8579731853999935],[129.76656804760003,-1.9378242861999926]]],[[[130.32552575320003,-1.9378242861999926],[130.48522795480005,-1.9378242861999926],[130.48522795480005,-1.8579731853999935],[130.32552575320003,-1.8579731853999935],[130.32552575320003,-1.9378242861999926]]],[[[131.92254776920004,-1.9378242861999926],[133.35986758360002,-1.9378242861999926],[133.35986758360002,-1.8579731853999935],[131.92254776920004,-1.8579731853999935],[131.92254776920004,-1.9378242861999926]]],[[[134.15837859160004,-1.9378242861999926],[134.23822969240004,-1.9378242861999926],[134.23822969240004,-1.8579731853999935],[134.15837859160004,-1.8579731853999935],[134.15837859160004,-1.9378242861999926]]],[[[136.15465611160005,-1.9378242861999926],[136.31435831320005,-1.9378242861999926],[136.31435831320005,-1.8579731853999935],[136.15465611160005,-1.8579731853999935],[136.15465611160005,-1.9378242861999926]]],[[[136.39420941400004,-1.9378242861999926],[136.47406051480004,-1.9378242861999926],[136.47406051480004,-1.8579731853999935],[136.39420941400004,-1.8579731853999935],[136.39420941400004,-1.9378242861999926]]],[[[137.03301822040004,-1.9378242861999926],[138.31063583320002,-1.9378242861999926],[138.31063583320002,-1.8579731853999935],[137.03301822040004,-1.8579731853999935],[137.03301822040004,-1.9378242861999926]]],[[[138.39048693400002,-1.9378242861999926],[138.86959353880005,-1.9378242861999926],[138.86959353880005,-1.8579731853999935],[138.39048693400002,-1.8579731853999935],[138.39048693400002,-1.9378242861999926]]],[[[100.86046955800003,-2.0176753869999935],[100.94032065880003,-2.0176753869999935],[100.94032065880003,-1.9378242861999926],[100.86046955800003,-1.9378242861999926],[100.86046955800003,-2.0176753869999935]]],[[[102.45749157400003,-2.0176753869999935],[102.69704487640004,-2.0176753869999935],[102.69704487640004,-1.9378242861999926],[102.45749157400003,-1.9378242861999926],[102.45749157400003,-2.0176753869999935]]],[[[103.33585368280004,-2.0176753869999935],[104.85302459800003,-2.0176753869999935],[104.85302459800003,-1.9378242861999926],[103.33585368280004,-1.9378242861999926],[103.33585368280004,-2.0176753869999935]]],[[[105.17242900120003,-2.0176753869999935],[105.33213120280004,-2.0176753869999935],[105.33213120280004,-1.9378242861999926],[105.17242900120003,-1.9378242861999926],[105.17242900120003,-2.0176753869999935]]],[[[105.41198230360004,-2.0176753869999935],[105.65153560600004,-2.0176753869999935],[105.65153560600004,-1.9378242861999926],[105.41198230360004,-1.9378242861999926],[105.41198230360004,-2.0176753869999935]]],[[[105.97094000920004,-2.0176753869999935],[106.21049331160003,-2.0176753869999935],[106.21049331160003,-1.9378242861999926],[105.97094000920004,-1.9378242861999926],[105.97094000920004,-2.0176753869999935]]],[[[110.04334615000003,-2.0176753869999935],[110.52245275480004,-2.0176753869999935],[110.52245275480004,-1.9378242861999926],[110.04334615000003,-1.9378242861999926],[110.04334615000003,-2.0176753869999935]]],[[[112.51873027480003,-2.0176753869999935],[112.59858137560003,-2.0176753869999935],[112.59858137560003,-1.9378242861999926],[112.51873027480003,-1.9378242861999926],[112.51873027480003,-2.0176753869999935]]],[[[112.67843247640003,-2.0176753869999935],[112.83813467800003,-2.0176753869999935],[112.83813467800003,-1.9378242861999926],[112.67843247640003,-1.9378242861999926],[112.67843247640003,-2.0176753869999935]]],[[[112.99783687960004,-2.0176753869999935],[113.07768798040004,-2.0176753869999935],[113.07768798040004,-1.9378242861999926],[112.99783687960004,-1.9378242861999926],[112.99783687960004,-2.0176753869999935]]],[[[113.23739018200004,-2.0176753869999935],[115.07396550040004,-2.0176753869999935],[115.07396550040004,-1.9378242861999926],[113.23739018200004,-1.9378242861999926],[113.23739018200004,-2.0176753869999935]]],[[[115.39336990360003,-2.0176753869999935],[115.63292320600004,-2.0176753869999935],[115.63292320600004,-1.9378242861999926],[115.39336990360003,-1.9378242861999926],[115.39336990360003,-2.0176753869999935]]],[[[115.87247650840004,-2.0176753869999935],[115.95232760920004,-2.0176753869999935],[115.95232760920004,-1.9378242861999926],[115.87247650840004,-1.9378242861999926],[115.87247650840004,-2.0176753869999935]]],[[[116.03217871000004,-2.0176753869999935],[116.51128531480003,-2.0176753869999935],[116.51128531480003,-1.9378242861999926],[116.03217871000004,-1.9378242861999926],[116.03217871000004,-2.0176753869999935]]],[[[119.14637164120003,-2.0176753869999935],[119.38592494360003,-2.0176753869999935],[119.38592494360003,-1.9378242861999926],[119.14637164120003,-1.9378242861999926],[119.14637164120003,-2.0176753869999935]]],[[[120.74339365720003,-2.0176753869999935],[120.82324475800004,-2.0176753869999935],[120.82324475800004,-1.9378242861999926],[120.74339365720003,-1.9378242861999926],[120.74339365720003,-2.0176753869999935]]],[[[120.90309585880004,-2.0176753869999935],[121.30235136280004,-2.0176753869999935],[121.30235136280004,-1.9378242861999926],[120.90309585880004,-1.9378242861999926],[120.90309585880004,-2.0176753869999935]]],[[[121.38220246360004,-2.0176753869999935],[121.46205356440004,-2.0176753869999935],[121.46205356440004,-1.9378242861999926],[121.38220246360004,-1.9378242861999926],[121.38220246360004,-2.0176753869999935]]],[[[121.62175576600004,-2.0176753869999935],[121.70160686680003,-2.0176753869999935],[121.70160686680003,-1.9378242861999926],[121.62175576600004,-1.9378242861999926],[121.62175576600004,-2.0176753869999935]]],[[[124.25684209240003,-2.0176753869999935],[124.73594869720003,-2.0176753869999935],[124.73594869720003,-1.9378242861999926],[124.25684209240003,-1.9378242861999926],[124.25684209240003,-2.0176753869999935]]],[[[129.92627024920003,-2.0176753869999935],[130.00612135000003,-2.0176753869999935],[130.00612135000003,-1.9378242861999926],[129.92627024920003,-1.9378242861999926],[129.92627024920003,-2.0176753869999935]]],[[[130.16582355160003,-2.0176753869999935],[130.40537685400005,-2.0176753869999935],[130.40537685400005,-1.9378242861999926],[130.16582355160003,-1.9378242861999926],[130.16582355160003,-2.0176753869999935]]],[[[131.92254776920004,-2.0176753869999935],[133.35986758360002,-2.0176753869999935],[133.35986758360002,-1.9378242861999926],[131.92254776920004,-1.9378242861999926],[131.92254776920004,-2.0176753869999935]]],[[[133.67927198680005,-2.0176753869999935],[133.75912308760005,-2.0176753869999935],[133.75912308760005,-1.9378242861999926],[133.67927198680005,-1.9378242861999926],[133.67927198680005,-2.0176753869999935]]],[[[137.11286932120004,-2.0176753869999935],[138.07108253080003,-2.0176753869999935],[138.07108253080003,-1.9378242861999926],[137.11286932120004,-1.9378242861999926],[137.11286932120004,-2.0176753869999935]]],[[[138.15093363160003,-2.0176753869999935],[138.31063583320002,-2.0176753869999935],[138.31063583320002,-1.9378242861999926],[138.15093363160003,-1.9378242861999926],[138.15093363160003,-2.0176753869999935]]],[[[138.39048693400002,-2.0176753869999935],[139.10914684120004,-2.0176753869999935],[139.10914684120004,-1.9378242861999926],[138.39048693400002,-1.9378242861999926],[138.39048693400002,-2.0176753869999935]]],[[[100.86046955800003,-2.0975264877999926],[101.10002286040003,-2.0975264877999926],[101.10002286040003,-2.0176753869999935],[100.86046955800003,-2.0176753869999935],[100.86046955800003,-2.0975264877999926]]],[[[101.89853386840004,-2.0975264877999926],[101.97838496920004,-2.0975264877999926],[101.97838496920004,-2.0176753869999935],[101.89853386840004,-2.0176753869999935],[101.89853386840004,-2.0975264877999926]]],[[[102.45749157400003,-2.0975264877999926],[102.85674707800004,-2.0975264877999926],[102.85674707800004,-2.0176753869999935],[102.45749157400003,-2.0176753869999935],[102.45749157400003,-2.0975264877999926]]],[[[103.57540698520003,-2.0975264877999926],[104.93287569880003,-2.0975264877999926],[104.93287569880003,-2.0176753869999935],[103.57540698520003,-2.0176753869999935],[103.57540698520003,-2.0975264877999926]]],[[[105.09257790040003,-2.0975264877999926],[105.17242900120003,-2.0975264877999926],[105.17242900120003,-2.0176753869999935],[105.09257790040003,-2.0176753869999935],[105.09257790040003,-2.0975264877999926]]],[[[105.25228010200003,-2.0975264877999926],[106.21049331160003,-2.0975264877999926],[106.21049331160003,-2.0176753869999935],[105.25228010200003,-2.0176753869999935],[105.25228010200003,-2.0975264877999926]]],[[[110.04334615000003,-2.0975264877999926],[110.52245275480004,-2.0975264877999926],[110.52245275480004,-2.0176753869999935],[110.04334615000003,-2.0176753869999935],[110.04334615000003,-2.0975264877999926]]],[[[112.43887917400004,-2.0975264877999926],[112.83813467800003,-2.0975264877999926],[112.83813467800003,-2.0176753869999935],[112.43887917400004,-2.0176753869999935],[112.43887917400004,-2.0975264877999926]]],[[[112.99783687960004,-2.0975264877999926],[115.07396550040004,-2.0975264877999926],[115.07396550040004,-2.0176753869999935],[112.99783687960004,-2.0176753869999935],[112.99783687960004,-2.0975264877999926]]],[[[115.39336990360003,-2.0975264877999926],[115.63292320600004,-2.0975264877999926],[115.63292320600004,-2.0176753869999935],[115.39336990360003,-2.0176753869999935],[115.39336990360003,-2.0975264877999926]]],[[[116.11202981080004,-2.0975264877999926],[116.51128531480003,-2.0975264877999926],[116.51128531480003,-2.0176753869999935],[116.11202981080004,-2.0176753869999935],[116.11202981080004,-2.0975264877999926]]],[[[119.14637164120003,-2.0975264877999926],[119.46577604440003,-2.0975264877999926],[119.46577604440003,-2.0176753869999935],[119.14637164120003,-2.0176753869999935],[119.14637164120003,-2.0975264877999926]]],[[[121.14264916120004,-2.0975264877999926],[121.54190466520004,-2.0975264877999926],[121.54190466520004,-2.0176753869999935],[121.14264916120004,-2.0176753869999935],[121.14264916120004,-2.0975264877999926]]],[[[124.33669319320003,-2.0975264877999926],[124.49639539480003,-2.0975264877999926],[124.49639539480003,-2.0176753869999935],[124.33669319320003,-2.0176753869999935],[124.33669319320003,-2.0975264877999926]]],[[[130.08597245080003,-2.0975264877999926],[130.32552575320003,-2.0975264877999926],[130.32552575320003,-2.0176753869999935],[130.08597245080003,-2.0176753869999935],[130.08597245080003,-2.0975264877999926]]],[[[132.00239887000004,-2.0975264877999926],[133.51956978520002,-2.0975264877999926],[133.51956978520002,-2.0176753869999935],[132.00239887000004,-2.0176753869999935],[132.00239887000004,-2.0975264877999926]]],[[[133.59942088600005,-2.0975264877999926],[133.99867639000004,-2.0975264877999926],[133.99867639000004,-2.0176753869999935],[133.59942088600005,-2.0176753869999935],[133.59942088600005,-2.0975264877999926]]],[[[137.03301822040004,-2.0975264877999926],[138.15093363160003,-2.0975264877999926],[138.15093363160003,-2.0176753869999935],[137.03301822040004,-2.0176753869999935],[137.03301822040004,-2.0975264877999926]]],[[[138.23078473240002,-2.0975264877999926],[138.39048693400002,-2.0975264877999926],[138.39048693400002,-2.0176753869999935],[138.23078473240002,-2.0176753869999935],[138.23078473240002,-2.0975264877999926]]],[[[138.47033803480002,-2.0975264877999926],[139.26884904280004,-2.0975264877999926],[139.26884904280004,-2.0176753869999935],[138.47033803480002,-2.0176753869999935],[138.47033803480002,-2.0975264877999926]]],[[[99.66270304600003,-2.1773775885999935],[99.74255414680003,-2.1773775885999935],[99.74255414680003,-2.0975264877999926],[99.66270304600003,-2.0975264877999926],[99.66270304600003,-2.1773775885999935]]],[[[100.78061845720003,-2.1773775885999935],[101.10002286040003,-2.1773775885999935],[101.10002286040003,-2.0975264877999926],[100.78061845720003,-2.0975264877999926],[100.78061845720003,-2.1773775885999935]]],[[[101.81868276760004,-2.1773775885999935],[101.97838496920004,-2.1773775885999935],[101.97838496920004,-2.0975264877999926],[101.81868276760004,-2.0975264877999926],[101.81868276760004,-2.1773775885999935]]],[[[102.45749157400003,-2.1773775885999935],[102.85674707800004,-2.1773775885999935],[102.85674707800004,-2.0975264877999926],[102.45749157400003,-2.0975264877999926],[102.45749157400003,-2.1773775885999935]]],[[[103.81496028760003,-2.1773775885999935],[104.93287569880003,-2.1773775885999935],[104.93287569880003,-2.0975264877999926],[103.81496028760003,-2.0975264877999926],[103.81496028760003,-2.1773775885999935]]],[[[105.25228010200003,-2.1773775885999935],[105.49183340440004,-2.1773775885999935],[105.49183340440004,-2.0975264877999926],[105.25228010200003,-2.0975264877999926],[105.25228010200003,-2.1773775885999935]]],[[[105.65153560600004,-2.1773775885999935],[106.21049331160003,-2.1773775885999935],[106.21049331160003,-2.0975264877999926],[105.65153560600004,-2.0975264877999926],[105.65153560600004,-2.1773775885999935]]],[[[110.04334615000003,-2.1773775885999935],[110.52245275480004,-2.1773775885999935],[110.52245275480004,-2.0975264877999926],[110.04334615000003,-2.0975264877999926],[110.04334615000003,-2.1773775885999935]]],[[[112.11947477080004,-2.1773775885999935],[112.19932587160004,-2.1773775885999935],[112.19932587160004,-2.0975264877999926],[112.11947477080004,-2.0975264877999926],[112.11947477080004,-2.1773775885999935]]],[[[112.43887917400004,-2.1773775885999935],[115.23366770200003,-2.1773775885999935],[115.23366770200003,-2.0975264877999926],[112.43887917400004,-2.0975264877999926],[112.43887917400004,-2.1773775885999935]]],[[[115.39336990360003,-2.1773775885999935],[115.63292320600004,-2.1773775885999935],[115.63292320600004,-2.0975264877999926],[115.39336990360003,-2.0975264877999926],[115.39336990360003,-2.1773775885999935]]],[[[116.11202981080004,-2.1773775885999935],[116.59113641560003,-2.1773775885999935],[116.59113641560003,-2.0975264877999926],[116.11202981080004,-2.0975264877999926],[116.11202981080004,-2.1773775885999935]]],[[[119.14637164120003,-2.1773775885999935],[119.54562714520003,-2.1773775885999935],[119.54562714520003,-2.0975264877999926],[119.14637164120003,-2.0975264877999926],[119.14637164120003,-2.1773775885999935]]],[[[120.66354255640003,-2.1773775885999935],[120.74339365720003,-2.1773775885999935],[120.74339365720003,-2.0975264877999926],[120.66354255640003,-2.0975264877999926],[120.66354255640003,-2.1773775885999935]]],[[[121.38220246360004,-2.1773775885999935],[121.70160686680003,-2.1773775885999935],[121.70160686680003,-2.0975264877999926],[121.38220246360004,-2.0975264877999926],[121.38220246360004,-2.1773775885999935]]],[[[130.24567465240003,-2.1773775885999935],[130.32552575320003,-2.1773775885999935],[130.32552575320003,-2.0975264877999926],[130.24567465240003,-2.0975264877999926],[130.24567465240003,-2.1773775885999935]]],[[[132.08224997080004,-2.1773775885999935],[134.07852749080004,-2.1773775885999935],[134.07852749080004,-2.0975264877999926],[132.08224997080004,-2.0975264877999926],[132.08224997080004,-2.1773775885999935]]],[[[136.79346491800004,-2.1773775885999935],[137.99123143000003,-2.1773775885999935],[137.99123143000003,-2.0975264877999926],[136.79346491800004,-2.0975264877999926],[136.79346491800004,-2.1773775885999935]]],[[[138.07108253080003,-2.1773775885999935],[138.15093363160003,-2.1773775885999935],[138.15093363160003,-2.0975264877999926],[138.07108253080003,-2.0975264877999926],[138.07108253080003,-2.1773775885999935]]],[[[138.23078473240002,-2.1773775885999935],[138.39048693400002,-2.1773775885999935],[138.39048693400002,-2.0975264877999926],[138.23078473240002,-2.0975264877999926],[138.23078473240002,-2.1773775885999935]]],[[[138.47033803480002,-2.1773775885999935],[138.63004023640002,-2.1773775885999935],[138.63004023640002,-2.0975264877999926],[138.47033803480002,-2.0975264877999926],[138.47033803480002,-2.1773775885999935]]],[[[138.70989133720002,-2.1773775885999935],[139.42855124440004,-2.1773775885999935],[139.42855124440004,-2.0975264877999926],[138.70989133720002,-2.0975264877999926],[138.70989133720002,-2.1773775885999935]]],[[[99.66270304600003,-2.2572286893999927],[99.82240524760003,-2.2572286893999927],[99.82240524760003,-2.1773775885999935],[99.66270304600003,-2.1773775885999935],[99.66270304600003,-2.2572286893999927]]],[[[100.78061845720003,-2.2572286893999927],[101.17987396120003,-2.2572286893999927],[101.17987396120003,-2.1773775885999935],[100.78061845720003,-2.1773775885999935],[100.78061845720003,-2.2572286893999927]]],[[[102.53734267480003,-2.2572286893999927],[102.85674707800004,-2.2572286893999927],[102.85674707800004,-2.1773775885999935],[102.53734267480003,-2.1773775885999935],[102.53734267480003,-2.2572286893999927]]],[[[103.97466248920003,-2.2572286893999927],[104.93287569880003,-2.2572286893999927],[104.93287569880003,-2.1773775885999935],[103.97466248920003,-2.1773775885999935],[103.97466248920003,-2.2572286893999927]]],[[[105.73138670680004,-2.2572286893999927],[105.89108890840004,-2.2572286893999927],[105.89108890840004,-2.1773775885999935],[105.73138670680004,-2.1773775885999935],[105.73138670680004,-2.2572286893999927]]],[[[106.13064221080003,-2.2572286893999927],[106.21049331160003,-2.2572286893999927],[106.21049331160003,-2.1773775885999935],[106.13064221080003,-2.1773775885999935],[106.13064221080003,-2.2572286893999927]]],[[[110.04334615000003,-2.2572286893999927],[110.60230385560004,-2.2572286893999927],[110.60230385560004,-2.1773775885999935],[110.04334615000003,-2.1773775885999935],[110.04334615000003,-2.2572286893999927]]],[[[110.84185715800004,-2.2572286893999927],[111.00155935960004,-2.2572286893999927],[111.00155935960004,-2.1773775885999935],[110.84185715800004,-2.1773775885999935],[110.84185715800004,-2.2572286893999927]]],[[[112.03962367000004,-2.2572286893999927],[112.19932587160004,-2.2572286893999927],[112.19932587160004,-2.1773775885999935],[112.03962367000004,-2.1773775885999935],[112.03962367000004,-2.2572286893999927]]],[[[112.59858137560003,-2.2572286893999927],[115.31351880280003,-2.2572286893999927],[115.31351880280003,-2.1773775885999935],[112.59858137560003,-2.1773775885999935],[112.59858137560003,-2.2572286893999927]]],[[[115.47322100440003,-2.2572286893999927],[115.71277430680004,-2.2572286893999927],[115.71277430680004,-2.1773775885999935],[115.47322100440003,-2.1773775885999935],[115.47322100440003,-2.2572286893999927]]],[[[116.03217871000004,-2.2572286893999927],[116.67098751640003,-2.2572286893999927],[116.67098751640003,-2.1773775885999935],[116.03217871000004,-2.1773775885999935],[116.03217871000004,-2.2572286893999927]]],[[[119.14637164120003,-2.2572286893999927],[119.54562714520003,-2.2572286893999927],[119.54562714520003,-2.1773775885999935],[119.14637164120003,-2.1773775885999935],[119.14637164120003,-2.2572286893999927]]],[[[121.46205356440004,-2.2572286893999927],[121.78145796760003,-2.2572286893999927],[121.78145796760003,-2.1773775885999935],[121.46205356440004,-2.1773775885999935],[121.46205356440004,-2.2572286893999927]]],[[[132.24195217240003,-2.2572286893999927],[134.07852749080004,-2.2572286893999927],[134.07852749080004,-2.1773775885999935],[132.24195217240003,-2.1773775885999935],[132.24195217240003,-2.2572286893999927]]],[[[136.31435831320005,-2.2572286893999927],[138.23078473240002,-2.2572286893999927],[138.23078473240002,-2.1773775885999935],[136.31435831320005,-2.1773775885999935],[136.31435831320005,-2.2572286893999927]]],[[[138.31063583320002,-2.2572286893999927],[138.39048693400002,-2.2572286893999927],[138.39048693400002,-2.1773775885999935],[138.31063583320002,-2.1773775885999935],[138.31063583320002,-2.2572286893999927]]],[[[138.47033803480002,-2.2572286893999927],[138.63004023640002,-2.2572286893999927],[138.63004023640002,-2.1773775885999935],[138.47033803480002,-2.1773775885999935],[138.47033803480002,-2.2572286893999927]]],[[[138.70989133720002,-2.2572286893999927],[139.50840234520004,-2.2572286893999927],[139.50840234520004,-2.1773775885999935],[138.70989133720002,-2.1773775885999935],[138.70989133720002,-2.2572286893999927]]],[[[99.74255414680003,-2.3370797901999936],[99.82240524760003,-2.3370797901999936],[99.82240524760003,-2.2572286893999927],[99.74255414680003,-2.2572286893999927],[99.74255414680003,-2.3370797901999936]]],[[[100.86046955800003,-2.3370797901999936],[101.17987396120003,-2.3370797901999936],[101.17987396120003,-2.2572286893999927],[100.86046955800003,-2.2572286893999927],[100.86046955800003,-2.3370797901999936]]],[[[102.45749157400003,-2.3370797901999936],[102.77689597720004,-2.3370797901999936],[102.77689597720004,-2.2572286893999927],[102.45749157400003,-2.2572286893999927],[102.45749157400003,-2.3370797901999936]]],[[[104.05451359000003,-2.3370797901999936],[105.01272679960003,-2.3370797901999936],[105.01272679960003,-2.2572286893999927],[104.05451359000003,-2.2572286893999927],[104.05451359000003,-2.3370797901999936]]],[[[105.17242900120003,-2.3370797901999936],[105.25228010200003,-2.3370797901999936],[105.25228010200003,-2.2572286893999927],[105.17242900120003,-2.2572286893999927],[105.17242900120003,-2.3370797901999936]]],[[[105.73138670680004,-2.3370797901999936],[105.97094000920004,-2.3370797901999936],[105.97094000920004,-2.2572286893999927],[105.73138670680004,-2.2572286893999927],[105.73138670680004,-2.3370797901999936]]],[[[106.05079111000003,-2.3370797901999936],[106.29034441240003,-2.3370797901999936],[106.29034441240003,-2.2572286893999927],[106.05079111000003,-2.2572286893999927],[106.05079111000003,-2.3370797901999936]]],[[[110.04334615000003,-2.3370797901999936],[110.60230385560004,-2.3370797901999936],[110.60230385560004,-2.2572286893999927],[110.04334615000003,-2.2572286893999927],[110.04334615000003,-2.3370797901999936]]],[[[110.92170825880004,-2.3370797901999936],[111.00155935960004,-2.3370797901999936],[111.00155935960004,-2.2572286893999927],[110.92170825880004,-2.2572286893999927],[110.92170825880004,-2.3370797901999936]]],[[[111.40081486360003,-2.3370797901999936],[111.56051706520003,-2.3370797901999936],[111.56051706520003,-2.2572286893999927],[111.40081486360003,-2.2572286893999927],[111.40081486360003,-2.3370797901999936]]],[[[111.64036816600003,-2.3370797901999936],[111.80007036760003,-2.3370797901999936],[111.80007036760003,-2.2572286893999927],[111.64036816600003,-2.2572286893999927],[111.64036816600003,-2.3370797901999936]]],[[[112.03962367000004,-2.3370797901999936],[112.27917697240004,-2.3370797901999936],[112.27917697240004,-2.2572286893999927],[112.03962367000004,-2.2572286893999927],[112.03962367000004,-2.3370797901999936]]],[[[112.51873027480003,-2.3370797901999936],[115.39336990360003,-2.3370797901999936],[115.39336990360003,-2.2572286893999927],[112.51873027480003,-2.2572286893999927],[112.51873027480003,-2.3370797901999936]]],[[[115.47322100440003,-2.3370797901999936],[115.71277430680004,-2.3370797901999936],[115.71277430680004,-2.2572286893999927],[115.47322100440003,-2.2572286893999927],[115.47322100440003,-2.3370797901999936]]],[[[115.95232760920004,-2.3370797901999936],[116.11202981080004,-2.3370797901999936],[116.11202981080004,-2.2572286893999927],[115.95232760920004,-2.2572286893999927],[115.95232760920004,-2.3370797901999936]]],[[[116.27173201240004,-2.3370797901999936],[116.59113641560003,-2.3370797901999936],[116.59113641560003,-2.2572286893999927],[116.27173201240004,-2.2572286893999927],[116.27173201240004,-2.3370797901999936]]],[[[119.06652054040003,-2.3370797901999936],[119.38592494360003,-2.3370797901999936],[119.38592494360003,-2.2572286893999927],[119.06652054040003,-2.2572286893999927],[119.06652054040003,-2.3370797901999936]]],[[[121.70160686680003,-2.3370797901999936],[121.78145796760003,-2.3370797901999936],[121.78145796760003,-2.2572286893999927],[121.70160686680003,-2.2572286893999927],[121.70160686680003,-2.3370797901999936]]],[[[132.24195217240003,-2.3370797901999936],[132.40165437400003,-2.3370797901999936],[132.40165437400003,-2.2572286893999927],[132.24195217240003,-2.2572286893999927],[132.24195217240003,-2.3370797901999936]]],[[[132.64120767640003,-2.3370797901999936],[132.80090987800003,-2.3370797901999936],[132.80090987800003,-2.2572286893999927],[132.64120767640003,-2.2572286893999927],[132.64120767640003,-2.3370797901999936]]],[[[132.88076097880003,-2.3370797901999936],[133.04046318040002,-2.3370797901999936],[133.04046318040002,-2.2572286893999927],[132.88076097880003,-2.2572286893999927],[132.88076097880003,-2.3370797901999936]]],[[[133.67927198680005,-2.3370797901999936],[134.15837859160004,-2.3370797901999936],[134.15837859160004,-2.2572286893999927],[133.67927198680005,-2.2572286893999927],[133.67927198680005,-2.3370797901999936]]],[[[136.31435831320005,-2.3370797901999936],[137.67182702680003,-2.3370797901999936],[137.67182702680003,-2.2572286893999927],[136.31435831320005,-2.2572286893999927],[136.31435831320005,-2.3370797901999936]]],[[[137.75167812760003,-2.3370797901999936],[138.15093363160003,-2.3370797901999936],[138.15093363160003,-2.2572286893999927],[137.75167812760003,-2.2572286893999927],[137.75167812760003,-2.3370797901999936]]],[[[138.31063583320002,-2.3370797901999936],[138.39048693400002,-2.3370797901999936],[138.39048693400002,-2.2572286893999927],[138.31063583320002,-2.2572286893999927],[138.31063583320002,-2.3370797901999936]]],[[[138.47033803480002,-2.3370797901999936],[138.55018913560002,-2.3370797901999936],[138.55018913560002,-2.2572286893999927],[138.47033803480002,-2.2572286893999927],[138.47033803480002,-2.3370797901999936]]],[[[138.63004023640002,-2.3370797901999936],[139.18899794200004,-2.3370797901999936],[139.18899794200004,-2.2572286893999927],[138.63004023640002,-2.2572286893999927],[138.63004023640002,-2.3370797901999936]]],[[[139.26884904280004,-2.3370797901999936],[139.74795564760004,-2.3370797901999936],[139.74795564760004,-2.2572286893999927],[139.26884904280004,-2.2572286893999927],[139.26884904280004,-2.3370797901999936]]],[[[140.06736005080003,-2.3370797901999936],[140.14721115160003,-2.3370797901999936],[140.14721115160003,-2.2572286893999927],[140.06736005080003,-2.2572286893999927],[140.06736005080003,-2.3370797901999936]]],[[[100.86046955800003,-2.4169308909999927],[101.25972506200003,-2.4169308909999927],[101.25972506200003,-2.3370797901999936],[100.86046955800003,-2.3370797901999936],[100.86046955800003,-2.4169308909999927]]],[[[102.53734267480003,-2.4169308909999927],[102.77689597720004,-2.4169308909999927],[102.77689597720004,-2.3370797901999936],[102.53734267480003,-2.3370797901999936],[102.53734267480003,-2.4169308909999927]]],[[[104.05451359000003,-2.4169308909999927],[105.65153560600004,-2.4169308909999927],[105.65153560600004,-2.3370797901999936],[104.05451359000003,-2.3370797901999936],[104.05451359000003,-2.4169308909999927]]],[[[105.73138670680004,-2.4169308909999927],[106.29034441240003,-2.4169308909999927],[106.29034441240003,-2.3370797901999936],[105.73138670680004,-2.3370797901999936],[105.73138670680004,-2.4169308909999927]]],[[[110.12319725080003,-2.4169308909999927],[110.52245275480004,-2.4169308909999927],[110.52245275480004,-2.3370797901999936],[110.12319725080003,-2.3370797901999936],[110.12319725080003,-2.4169308909999927]]],[[[110.92170825880004,-2.4169308909999927],[111.80007036760003,-2.4169308909999927],[111.80007036760003,-2.3370797901999936],[110.92170825880004,-2.3370797901999936],[110.92170825880004,-2.4169308909999927]]],[[[112.03962367000004,-2.4169308909999927],[112.27917697240004,-2.4169308909999927],[112.27917697240004,-2.3370797901999936],[112.03962367000004,-2.3370797901999936],[112.03962367000004,-2.4169308909999927]]],[[[112.51873027480003,-2.4169308909999927],[115.47322100440003,-2.4169308909999927],[115.47322100440003,-2.3370797901999936],[112.51873027480003,-2.3370797901999936],[112.51873027480003,-2.4169308909999927]]],[[[115.55307210520003,-2.4169308909999927],[115.63292320600004,-2.4169308909999927],[115.63292320600004,-2.3370797901999936],[115.55307210520003,-2.3370797901999936],[115.55307210520003,-2.4169308909999927]]],[[[116.11202981080004,-2.4169308909999927],[116.43143421400003,-2.4169308909999927],[116.43143421400003,-2.3370797901999936],[116.11202981080004,-2.3370797901999936],[116.11202981080004,-2.4169308909999927]]],[[[116.51128531480003,-2.4169308909999927],[116.59113641560003,-2.4169308909999927],[116.59113641560003,-2.3370797901999936],[116.51128531480003,-2.3370797901999936],[116.51128531480003,-2.4169308909999927]]],[[[119.14637164120003,-2.4169308909999927],[119.30607384280003,-2.4169308909999927],[119.30607384280003,-2.3370797901999936],[119.14637164120003,-2.3370797901999936],[119.14637164120003,-2.4169308909999927]]],[[[120.74339365720003,-2.4169308909999927],[120.90309585880004,-2.4169308909999927],[120.90309585880004,-2.3370797901999936],[120.74339365720003,-2.3370797901999936],[120.74339365720003,-2.4169308909999927]]],[[[133.20016538200002,-2.4169308909999927],[133.28001648280002,-2.4169308909999927],[133.28001648280002,-2.3370797901999936],[133.20016538200002,-2.3370797901999936],[133.20016538200002,-2.4169308909999927]]],[[[133.75912308760005,-2.4169308909999927],[134.15837859160004,-2.4169308909999927],[134.15837859160004,-2.3370797901999936],[133.75912308760005,-2.3370797901999936],[133.75912308760005,-2.4169308909999927]]],[[[136.23450721240005,-2.4169308909999927],[137.75167812760003,-2.4169308909999927],[137.75167812760003,-2.3370797901999936],[136.23450721240005,-2.3370797901999936],[136.23450721240005,-2.4169308909999927]]],[[[137.99123143000003,-2.4169308909999927],[138.07108253080003,-2.4169308909999927],[138.07108253080003,-2.3370797901999936],[137.99123143000003,-2.3370797901999936],[137.99123143000003,-2.4169308909999927]]],[[[138.47033803480002,-2.4169308909999927],[138.55018913560002,-2.4169308909999927],[138.55018913560002,-2.3370797901999936],[138.47033803480002,-2.3370797901999936],[138.47033803480002,-2.4169308909999927]]],[[[138.63004023640002,-2.4169308909999927],[138.86959353880005,-2.4169308909999927],[138.86959353880005,-2.3370797901999936],[138.63004023640002,-2.3370797901999936],[138.63004023640002,-2.4169308909999927]]],[[[138.94944463960005,-2.4169308909999927],[139.18899794200004,-2.4169308909999927],[139.18899794200004,-2.3370797901999936],[138.94944463960005,-2.3370797901999936],[138.94944463960005,-2.4169308909999927]]],[[[139.26884904280004,-2.4169308909999927],[140.22706225240003,-2.4169308909999927],[140.22706225240003,-2.3370797901999936],[139.26884904280004,-2.3370797901999936],[139.26884904280004,-2.4169308909999927]]],[[[100.94032065880003,-2.4967819917999936],[101.25972506200003,-2.4967819917999936],[101.25972506200003,-2.4169308909999927],[100.94032065880003,-2.4169308909999927],[100.94032065880003,-2.4967819917999936]]],[[[102.29778937240003,-2.4967819917999936],[102.37764047320003,-2.4967819917999936],[102.37764047320003,-2.4169308909999927],[102.29778937240003,-2.4169308909999927],[102.29778937240003,-2.4967819917999936]]],[[[102.53734267480003,-2.4967819917999936],[102.61719377560003,-2.4967819917999936],[102.61719377560003,-2.4169308909999927],[102.53734267480003,-2.4169308909999927],[102.53734267480003,-2.4967819917999936]]],[[[102.69704487640004,-2.4967819917999936],[102.85674707800004,-2.4967819917999936],[102.85674707800004,-2.4169308909999927],[102.69704487640004,-2.4169308909999927],[102.69704487640004,-2.4967819917999936]]],[[[104.05451359000003,-2.4967819917999936],[105.65153560600004,-2.4967819917999936],[105.65153560600004,-2.4169308909999927],[104.05451359000003,-2.4169308909999927],[104.05451359000003,-2.4967819917999936]]],[[[105.81123780760004,-2.4967819917999936],[106.45004661400003,-2.4967819917999936],[106.45004661400003,-2.4169308909999927],[105.81123780760004,-2.4169308909999927],[105.81123780760004,-2.4967819917999936]]],[[[110.12319725080003,-2.4967819917999936],[110.52245275480004,-2.4967819917999936],[110.52245275480004,-2.4169308909999927],[110.12319725080003,-2.4169308909999927],[110.12319725080003,-2.4967819917999936]]],[[[110.68215495640004,-2.4967819917999936],[111.95977256920003,-2.4967819917999936],[111.95977256920003,-2.4169308909999927],[110.68215495640004,-2.4169308909999927],[110.68215495640004,-2.4967819917999936]]],[[[112.03962367000004,-2.4967819917999936],[112.27917697240004,-2.4967819917999936],[112.27917697240004,-2.4169308909999927],[112.03962367000004,-2.4169308909999927],[112.03962367000004,-2.4967819917999936]]],[[[112.51873027480003,-2.4967819917999936],[115.47322100440003,-2.4967819917999936],[115.47322100440003,-2.4169308909999927],[112.51873027480003,-2.4169308909999927],[112.51873027480003,-2.4967819917999936]]],[[[115.55307210520003,-2.4967819917999936],[115.71277430680004,-2.4967819917999936],[115.71277430680004,-2.4169308909999927],[115.55307210520003,-2.4169308909999927],[115.55307210520003,-2.4967819917999936]]],[[[116.19188091160004,-2.4967819917999936],[116.51128531480003,-2.4967819917999936],[116.51128531480003,-2.4169308909999927],[116.19188091160004,-2.4169308909999927],[116.19188091160004,-2.4967819917999936]]],[[[119.06652054040003,-2.4967819917999936],[119.22622274200003,-2.4967819917999936],[119.22622274200003,-2.4169308909999927],[119.06652054040003,-2.4169308909999927],[119.06652054040003,-2.4967819917999936]]],[[[120.26428705240004,-2.4967819917999936],[120.34413815320003,-2.4967819917999936],[120.34413815320003,-2.4169308909999927],[120.26428705240004,-2.4169308909999927],[120.26428705240004,-2.4967819917999936]]],[[[120.74339365720003,-2.4967819917999936],[120.98294695960004,-2.4967819917999936],[120.98294695960004,-2.4169308909999927],[120.74339365720003,-2.4169308909999927],[120.74339365720003,-2.4967819917999936]]],[[[133.04046318040002,-2.4967819917999936],[134.07852749080004,-2.4967819917999936],[134.07852749080004,-2.4169308909999927],[133.04046318040002,-2.4169308909999927],[133.04046318040002,-2.4967819917999936]]],[[[136.23450721240005,-2.4967819917999936],[136.63376271640004,-2.4967819917999936],[136.63376271640004,-2.4169308909999927],[136.23450721240005,-2.4169308909999927],[136.23450721240005,-2.4967819917999936]]],[[[137.51212482520003,-2.4967819917999936],[137.59197592600003,-2.4967819917999936],[137.59197592600003,-2.4169308909999927],[137.51212482520003,-2.4169308909999927],[137.51212482520003,-2.4967819917999936]]],[[[138.70989133720002,-2.4967819917999936],[138.86959353880005,-2.4967819917999936],[138.86959353880005,-2.4169308909999927],[138.70989133720002,-2.4169308909999927],[138.70989133720002,-2.4967819917999936]]],[[[139.02929574040004,-2.4967819917999936],[139.26884904280004,-2.4967819917999936],[139.26884904280004,-2.4169308909999927],[139.02929574040004,-2.4169308909999927],[139.02929574040004,-2.4967819917999936]]],[[[139.58825344600004,-2.4967819917999936],[140.14721115160003,-2.4967819917999936],[140.14721115160003,-2.4169308909999927],[139.58825344600004,-2.4169308909999927],[139.58825344600004,-2.4967819917999936]]],[[[140.70616885720003,-2.4967819917999936],[140.78601995800005,-2.4967819917999936],[140.78601995800005,-2.4169308909999927],[140.70616885720003,-2.4169308909999927],[140.70616885720003,-2.4967819917999936]]],[[[101.02017175960003,-2.5766330925999927],[101.33957616280003,-2.5766330925999927],[101.33957616280003,-2.4967819917999936],[101.02017175960003,-2.4967819917999936],[101.02017175960003,-2.5766330925999927]]],[[[102.53734267480003,-2.5766330925999927],[102.61719377560003,-2.5766330925999927],[102.61719377560003,-2.4967819917999936],[102.53734267480003,-2.4967819917999936],[102.53734267480003,-2.5766330925999927]]],[[[102.69704487640004,-2.5766330925999927],[102.77689597720004,-2.5766330925999927],[102.77689597720004,-2.4967819917999936],[102.69704487640004,-2.4967819917999936],[102.69704487640004,-2.5766330925999927]]],[[[102.93659817880004,-2.5766330925999927],[103.09630038040004,-2.5766330925999927],[103.09630038040004,-2.4967819917999936],[102.93659817880004,-2.4967819917999936],[102.93659817880004,-2.5766330925999927]]],[[[103.97466248920003,-2.5766330925999927],[105.65153560600004,-2.5766330925999927],[105.65153560600004,-2.4967819917999936],[103.97466248920003,-2.4967819917999936],[103.97466248920003,-2.5766330925999927]]],[[[105.89108890840004,-2.5766330925999927],[106.45004661400003,-2.5766330925999927],[106.45004661400003,-2.4967819917999936],[105.89108890840004,-2.4967819917999936],[105.89108890840004,-2.5766330925999927]]],[[[106.52989771480003,-2.5766330925999927],[106.84930211800004,-2.5766330925999927],[106.84930211800004,-2.4967819917999936],[106.52989771480003,-2.4967819917999936],[106.52989771480003,-2.5766330925999927]]],[[[107.72766422680003,-2.5766330925999927],[108.04706863000004,-2.5766330925999927],[108.04706863000004,-2.4967819917999936],[107.72766422680003,-2.4967819917999936],[107.72766422680003,-2.5766330925999927]]],[[[110.12319725080003,-2.5766330925999927],[110.44260165400004,-2.5766330925999927],[110.44260165400004,-2.4967819917999936],[110.12319725080003,-2.4967819917999936],[110.12319725080003,-2.5766330925999927]]],[[[110.60230385560004,-2.5766330925999927],[111.95977256920003,-2.5766330925999927],[111.95977256920003,-2.4967819917999936],[110.60230385560004,-2.4967819917999936],[110.60230385560004,-2.5766330925999927]]],[[[112.03962367000004,-2.5766330925999927],[112.43887917400004,-2.5766330925999927],[112.43887917400004,-2.4967819917999936],[112.03962367000004,-2.4967819917999936],[112.03962367000004,-2.5766330925999927]]],[[[112.59858137560003,-2.5766330925999927],[115.63292320600004,-2.5766330925999927],[115.63292320600004,-2.4967819917999936],[112.59858137560003,-2.4967819917999936],[112.59858137560003,-2.5766330925999927]]],[[[116.11202981080004,-2.5766330925999927],[116.51128531480003,-2.5766330925999927],[116.51128531480003,-2.4967819917999936],[116.11202981080004,-2.4967819917999936],[116.11202981080004,-2.5766330925999927]]],[[[119.06652054040003,-2.5766330925999927],[119.14637164120003,-2.5766330925999927],[119.14637164120003,-2.4967819917999936],[119.06652054040003,-2.4967819917999936],[119.06652054040003,-2.5766330925999927]]],[[[120.18443595160004,-2.5766330925999927],[120.42398925400003,-2.5766330925999927],[120.42398925400003,-2.4967819917999936],[120.18443595160004,-2.4967819917999936],[120.18443595160004,-2.5766330925999927]]],[[[120.50384035480003,-2.5766330925999927],[120.58369145560003,-2.5766330925999927],[120.58369145560003,-2.4967819917999936],[120.50384035480003,-2.4967819917999936],[120.50384035480003,-2.5766330925999927]]],[[[120.66354255640003,-2.5766330925999927],[121.06279806040004,-2.5766330925999927],[121.06279806040004,-2.4967819917999936],[120.66354255640003,-2.4967819917999936],[120.66354255640003,-2.5766330925999927]]],[[[132.96061207960003,-2.5766330925999927],[134.07852749080004,-2.5766330925999927],[134.07852749080004,-2.4967819917999936],[132.96061207960003,-2.4967819917999936],[132.96061207960003,-2.5766330925999927]]],[[[136.23450721240005,-2.5766330925999927],[136.63376271640004,-2.5766330925999927],[136.63376271640004,-2.4967819917999936],[136.23450721240005,-2.4967819917999936],[136.23450721240005,-2.5766330925999927]]],[[[139.18899794200004,-2.5766330925999927],[139.26884904280004,-2.5766330925999927],[139.26884904280004,-2.4967819917999936],[139.18899794200004,-2.4967819917999936],[139.18899794200004,-2.5766330925999927]]],[[[139.74795564760004,-2.5766330925999927],[140.14721115160003,-2.5766330925999927],[140.14721115160003,-2.4967819917999936],[139.74795564760004,-2.4967819917999936],[139.74795564760004,-2.5766330925999927]]],[[[140.62631775640003,-2.5766330925999927],[140.78601995800005,-2.5766330925999927],[140.78601995800005,-2.4967819917999936],[140.62631775640003,-2.4967819917999936],[140.62631775640003,-2.5766330925999927]]],[[[99.98210744920003,-2.6564841933999936],[100.22166075160004,-2.6564841933999936],[100.22166075160004,-2.5766330925999927],[99.98210744920003,-2.5766330925999927],[99.98210744920003,-2.6564841933999936]]],[[[101.02017175960003,-2.6564841933999936],[101.33957616280003,-2.6564841933999936],[101.33957616280003,-2.5766330925999927],[101.02017175960003,-2.5766330925999927],[101.02017175960003,-2.6564841933999936]]],[[[102.61719377560003,-2.6564841933999936],[102.85674707800004,-2.6564841933999936],[102.85674707800004,-2.5766330925999927],[102.61719377560003,-2.5766330925999927],[102.61719377560003,-2.6564841933999936]]],[[[102.93659817880004,-2.6564841933999936],[103.41570478360003,-2.6564841933999936],[103.41570478360003,-2.5766330925999927],[102.93659817880004,-2.5766330925999927],[102.93659817880004,-2.6564841933999936]]],[[[103.65525808600003,-2.6564841933999936],[103.73510918680003,-2.6564841933999936],[103.73510918680003,-2.5766330925999927],[103.65525808600003,-2.5766330925999927],[103.65525808600003,-2.6564841933999936]]],[[[103.97466248920003,-2.6564841933999936],[105.65153560600004,-2.6564841933999936],[105.65153560600004,-2.5766330925999927],[103.97466248920003,-2.5766330925999927],[103.97466248920003,-2.6564841933999936]]],[[[105.89108890840004,-2.6564841933999936],[105.97094000920004,-2.6564841933999936],[105.97094000920004,-2.5766330925999927],[105.89108890840004,-2.5766330925999927],[105.89108890840004,-2.6564841933999936]]],[[[106.05079111000003,-2.6564841933999936],[106.13064221080003,-2.6564841933999936],[106.13064221080003,-2.5766330925999927],[106.05079111000003,-2.5766330925999927],[106.05079111000003,-2.6564841933999936]]],[[[106.68959991640003,-2.6564841933999936],[106.76945101720004,-2.6564841933999936],[106.76945101720004,-2.5766330925999927],[106.68959991640003,-2.5766330925999927],[106.68959991640003,-2.6564841933999936]]],[[[107.56796202520003,-2.6564841933999936],[107.64781312600003,-2.6564841933999936],[107.64781312600003,-2.5766330925999927],[107.56796202520003,-2.5766330925999927],[107.56796202520003,-2.6564841933999936]]],[[[107.72766422680003,-2.6564841933999936],[107.80751532760003,-2.6564841933999936],[107.80751532760003,-2.5766330925999927],[107.72766422680003,-2.5766330925999927],[107.72766422680003,-2.6564841933999936]]],[[[107.88736642840004,-2.6564841933999936],[108.20677083160004,-2.6564841933999936],[108.20677083160004,-2.5766330925999927],[107.88736642840004,-2.5766330925999927],[107.88736642840004,-2.6564841933999936]]],[[[110.12319725080003,-2.6564841933999936],[111.95977256920003,-2.6564841933999936],[111.95977256920003,-2.5766330925999927],[110.12319725080003,-2.5766330925999927],[110.12319725080003,-2.6564841933999936]]],[[[112.11947477080004,-2.6564841933999936],[115.55307210520003,-2.6564841933999936],[115.55307210520003,-2.5766330925999927],[112.11947477080004,-2.5766330925999927],[112.11947477080004,-2.6564841933999936]]],[[[116.11202981080004,-2.6564841933999936],[116.43143421400003,-2.6564841933999936],[116.43143421400003,-2.5766330925999927],[116.11202981080004,-2.5766330925999927],[116.11202981080004,-2.6564841933999936]]],[[[118.90681833880004,-2.6564841933999936],[118.98666943960004,-2.6564841933999936],[118.98666943960004,-2.5766330925999927],[118.90681833880004,-2.5766330925999927],[118.90681833880004,-2.6564841933999936]]],[[[119.06652054040003,-2.6564841933999936],[119.14637164120003,-2.6564841933999936],[119.14637164120003,-2.5766330925999927],[119.06652054040003,-2.5766330925999927],[119.06652054040003,-2.6564841933999936]]],[[[120.18443595160004,-2.6564841933999936],[121.14264916120004,-2.6564841933999936],[121.14264916120004,-2.5766330925999927],[120.18443595160004,-2.5766330925999927],[120.18443595160004,-2.6564841933999936]]],[[[121.46205356440004,-2.6564841933999936],[121.54190466520004,-2.6564841933999936],[121.54190466520004,-2.5766330925999927],[121.46205356440004,-2.5766330925999927],[121.46205356440004,-2.6564841933999936]]],[[[121.70160686680003,-2.6564841933999936],[121.78145796760003,-2.6564841933999936],[121.78145796760003,-2.5766330925999927],[121.70160686680003,-2.5766330925999927],[121.70160686680003,-2.6564841933999936]]],[[[122.02101127000003,-2.6564841933999936],[122.10086237080003,-2.6564841933999936],[122.10086237080003,-2.5766330925999927],[122.02101127000003,-2.5766330925999927],[122.02101127000003,-2.6564841933999936]]],[[[132.88076097880003,-2.6564841933999936],[134.07852749080004,-2.6564841933999936],[134.07852749080004,-2.5766330925999927],[132.88076097880003,-2.5766330925999927],[132.88076097880003,-2.6564841933999936]]],[[[134.23822969240004,-2.6564841933999936],[134.47778299480004,-2.6564841933999936],[134.47778299480004,-2.5766330925999927],[134.23822969240004,-2.5766330925999927],[134.23822969240004,-2.6564841933999936]]],[[[136.07480501080005,-2.6564841933999936],[136.47406051480004,-2.6564841933999936],[136.47406051480004,-2.5766330925999927],[136.07480501080005,-2.5766330925999927],[136.07480501080005,-2.6564841933999936]]],[[[138.39048693400002,-2.6564841933999936],[138.47033803480002,-2.6564841933999936],[138.47033803480002,-2.5766330925999927],[138.39048693400002,-2.5766330925999927],[138.39048693400002,-2.6564841933999936]]],[[[138.55018913560002,-2.6564841933999936],[138.63004023640002,-2.6564841933999936],[138.63004023640002,-2.5766330925999927],[138.55018913560002,-2.5766330925999927],[138.55018913560002,-2.6564841933999936]]],[[[139.74795564760004,-2.6564841933999936],[139.82780674840004,-2.6564841933999936],[139.82780674840004,-2.5766330925999927],[139.74795564760004,-2.5766330925999927],[139.74795564760004,-2.6564841933999936]]],[[[139.98750895000003,-2.6564841933999936],[140.06736005080003,-2.6564841933999936],[140.06736005080003,-2.5766330925999927],[139.98750895000003,-2.5766330925999927],[139.98750895000003,-2.6564841933999936]]],[[[140.38676445400003,-2.6564841933999936],[141.02557326040005,-2.6564841933999936],[141.02557326040005,-2.5766330925999927],[140.38676445400003,-2.5766330925999927],[140.38676445400003,-2.6564841933999936]]],[[[100.14180965080004,-2.7363352941999928],[100.22166075160004,-2.7363352941999928],[100.22166075160004,-2.6564841933999936],[100.14180965080004,-2.6564841933999936],[100.14180965080004,-2.7363352941999928]]],[[[101.17987396120003,-2.7363352941999928],[101.41942726360003,-2.7363352941999928],[101.41942726360003,-2.6564841933999936],[101.17987396120003,-2.6564841933999936],[101.17987396120003,-2.7363352941999928]]],[[[102.61719377560003,-2.7363352941999928],[102.69704487640004,-2.7363352941999928],[102.69704487640004,-2.6564841933999936],[102.61719377560003,-2.6564841933999936],[102.61719377560003,-2.7363352941999928]]],[[[102.77689597720004,-2.7363352941999928],[103.57540698520003,-2.7363352941999928],[103.57540698520003,-2.6564841933999936],[102.77689597720004,-2.6564841933999936],[102.77689597720004,-2.7363352941999928]]],[[[103.65525808600003,-2.7363352941999928],[103.89481138840003,-2.7363352941999928],[103.89481138840003,-2.6564841933999936],[103.65525808600003,-2.6564841933999936],[103.65525808600003,-2.7363352941999928]]],[[[103.97466248920003,-2.7363352941999928],[105.81123780760004,-2.7363352941999928],[105.81123780760004,-2.6564841933999936],[103.97466248920003,-2.6564841933999936],[103.97466248920003,-2.7363352941999928]]],[[[105.89108890840004,-2.7363352941999928],[106.13064221080003,-2.7363352941999928],[106.13064221080003,-2.6564841933999936],[105.89108890840004,-2.6564841933999936],[105.89108890840004,-2.7363352941999928]]],[[[106.45004661400003,-2.7363352941999928],[106.68959991640003,-2.7363352941999928],[106.68959991640003,-2.6564841933999936],[106.45004661400003,-2.6564841933999936],[106.45004661400003,-2.7363352941999928]]],[[[107.88736642840004,-2.7363352941999928],[108.04706863000004,-2.7363352941999928],[108.04706863000004,-2.6564841933999936],[107.88736642840004,-2.6564841933999936],[107.88736642840004,-2.7363352941999928]]],[[[108.12691973080004,-2.7363352941999928],[108.20677083160004,-2.7363352941999928],[108.20677083160004,-2.6564841933999936],[108.12691973080004,-2.6564841933999936],[108.12691973080004,-2.7363352941999928]]],[[[110.04334615000003,-2.7363352941999928],[111.95977256920003,-2.7363352941999928],[111.95977256920003,-2.6564841933999936],[110.04334615000003,-2.6564841933999936],[110.04334615000003,-2.7363352941999928]]],[[[112.11947477080004,-2.7363352941999928],[112.43887917400004,-2.7363352941999928],[112.43887917400004,-2.6564841933999936],[112.11947477080004,-2.6564841933999936],[112.11947477080004,-2.7363352941999928]]],[[[112.51873027480003,-2.7363352941999928],[115.31351880280003,-2.7363352941999928],[115.31351880280003,-2.6564841933999936],[112.51873027480003,-2.6564841933999936],[112.51873027480003,-2.7363352941999928]]],[[[116.19188091160004,-2.7363352941999928],[116.43143421400003,-2.7363352941999928],[116.43143421400003,-2.6564841933999936],[116.19188091160004,-2.6564841933999936],[116.19188091160004,-2.7363352941999928]]],[[[118.90681833880004,-2.7363352941999928],[118.98666943960004,-2.7363352941999928],[118.98666943960004,-2.6564841933999936],[118.90681833880004,-2.6564841933999936],[118.90681833880004,-2.7363352941999928]]],[[[120.18443595160004,-2.7363352941999928],[120.66354255640003,-2.7363352941999928],[120.66354255640003,-2.6564841933999936],[120.18443595160004,-2.6564841933999936],[120.18443595160004,-2.7363352941999928]]],[[[120.90309585880004,-2.7363352941999928],[121.22250026200004,-2.7363352941999928],[121.22250026200004,-2.6564841933999936],[120.90309585880004,-2.6564841933999936],[120.90309585880004,-2.7363352941999928]]],[[[132.32180327320003,-2.7363352941999928],[132.40165437400003,-2.7363352941999928],[132.40165437400003,-2.6564841933999936],[132.32180327320003,-2.6564841933999936],[132.32180327320003,-2.7363352941999928]]],[[[132.80090987800003,-2.7363352941999928],[133.99867639000004,-2.7363352941999928],[133.99867639000004,-2.6564841933999936],[132.80090987800003,-2.6564841933999936],[132.80090987800003,-2.7363352941999928]]],[[[135.99495391000005,-2.7363352941999928],[136.47406051480004,-2.7363352941999928],[136.47406051480004,-2.6564841933999936],[135.99495391000005,-2.6564841933999936],[135.99495391000005,-2.7363352941999928]]],[[[138.47033803480002,-2.7363352941999928],[138.70989133720002,-2.7363352941999928],[138.70989133720002,-2.6564841933999936],[138.47033803480002,-2.6564841933999936],[138.47033803480002,-2.7363352941999928]]],[[[140.54646665560003,-2.7363352941999928],[141.02557326040005,-2.7363352941999928],[141.02557326040005,-2.6564841933999936],[140.54646665560003,-2.6564841933999936],[140.54646665560003,-2.7363352941999928]]],[[[141.34497766360005,-2.7363352941999928],[141.42482876440005,-2.7363352941999928],[141.42482876440005,-2.6564841933999936],[141.34497766360005,-2.6564841933999936],[141.34497766360005,-2.7363352941999928]]],[[[99.98210744920003,-2.8161863949999937],[100.22166075160004,-2.8161863949999937],[100.22166075160004,-2.7363352941999928],[99.98210744920003,-2.7363352941999928],[99.98210744920003,-2.8161863949999937]]],[[[101.25972506200003,-2.8161863949999937],[101.49927836440003,-2.8161863949999937],[101.49927836440003,-2.7363352941999928],[101.25972506200003,-2.7363352941999928],[101.25972506200003,-2.8161863949999937]]],[[[102.77689597720004,-2.8161863949999937],[103.09630038040004,-2.8161863949999937],[103.09630038040004,-2.7363352941999928],[102.77689597720004,-2.7363352941999928],[102.77689597720004,-2.8161863949999937]]],[[[103.25600258200004,-2.8161863949999937],[103.97466248920003,-2.8161863949999937],[103.97466248920003,-2.7363352941999928],[103.25600258200004,-2.7363352941999928],[103.25600258200004,-2.8161863949999937]]],[[[104.21421579160004,-2.8161863949999937],[105.81123780760004,-2.8161863949999937],[105.81123780760004,-2.7363352941999928],[104.21421579160004,-2.7363352941999928],[104.21421579160004,-2.8161863949999937]]],[[[105.89108890840004,-2.8161863949999937],[106.37019551320003,-2.8161863949999937],[106.37019551320003,-2.7363352941999928],[105.89108890840004,-2.7363352941999928],[105.89108890840004,-2.8161863949999937]]],[[[106.45004661400003,-2.8161863949999937],[106.68959991640003,-2.8161863949999937],[106.68959991640003,-2.7363352941999928],[106.45004661400003,-2.7363352941999928],[106.45004661400003,-2.8161863949999937]]],[[[107.32840872280003,-2.8161863949999937],[107.48811092440003,-2.8161863949999937],[107.48811092440003,-2.7363352941999928],[107.32840872280003,-2.7363352941999928],[107.32840872280003,-2.8161863949999937]]],[[[107.56796202520003,-2.8161863949999937],[107.72766422680003,-2.8161863949999937],[107.72766422680003,-2.7363352941999928],[107.56796202520003,-2.7363352941999928],[107.56796202520003,-2.8161863949999937]]],[[[107.88736642840004,-2.8161863949999937],[107.96721752920004,-2.8161863949999937],[107.96721752920004,-2.7363352941999928],[107.88736642840004,-2.7363352941999928],[107.88736642840004,-2.8161863949999937]]],[[[110.20304835160003,-2.8161863949999937],[112.35902807320004,-2.8161863949999937],[112.35902807320004,-2.7363352941999928],[110.20304835160003,-2.7363352941999928],[110.20304835160003,-2.8161863949999937]]],[[[112.43887917400004,-2.8161863949999937],[115.31351880280003,-2.8161863949999937],[115.31351880280003,-2.7363352941999928],[112.43887917400004,-2.7363352941999928],[112.43887917400004,-2.8161863949999937]]],[[[116.03217871000004,-2.8161863949999937],[116.35158311320004,-2.8161863949999937],[116.35158311320004,-2.7363352941999928],[116.03217871000004,-2.7363352941999928],[116.03217871000004,-2.8161863949999937]]],[[[120.10458485080004,-2.8161863949999937],[120.58369145560003,-2.8161863949999937],[120.58369145560003,-2.7363352941999928],[120.10458485080004,-2.7363352941999928],[120.10458485080004,-2.8161863949999937]]],[[[129.36731254360004,-2.8161863949999937],[129.68671694680003,-2.8161863949999937],[129.68671694680003,-2.7363352941999928],[129.36731254360004,-2.7363352941999928],[129.36731254360004,-2.8161863949999937]]],[[[132.32180327320003,-2.8161863949999937],[132.40165437400003,-2.8161863949999937],[132.40165437400003,-2.7363352941999928],[132.32180327320003,-2.7363352941999928],[132.32180327320003,-2.8161863949999937]]],[[[132.64120767640003,-2.8161863949999937],[132.96061207960003,-2.8161863949999937],[132.96061207960003,-2.7363352941999928],[132.64120767640003,-2.7363352941999928],[132.64120767640003,-2.8161863949999937]]],[[[133.04046318040002,-2.8161863949999937],[133.91882528920004,-2.8161863949999937],[133.91882528920004,-2.7363352941999928],[133.04046318040002,-2.7363352941999928],[133.04046318040002,-2.8161863949999937]]],[[[134.07852749080004,-2.8161863949999937],[134.15837859160004,-2.8161863949999937],[134.15837859160004,-2.7363352941999928],[134.07852749080004,-2.7363352941999928],[134.07852749080004,-2.8161863949999937]]],[[[134.47778299480004,-2.8161863949999937],[134.55763409560004,-2.8161863949999937],[134.55763409560004,-2.7363352941999928],[134.47778299480004,-2.7363352941999928],[134.47778299480004,-2.8161863949999937]]],[[[135.91510280920005,-2.8161863949999937],[136.47406051480004,-2.8161863949999937],[136.47406051480004,-2.7363352941999928],[135.91510280920005,-2.7363352941999928],[135.91510280920005,-2.8161863949999937]]],[[[136.55391161560004,-2.8161863949999937],[136.79346491800004,-2.8161863949999937],[136.79346491800004,-2.7363352941999928],[136.55391161560004,-2.7363352941999928],[136.55391161560004,-2.8161863949999937]]],[[[137.27257152280004,-2.8161863949999937],[137.35242262360003,-2.8161863949999937],[137.35242262360003,-2.7363352941999928],[137.27257152280004,-2.7363352941999928],[137.27257152280004,-2.8161863949999937]]],[[[138.07108253080003,-2.8161863949999937],[138.63004023640002,-2.8161863949999937],[138.63004023640002,-2.7363352941999928],[138.07108253080003,-2.7363352941999928],[138.07108253080003,-2.8161863949999937]]],[[[138.70989133720002,-2.8161863949999937],[139.02929574040004,-2.8161863949999937],[139.02929574040004,-2.7363352941999928],[138.70989133720002,-2.7363352941999928],[138.70989133720002,-2.8161863949999937]]],[[[140.62631775640003,-2.8161863949999937],[140.70616885720003,-2.8161863949999937],[140.70616885720003,-2.7363352941999928],[140.62631775640003,-2.7363352941999928],[140.62631775640003,-2.8161863949999937]]],[[[141.34497766360005,-2.8161863949999937],[141.58453096600005,-2.8161863949999937],[141.58453096600005,-2.7363352941999928],[141.34497766360005,-2.7363352941999928],[141.34497766360005,-2.8161863949999937]]],[[[99.98210744920003,-2.896037495799993],[100.06195855000003,-2.896037495799993],[100.06195855000003,-2.8161863949999937],[99.98210744920003,-2.8161863949999937],[99.98210744920003,-2.896037495799993]]],[[[101.33957616280003,-2.896037495799993],[101.49927836440003,-2.896037495799993],[101.49927836440003,-2.8161863949999937],[101.33957616280003,-2.8161863949999937],[101.33957616280003,-2.896037495799993]]],[[[102.69704487640004,-2.896037495799993],[103.09630038040004,-2.896037495799993],[103.09630038040004,-2.8161863949999937],[102.69704487640004,-2.8161863949999937],[102.69704487640004,-2.896037495799993]]],[[[103.33585368280004,-2.896037495799993],[103.57540698520003,-2.896037495799993],[103.57540698520003,-2.8161863949999937],[103.33585368280004,-2.8161863949999937],[103.33585368280004,-2.896037495799993]]],[[[103.65525808600003,-2.896037495799993],[104.13436469080003,-2.896037495799993],[104.13436469080003,-2.8161863949999937],[103.65525808600003,-2.8161863949999937],[103.65525808600003,-2.896037495799993]]],[[[104.21421579160004,-2.896037495799993],[104.29406689240004,-2.896037495799993],[104.29406689240004,-2.8161863949999937],[104.21421579160004,-2.8161863949999937],[104.21421579160004,-2.896037495799993]]],[[[104.37391799320004,-2.896037495799993],[105.81123780760004,-2.896037495799993],[105.81123780760004,-2.8161863949999937],[104.37391799320004,-2.8161863949999937],[104.37391799320004,-2.896037495799993]]],[[[105.97094000920004,-2.896037495799993],[106.84930211800004,-2.896037495799993],[106.84930211800004,-2.8161863949999937],[105.97094000920004,-2.8161863949999937],[105.97094000920004,-2.896037495799993]]],[[[107.32840872280003,-2.896037495799993],[107.48811092440003,-2.896037495799993],[107.48811092440003,-2.8161863949999937],[107.32840872280003,-2.8161863949999937],[107.32840872280003,-2.896037495799993]]],[[[107.56796202520003,-2.896037495799993],[107.64781312600003,-2.896037495799993],[107.64781312600003,-2.8161863949999937],[107.56796202520003,-2.8161863949999937],[107.56796202520003,-2.896037495799993]]],[[[110.12319725080003,-2.896037495799993],[115.31351880280003,-2.896037495799993],[115.31351880280003,-2.8161863949999937],[110.12319725080003,-2.8161863949999937],[110.12319725080003,-2.896037495799993]]],[[[116.03217871000004,-2.896037495799993],[116.43143421400003,-2.896037495799993],[116.43143421400003,-2.8161863949999937],[116.03217871000004,-2.8161863949999937],[116.03217871000004,-2.896037495799993]]],[[[118.74711613720004,-2.896037495799993],[118.82696723800004,-2.896037495799993],[118.82696723800004,-2.8161863949999937],[118.74711613720004,-2.8161863949999937],[118.74711613720004,-2.896037495799993]]],[[[120.02473375000004,-2.896037495799993],[120.50384035480003,-2.896037495799993],[120.50384035480003,-2.8161863949999937],[120.02473375000004,-2.8161863949999937],[120.02473375000004,-2.896037495799993]]],[[[128.40909933400005,-2.896037495799993],[128.80835483800004,-2.896037495799993],[128.80835483800004,-2.8161863949999937],[128.40909933400005,-2.8161863949999937],[128.40909933400005,-2.896037495799993]]],[[[128.88820593880004,-2.896037495799993],[129.12775924120004,-2.896037495799993],[129.12775924120004,-2.8161863949999937],[128.88820593880004,-2.8161863949999937],[128.88820593880004,-2.896037495799993]]],[[[129.20761034200004,-2.896037495799993],[129.92627024920003,-2.896037495799993],[129.92627024920003,-2.8161863949999937],[129.20761034200004,-2.8161863949999937],[129.20761034200004,-2.896037495799993]]],[[[132.72105877720003,-2.896037495799993],[133.20016538200002,-2.896037495799993],[133.20016538200002,-2.8161863949999937],[132.72105877720003,-2.8161863949999937],[132.72105877720003,-2.896037495799993]]],[[[133.51956978520002,-2.896037495799993],[133.91882528920004,-2.896037495799993],[133.91882528920004,-2.8161863949999937],[133.51956978520002,-2.8161863949999937],[133.51956978520002,-2.896037495799993]]],[[[134.07852749080004,-2.896037495799993],[134.23822969240004,-2.896037495799993],[134.23822969240004,-2.8161863949999937],[134.07852749080004,-2.8161863949999937],[134.07852749080004,-2.896037495799993]]],[[[134.47778299480004,-2.896037495799993],[134.55763409560004,-2.896037495799993],[134.55763409560004,-2.8161863949999937],[134.47778299480004,-2.8161863949999937],[134.47778299480004,-2.896037495799993]]],[[[135.91510280920005,-2.896037495799993],[136.63376271640004,-2.896037495799993],[136.63376271640004,-2.8161863949999937],[135.91510280920005,-2.8161863949999937],[135.91510280920005,-2.896037495799993]]],[[[136.71361381720004,-2.896037495799993],[136.87331601880004,-2.896037495799993],[136.87331601880004,-2.8161863949999937],[136.71361381720004,-2.8161863949999937],[136.71361381720004,-2.896037495799993]]],[[[137.19272042200004,-2.896037495799993],[137.27257152280004,-2.896037495799993],[137.27257152280004,-2.8161863949999937],[137.19272042200004,-2.8161863949999937],[137.19272042200004,-2.896037495799993]]],[[[137.35242262360003,-2.896037495799993],[137.43227372440003,-2.896037495799993],[137.43227372440003,-2.8161863949999937],[137.35242262360003,-2.8161863949999937],[137.35242262360003,-2.896037495799993]]],[[[137.67182702680003,-2.896037495799993],[138.63004023640002,-2.896037495799993],[138.63004023640002,-2.8161863949999937],[137.67182702680003,-2.8161863949999937],[137.67182702680003,-2.896037495799993]]],[[[138.78974243800005,-2.896037495799993],[139.18899794200004,-2.896037495799993],[139.18899794200004,-2.8161863949999937],[138.78974243800005,-2.8161863949999937],[138.78974243800005,-2.896037495799993]]],[[[141.18527546200005,-2.896037495799993],[141.26512656280005,-2.896037495799993],[141.26512656280005,-2.8161863949999937],[141.18527546200005,-2.8161863949999937],[141.18527546200005,-2.896037495799993]]],[[[141.58453096600005,-2.896037495799993],[141.66438206680004,-2.896037495799993],[141.66438206680004,-2.8161863949999937],[141.58453096600005,-2.8161863949999937],[141.58453096600005,-2.896037495799993]]],[[[101.33957616280003,-2.975888596599992],[101.41942726360003,-2.975888596599992],[101.41942726360003,-2.896037495799993],[101.33957616280003,-2.896037495799993],[101.33957616280003,-2.975888596599992]]],[[[101.49927836440003,-2.975888596599992],[101.65898056600004,-2.975888596599992],[101.65898056600004,-2.896037495799993],[101.49927836440003,-2.896037495799993],[101.49927836440003,-2.975888596599992]]],[[[102.61719377560003,-2.975888596599992],[102.77689597720004,-2.975888596599992],[102.77689597720004,-2.896037495799993],[102.61719377560003,-2.896037495799993],[102.61719377560003,-2.975888596599992]]],[[[102.85674707800004,-2.975888596599992],[103.09630038040004,-2.975888596599992],[103.09630038040004,-2.896037495799993],[102.85674707800004,-2.896037495799993],[102.85674707800004,-2.975888596599992]]],[[[103.73510918680003,-2.975888596599992],[104.13436469080003,-2.975888596599992],[104.13436469080003,-2.896037495799993],[103.73510918680003,-2.896037495799993],[103.73510918680003,-2.975888596599992]]],[[[104.21421579160004,-2.975888596599992],[104.61347129560004,-2.975888596599992],[104.61347129560004,-2.896037495799993],[104.21421579160004,-2.896037495799993],[104.21421579160004,-2.975888596599992]]],[[[104.77317349720003,-2.975888596599992],[106.05079111000003,-2.975888596599992],[106.05079111000003,-2.896037495799993],[104.77317349720003,-2.896037495799993],[104.77317349720003,-2.975888596599992]]],[[[106.21049331160003,-2.975888596599992],[106.92915321880004,-2.975888596599992],[106.92915321880004,-2.896037495799993],[106.21049331160003,-2.896037495799993],[106.21049331160003,-2.975888596599992]]],[[[107.40825982360003,-2.975888596599992],[107.64781312600003,-2.975888596599992],[107.64781312600003,-2.896037495799993],[107.40825982360003,-2.896037495799993],[107.40825982360003,-2.975888596599992]]],[[[108.12691973080004,-2.975888596599992],[108.28662193240004,-2.975888596599992],[108.28662193240004,-2.896037495799993],[108.12691973080004,-2.896037495799993],[108.12691973080004,-2.975888596599992]]],[[[110.12319725080003,-2.975888596599992],[110.44260165400004,-2.975888596599992],[110.44260165400004,-2.896037495799993],[110.12319725080003,-2.896037495799993],[110.12319725080003,-2.975888596599992]]],[[[110.60230385560004,-2.975888596599992],[115.15381660120003,-2.975888596599992],[115.15381660120003,-2.896037495799993],[110.60230385560004,-2.896037495799993],[110.60230385560004,-2.975888596599992]]],[[[116.03217871000004,-2.975888596599992],[116.35158311320004,-2.975888596599992],[116.35158311320004,-2.896037495799993],[116.03217871000004,-2.896037495799993],[116.03217871000004,-2.975888596599992]]],[[[120.10458485080004,-2.975888596599992],[120.34413815320003,-2.975888596599992],[120.34413815320003,-2.896037495799993],[120.10458485080004,-2.896037495799993],[120.10458485080004,-2.975888596599992]]],[[[121.54190466520004,-2.975888596599992],[121.70160686680003,-2.975888596599992],[121.70160686680003,-2.896037495799993],[121.54190466520004,-2.896037495799993],[121.54190466520004,-2.975888596599992]]],[[[128.08969493080002,-2.975888596599992],[128.24939713240002,-2.975888596599992],[128.24939713240002,-2.896037495799993],[128.08969493080002,-2.896037495799993],[128.08969493080002,-2.975888596599992]]],[[[128.72850373720004,-2.975888596599992],[128.80835483800004,-2.975888596599992],[128.80835483800004,-2.896037495799993],[128.72850373720004,-2.896037495799993],[128.72850373720004,-2.975888596599992]]],[[[128.96805703960004,-2.975888596599992],[130.00612135000003,-2.975888596599992],[130.00612135000003,-2.896037495799993],[128.96805703960004,-2.896037495799993],[128.96805703960004,-2.975888596599992]]],[[[130.24567465240003,-2.975888596599992],[130.40537685400005,-2.975888596599992],[130.40537685400005,-2.896037495799993],[130.24567465240003,-2.896037495799993],[130.24567465240003,-2.975888596599992]]],[[[132.72105877720003,-2.975888596599992],[133.43971868440002,-2.975888596599992],[133.43971868440002,-2.896037495799993],[132.72105877720003,-2.896037495799993],[132.72105877720003,-2.975888596599992]]],[[[133.59942088600005,-2.975888596599992],[133.91882528920004,-2.975888596599992],[133.91882528920004,-2.896037495799993],[133.59942088600005,-2.896037495799993],[133.59942088600005,-2.975888596599992]]],[[[134.31808079320004,-2.975888596599992],[134.39793189400004,-2.975888596599992],[134.39793189400004,-2.896037495799993],[134.31808079320004,-2.896037495799993],[134.31808079320004,-2.975888596599992]]],[[[134.47778299480004,-2.975888596599992],[134.55763409560004,-2.975888596599992],[134.55763409560004,-2.896037495799993],[134.47778299480004,-2.896037495799993],[134.47778299480004,-2.975888596599992]]],[[[134.63748519640004,-2.975888596599992],[134.71733629720003,-2.975888596599992],[134.71733629720003,-2.896037495799993],[134.63748519640004,-2.896037495799993],[134.63748519640004,-2.975888596599992]]],[[[135.67554950680005,-2.975888596599992],[136.55391161560004,-2.975888596599992],[136.55391161560004,-2.896037495799993],[135.67554950680005,-2.896037495799993],[135.67554950680005,-2.975888596599992]]],[[[136.71361381720004,-2.975888596599992],[136.79346491800004,-2.975888596599992],[136.79346491800004,-2.896037495799993],[136.71361381720004,-2.896037495799993],[136.71361381720004,-2.975888596599992]]],[[[136.87331601880004,-2.975888596599992],[137.59197592600003,-2.975888596599992],[137.59197592600003,-2.896037495799993],[136.87331601880004,-2.896037495799993],[136.87331601880004,-2.975888596599992]]],[[[137.67182702680003,-2.975888596599992],[138.94944463960005,-2.975888596599992],[138.94944463960005,-2.896037495799993],[137.67182702680003,-2.896037495799993],[137.67182702680003,-2.975888596599992]]],[[[139.02929574040004,-2.975888596599992],[139.18899794200004,-2.975888596599992],[139.18899794200004,-2.896037495799993],[139.02929574040004,-2.896037495799993],[139.02929574040004,-2.975888596599992]]],[[[140.22706225240003,-2.975888596599992],[140.30691335320003,-2.975888596599992],[140.30691335320003,-2.896037495799993],[140.22706225240003,-2.896037495799993],[140.22706225240003,-2.975888596599992]]],[[[141.18527546200005,-2.975888596599992],[141.26512656280005,-2.975888596599992],[141.26512656280005,-2.896037495799993],[141.18527546200005,-2.896037495799993],[141.18527546200005,-2.975888596599992]]],[[[100.46121405400004,-3.055739697399993],[100.54106515480004,-3.055739697399993],[100.54106515480004,-2.975888596599992],[100.46121405400004,-2.975888596599992],[100.46121405400004,-3.055739697399993]]],[[[101.41942726360003,-3.055739697399993],[101.65898056600004,-3.055739697399993],[101.65898056600004,-2.975888596599992],[101.41942726360003,-2.975888596599992],[101.41942726360003,-3.055739697399993]]],[[[102.85674707800004,-3.055739697399993],[103.09630038040004,-3.055739697399993],[103.09630038040004,-2.975888596599992],[102.85674707800004,-2.975888596599992],[102.85674707800004,-3.055739697399993]]],[[[103.81496028760003,-3.055739697399993],[106.13064221080003,-3.055739697399993],[106.13064221080003,-2.975888596599992],[103.81496028760003,-2.975888596599992],[103.81496028760003,-3.055739697399993]]],[[[106.37019551320003,-3.055739697399993],[106.92915321880004,-3.055739697399993],[106.92915321880004,-2.975888596599992],[106.37019551320003,-2.975888596599992],[106.37019551320003,-3.055739697399993]]],[[[107.48811092440003,-3.055739697399993],[107.64781312600003,-3.055739697399993],[107.64781312600003,-2.975888596599992],[107.48811092440003,-2.975888596599992],[107.48811092440003,-3.055739697399993]]],[[[107.72766422680003,-3.055739697399993],[107.88736642840004,-3.055739697399993],[107.88736642840004,-2.975888596599992],[107.72766422680003,-2.975888596599992],[107.72766422680003,-3.055739697399993]]],[[[108.12691973080004,-3.055739697399993],[108.28662193240004,-3.055739697399993],[108.28662193240004,-2.975888596599992],[108.12691973080004,-2.975888596599992],[108.12691973080004,-3.055739697399993]]],[[[110.20304835160003,-3.055739697399993],[110.28289945240003,-3.055739697399993],[110.28289945240003,-2.975888596599992],[110.20304835160003,-2.975888596599992],[110.20304835160003,-3.055739697399993]]],[[[110.52245275480004,-3.055739697399993],[111.24111266200003,-3.055739697399993],[111.24111266200003,-2.975888596599992],[110.52245275480004,-2.975888596599992],[110.52245275480004,-3.055739697399993]]],[[[111.48066596440003,-3.055739697399993],[111.64036816600003,-3.055739697399993],[111.64036816600003,-2.975888596599992],[111.48066596440003,-2.975888596599992],[111.48066596440003,-3.055739697399993]]],[[[111.80007036760003,-3.055739697399993],[115.23366770200003,-3.055739697399993],[115.23366770200003,-2.975888596599992],[111.80007036760003,-2.975888596599992],[111.80007036760003,-3.055739697399993]]],[[[115.31351880280003,-3.055739697399993],[115.39336990360003,-3.055739697399993],[115.39336990360003,-2.975888596599992],[115.31351880280003,-2.975888596599992],[115.31351880280003,-3.055739697399993]]],[[[115.95232760920004,-3.055739697399993],[116.27173201240004,-3.055739697399993],[116.27173201240004,-2.975888596599992],[115.95232760920004,-2.975888596599992],[115.95232760920004,-3.055739697399993]]],[[[120.10458485080004,-3.055739697399993],[120.26428705240004,-3.055739697399993],[120.26428705240004,-2.975888596599992],[120.10458485080004,-2.975888596599992],[120.10458485080004,-3.055739697399993]]],[[[121.14264916120004,-3.055739697399993],[121.30235136280004,-3.055739697399993],[121.30235136280004,-2.975888596599992],[121.14264916120004,-2.975888596599992],[121.14264916120004,-3.055739697399993]]],[[[121.78145796760003,-3.055739697399993],[121.86130906840003,-3.055739697399993],[121.86130906840003,-2.975888596599992],[121.78145796760003,-2.975888596599992],[121.78145796760003,-3.055739697399993]]],[[[122.18071347160003,-3.055739697399993],[122.26056457240003,-3.055739697399993],[122.26056457240003,-2.975888596599992],[122.18071347160003,-2.975888596599992],[122.18071347160003,-3.055739697399993]]],[[[122.42026677400004,-3.055739697399993],[122.50011787480004,-3.055739697399993],[122.50011787480004,-2.975888596599992],[122.42026677400004,-2.975888596599992],[122.42026677400004,-3.055739697399993]]],[[[128.08969493080002,-3.055739697399993],[128.24939713240002,-3.055739697399993],[128.24939713240002,-2.975888596599992],[128.08969493080002,-2.975888596599992],[128.08969493080002,-3.055739697399993]]],[[[129.04790814040004,-3.055739697399993],[130.48522795480005,-3.055739697399993],[130.48522795480005,-2.975888596599992],[129.04790814040004,-2.975888596599992],[129.04790814040004,-3.055739697399993]]],[[[132.72105877720003,-3.055739697399993],[132.96061207960003,-3.055739697399993],[132.96061207960003,-2.975888596599992],[132.72105877720003,-2.975888596599992],[132.72105877720003,-3.055739697399993]]],[[[133.04046318040002,-3.055739697399993],[133.43971868440002,-3.055739697399993],[133.43971868440002,-2.975888596599992],[133.04046318040002,-2.975888596599992],[133.04046318040002,-3.055739697399993]]],[[[133.59942088600005,-3.055739697399993],[133.99867639000004,-3.055739697399993],[133.99867639000004,-2.975888596599992],[133.59942088600005,-2.975888596599992],[133.59942088600005,-3.055739697399993]]],[[[134.31808079320004,-3.055739697399993],[134.55763409560004,-3.055739697399993],[134.55763409560004,-2.975888596599992],[134.31808079320004,-2.975888596599992],[134.31808079320004,-3.055739697399993]]],[[[134.63748519640004,-3.055739697399993],[134.79718739800003,-3.055739697399993],[134.79718739800003,-2.975888596599992],[134.63748519640004,-2.975888596599992],[134.63748519640004,-3.055739697399993]]],[[[135.67554950680005,-3.055739697399993],[136.55391161560004,-3.055739697399993],[136.55391161560004,-2.975888596599992],[135.67554950680005,-2.975888596599992],[135.67554950680005,-3.055739697399993]]],[[[136.87331601880004,-3.055739697399993],[139.34870014360004,-3.055739697399993],[139.34870014360004,-2.975888596599992],[136.87331601880004,-2.975888596599992],[136.87331601880004,-3.055739697399993]]],[[[139.74795564760004,-3.055739697399993],[139.82780674840004,-3.055739697399993],[139.82780674840004,-2.975888596599992],[139.74795564760004,-2.975888596599992],[139.74795564760004,-3.055739697399993]]],[[[140.22706225240003,-3.055739697399993],[140.38676445400003,-3.055739697399993],[140.38676445400003,-2.975888596599992],[140.22706225240003,-2.975888596599992],[140.22706225240003,-3.055739697399993]]],[[[141.98378647000004,-3.055739697399993],[142.06363757080004,-3.055739697399993],[142.06363757080004,-2.975888596599992],[141.98378647000004,-2.975888596599992],[141.98378647000004,-3.055739697399993]]],[[[100.38136295320004,-3.135590798199992],[100.54106515480004,-3.135590798199992],[100.54106515480004,-3.055739697399993],[100.38136295320004,-3.055739697399993],[100.38136295320004,-3.135590798199992]]],[[[101.49927836440003,-3.135590798199992],[101.57912946520004,-3.135590798199992],[101.57912946520004,-3.055739697399993],[101.49927836440003,-3.055739697399993],[101.49927836440003,-3.135590798199992]]],[[[101.65898056600004,-3.135590798199992],[101.73883166680004,-3.135590798199992],[101.73883166680004,-3.055739697399993],[101.65898056600004,-3.055739697399993],[101.65898056600004,-3.135590798199992]]],[[[103.97466248920003,-3.135590798199992],[106.13064221080003,-3.135590798199992],[106.13064221080003,-3.055739697399993],[103.97466248920003,-3.055739697399993],[103.97466248920003,-3.135590798199992]]],[[[106.45004661400003,-3.135590798199992],[106.60974881560003,-3.135590798199992],[106.60974881560003,-3.055739697399993],[106.45004661400003,-3.055739697399993],[106.45004661400003,-3.135590798199992]]],[[[107.56796202520003,-3.135590798199992],[107.96721752920004,-3.135590798199992],[107.96721752920004,-3.055739697399993],[107.56796202520003,-3.055739697399993],[107.56796202520003,-3.135590798199992]]],[[[108.04706863000004,-3.135590798199992],[108.28662193240004,-3.135590798199992],[108.28662193240004,-3.055739697399993],[108.04706863000004,-3.055739697399993],[108.04706863000004,-3.135590798199992]]],[[[111.80007036760003,-3.135590798199992],[112.99783687960004,-3.135590798199992],[112.99783687960004,-3.055739697399993],[111.80007036760003,-3.055739697399993],[111.80007036760003,-3.135590798199992]]],[[[113.15753908120004,-3.135590798199992],[115.23366770200003,-3.135590798199992],[115.23366770200003,-3.055739697399993],[113.15753908120004,-3.055739697399993],[113.15753908120004,-3.135590798199992]]],[[[115.95232760920004,-3.135590798199992],[116.27173201240004,-3.135590798199992],[116.27173201240004,-3.055739697399993],[115.95232760920004,-3.055739697399993],[115.95232760920004,-3.135590798199992]]],[[[120.18443595160004,-3.135590798199992],[120.26428705240004,-3.135590798199992],[120.26428705240004,-3.055739697399993],[120.18443595160004,-3.055739697399993],[120.18443595160004,-3.135590798199992]]],[[[120.98294695960004,-3.135590798199992],[121.14264916120004,-3.135590798199992],[121.14264916120004,-3.055739697399993],[120.98294695960004,-3.055739697399993],[120.98294695960004,-3.135590798199992]]],[[[122.42026677400004,-3.135590798199992],[122.50011787480004,-3.135590798199992],[122.50011787480004,-3.055739697399993],[122.42026677400004,-3.055739697399993],[122.42026677400004,-3.135590798199992]]],[[[126.33297071320004,-3.135590798199992],[126.65237511640004,-3.135590798199992],[126.65237511640004,-3.055739697399993],[126.33297071320004,-3.055739697399993],[126.33297071320004,-3.135590798199992]]],[[[126.81207731800004,-3.135590798199992],[126.89192841880003,-3.135590798199992],[126.89192841880003,-3.055739697399993],[126.81207731800004,-3.055739697399993],[126.81207731800004,-3.135590798199992]]],[[[127.85014162840004,-3.135590798199992],[128.00984383000002,-3.135590798199992],[128.00984383000002,-3.055739697399993],[127.85014162840004,-3.055739697399993],[127.85014162840004,-3.135590798199992]]],[[[128.16954603160002,-3.135590798199992],[128.24939713240002,-3.135590798199992],[128.24939713240002,-3.055739697399993],[128.16954603160002,-3.055739697399993],[128.16954603160002,-3.135590798199992]]],[[[129.84641914840003,-3.135590798199992],[130.16582355160003,-3.135590798199992],[130.16582355160003,-3.055739697399993],[129.84641914840003,-3.055739697399993],[129.84641914840003,-3.135590798199992]]],[[[130.24567465240003,-3.135590798199992],[130.64493015640005,-3.135590798199992],[130.64493015640005,-3.055739697399993],[130.24567465240003,-3.055739697399993],[130.24567465240003,-3.135590798199992]]],[[[132.80090987800003,-3.135590798199992],[133.04046318040002,-3.135590798199992],[133.04046318040002,-3.055739697399993],[132.80090987800003,-3.055739697399993],[132.80090987800003,-3.135590798199992]]],[[[133.59942088600005,-3.135590798199992],[133.99867639000004,-3.135590798199992],[133.99867639000004,-3.055739697399993],[133.59942088600005,-3.055739697399993],[133.59942088600005,-3.135590798199992]]],[[[134.47778299480004,-3.135590798199992],[134.55763409560004,-3.135590798199992],[134.55763409560004,-3.055739697399993],[134.47778299480004,-3.055739697399993],[134.47778299480004,-3.135590798199992]]],[[[134.79718739800003,-3.135590798199992],[134.87703849880003,-3.135590798199992],[134.87703849880003,-3.055739697399993],[134.79718739800003,-3.055739697399993],[134.79718739800003,-3.135590798199992]]],[[[135.67554950680005,-3.135590798199992],[136.55391161560004,-3.135590798199992],[136.55391161560004,-3.055739697399993],[135.67554950680005,-3.055739697399993],[135.67554950680005,-3.135590798199992]]],[[[136.87331601880004,-3.135590798199992],[139.50840234520004,-3.135590798199992],[139.50840234520004,-3.055739697399993],[136.87331601880004,-3.055739697399993],[136.87331601880004,-3.135590798199992]]],[[[140.06736005080003,-3.135590798199992],[140.14721115160003,-3.135590798199992],[140.14721115160003,-3.055739697399993],[140.06736005080003,-3.055739697399993],[140.06736005080003,-3.135590798199992]]],[[[140.70616885720003,-3.135590798199992],[140.78601995800005,-3.135590798199992],[140.78601995800005,-3.055739697399993],[140.70616885720003,-3.055739697399993],[140.70616885720003,-3.135590798199992]]],[[[100.30151185240004,-3.215441898999993],[100.54106515480004,-3.215441898999993],[100.54106515480004,-3.135590798199992],[100.30151185240004,-3.135590798199992],[100.30151185240004,-3.215441898999993]]],[[[101.57912946520004,-3.215441898999993],[101.73883166680004,-3.215441898999993],[101.73883166680004,-3.135590798199992],[101.57912946520004,-3.135590798199992],[101.57912946520004,-3.215441898999993]]],[[[103.97466248920003,-3.215441898999993],[104.05451359000003,-3.215441898999993],[104.05451359000003,-3.135590798199992],[103.97466248920003,-3.135590798199992],[103.97466248920003,-3.215441898999993]]],[[[104.13436469080003,-3.215441898999993],[106.13064221080003,-3.215441898999993],[106.13064221080003,-3.135590798199992],[104.13436469080003,-3.135590798199992],[104.13436469080003,-3.215441898999993]]],[[[107.56796202520003,-3.215441898999993],[108.20677083160004,-3.215441898999993],[108.20677083160004,-3.135590798199992],[107.56796202520003,-3.135590798199992],[107.56796202520003,-3.215441898999993]]],[[[111.80007036760003,-3.215441898999993],[112.99783687960004,-3.215441898999993],[112.99783687960004,-3.135590798199992],[111.80007036760003,-3.135590798199992],[111.80007036760003,-3.215441898999993]]],[[[113.23739018200004,-3.215441898999993],[115.07396550040004,-3.215441898999993],[115.07396550040004,-3.135590798199992],[113.23739018200004,-3.135590798199992],[113.23739018200004,-3.215441898999993]]],[[[115.15381660120003,-3.215441898999993],[115.31351880280003,-3.215441898999993],[115.31351880280003,-3.135590798199992],[115.15381660120003,-3.135590798199992],[115.15381660120003,-3.215441898999993]]],[[[115.95232760920004,-3.215441898999993],[116.19188091160004,-3.215441898999993],[116.19188091160004,-3.135590798199992],[115.95232760920004,-3.135590798199992],[115.95232760920004,-3.215441898999993]]],[[[120.18443595160004,-3.215441898999993],[120.42398925400003,-3.215441898999993],[120.42398925400003,-3.135590798199992],[120.18443595160004,-3.135590798199992],[120.18443595160004,-3.215441898999993]]],[[[120.98294695960004,-3.215441898999993],[121.14264916120004,-3.215441898999993],[121.14264916120004,-3.135590798199992],[120.98294695960004,-3.135590798199992],[120.98294695960004,-3.215441898999993]]],[[[122.02101127000003,-3.215441898999993],[122.10086237080003,-3.215441898999993],[122.10086237080003,-3.135590798199992],[122.02101127000003,-3.135590798199992],[122.02101127000003,-3.215441898999993]]],[[[122.42026677400004,-3.215441898999993],[122.50011787480004,-3.215441898999993],[122.50011787480004,-3.135590798199992],[122.42026677400004,-3.135590798199992],[122.42026677400004,-3.215441898999993]]],[[[126.01356631000004,-3.215441898999993],[126.09341741080004,-3.215441898999993],[126.09341741080004,-3.135590798199992],[126.01356631000004,-3.135590798199992],[126.01356631000004,-3.215441898999993]]],[[[126.81207731800004,-3.215441898999993],[127.05163062040003,-3.215441898999993],[127.05163062040003,-3.135590798199992],[126.81207731800004,-3.135590798199992],[126.81207731800004,-3.215441898999993]]],[[[127.85014162840004,-3.215441898999993],[127.92999272920004,-3.215441898999993],[127.92999272920004,-3.135590798199992],[127.85014162840004,-3.135590798199992],[127.85014162840004,-3.215441898999993]]],[[[128.16954603160002,-3.215441898999993],[128.32924823320002,-3.215441898999993],[128.32924823320002,-3.135590798199992],[128.16954603160002,-3.135590798199992],[128.16954603160002,-3.215441898999993]]],[[[128.72850373720004,-3.215441898999993],[129.12775924120004,-3.215441898999993],[129.12775924120004,-3.135590798199992],[128.72850373720004,-3.135590798199992],[128.72850373720004,-3.215441898999993]]],[[[130.40537685400005,-3.215441898999993],[130.64493015640005,-3.215441898999993],[130.64493015640005,-3.135590798199992],[130.40537685400005,-3.135590798199992],[130.40537685400005,-3.215441898999993]]],[[[133.59942088600005,-3.215441898999993],[133.67927198680005,-3.215441898999993],[133.67927198680005,-3.135590798199992],[133.59942088600005,-3.135590798199992],[133.59942088600005,-3.215441898999993]]],[[[133.75912308760005,-3.215441898999993],[133.91882528920004,-3.215441898999993],[133.91882528920004,-3.135590798199992],[133.75912308760005,-3.135590798199992],[133.75912308760005,-3.215441898999993]]],[[[134.71733629720003,-3.215441898999993],[134.87703849880003,-3.215441898999993],[134.87703849880003,-3.135590798199992],[134.71733629720003,-3.135590798199992],[134.71733629720003,-3.215441898999993]]],[[[135.51584730520003,-3.215441898999993],[136.15465611160005,-3.215441898999993],[136.15465611160005,-3.135590798199992],[135.51584730520003,-3.135590798199992],[135.51584730520003,-3.215441898999993]]],[[[136.87331601880004,-3.215441898999993],[139.50840234520004,-3.215441898999993],[139.50840234520004,-3.135590798199992],[136.87331601880004,-3.135590798199992],[136.87331601880004,-3.215441898999993]]],[[[139.98750895000003,-3.215441898999993],[140.22706225240003,-3.215441898999993],[140.22706225240003,-3.135590798199992],[139.98750895000003,-3.135590798199992],[139.98750895000003,-3.215441898999993]]],[[[100.38136295320004,-3.295292999799992],[100.46121405400004,-3.295292999799992],[100.46121405400004,-3.215441898999993],[100.38136295320004,-3.215441898999993],[100.38136295320004,-3.295292999799992]]],[[[101.57912946520004,-3.295292999799992],[101.65898056600004,-3.295292999799992],[101.65898056600004,-3.215441898999993],[101.57912946520004,-3.215441898999993],[101.57912946520004,-3.295292999799992]]],[[[101.81868276760004,-3.295292999799992],[101.89853386840004,-3.295292999799992],[101.89853386840004,-3.215441898999993],[101.81868276760004,-3.215441898999993],[101.81868276760004,-3.295292999799992]]],[[[104.13436469080003,-3.295292999799992],[104.37391799320004,-3.295292999799992],[104.37391799320004,-3.215441898999993],[104.13436469080003,-3.215441898999993],[104.13436469080003,-3.295292999799992]]],[[[104.45376909400004,-3.295292999799992],[106.13064221080003,-3.295292999799992],[106.13064221080003,-3.215441898999993],[104.45376909400004,-3.215441898999993],[104.45376909400004,-3.295292999799992]]],[[[107.48811092440003,-3.295292999799992],[107.56796202520003,-3.295292999799992],[107.56796202520003,-3.215441898999993],[107.48811092440003,-3.215441898999993],[107.48811092440003,-3.295292999799992]]],[[[107.96721752920004,-3.295292999799992],[108.12691973080004,-3.295292999799992],[108.12691973080004,-3.215441898999993],[107.96721752920004,-3.215441898999993],[107.96721752920004,-3.295292999799992]]],[[[111.80007036760003,-3.295292999799992],[112.91798577880003,-3.295292999799992],[112.91798577880003,-3.215441898999993],[111.80007036760003,-3.215441898999993],[111.80007036760003,-3.295292999799992]]],[[[113.23739018200004,-3.295292999799992],[113.47694348440004,-3.295292999799992],[113.47694348440004,-3.215441898999993],[113.23739018200004,-3.215441898999993],[113.23739018200004,-3.295292999799992]]],[[[113.55679458520004,-3.295292999799992],[115.15381660120003,-3.295292999799992],[115.15381660120003,-3.215441898999993],[113.55679458520004,-3.215441898999993],[113.55679458520004,-3.295292999799992]]],[[[115.95232760920004,-3.295292999799992],[116.19188091160004,-3.295292999799992],[116.19188091160004,-3.215441898999993],[115.95232760920004,-3.215441898999993],[115.95232760920004,-3.295292999799992]]],[[[120.18443595160004,-3.295292999799992],[120.42398925400003,-3.295292999799992],[120.42398925400003,-3.215441898999993],[120.18443595160004,-3.215441898999993],[120.18443595160004,-3.295292999799992]]],[[[120.90309585880004,-3.295292999799992],[121.06279806040004,-3.295292999799992],[121.06279806040004,-3.215441898999993],[120.90309585880004,-3.215441898999993],[120.90309585880004,-3.295292999799992]]],[[[122.10086237080003,-3.295292999799992],[122.18071347160003,-3.295292999799992],[122.18071347160003,-3.215441898999993],[122.10086237080003,-3.215441898999993],[122.10086237080003,-3.295292999799992]]],[[[125.93371520920003,-3.295292999799992],[126.01356631000004,-3.295292999799992],[126.01356631000004,-3.215441898999993],[125.93371520920003,-3.215441898999993],[125.93371520920003,-3.295292999799992]]],[[[126.97177951960003,-3.295292999799992],[127.05163062040003,-3.295292999799992],[127.05163062040003,-3.215441898999993],[126.97177951960003,-3.215441898999993],[126.97177951960003,-3.295292999799992]]],[[[128.24939713240002,-3.295292999799992],[128.40909933400005,-3.295292999799992],[128.40909933400005,-3.215441898999993],[128.24939713240002,-3.215441898999993],[128.24939713240002,-3.295292999799992]]],[[[128.56880153560004,-3.295292999799992],[128.64865263640004,-3.295292999799992],[128.64865263640004,-3.215441898999993],[128.56880153560004,-3.215441898999993],[128.56880153560004,-3.295292999799992]]],[[[128.72850373720004,-3.295292999799992],[129.20761034200004,-3.295292999799992],[129.20761034200004,-3.215441898999993],[128.72850373720004,-3.215441898999993],[128.72850373720004,-3.295292999799992]]],[[[129.36731254360004,-3.295292999799992],[129.52701474520003,-3.295292999799992],[129.52701474520003,-3.215441898999993],[129.36731254360004,-3.215441898999993],[129.36731254360004,-3.295292999799992]]],[[[130.48522795480005,-3.295292999799992],[130.64493015640005,-3.295292999799992],[130.64493015640005,-3.215441898999993],[130.48522795480005,-3.215441898999993],[130.48522795480005,-3.295292999799992]]],[[[133.43971868440002,-3.295292999799992],[133.51956978520002,-3.295292999799992],[133.51956978520002,-3.215441898999993],[133.43971868440002,-3.215441898999993],[133.43971868440002,-3.295292999799992]]],[[[133.75912308760005,-3.295292999799992],[133.83897418840004,-3.295292999799992],[133.83897418840004,-3.215441898999993],[133.75912308760005,-3.215441898999993],[133.75912308760005,-3.295292999799992]]],[[[135.51584730520003,-3.295292999799992],[135.67554950680005,-3.295292999799992],[135.67554950680005,-3.215441898999993],[135.51584730520003,-3.215441898999993],[135.51584730520003,-3.295292999799992]]],[[[135.75540060760005,-3.295292999799992],[136.07480501080005,-3.295292999799992],[136.07480501080005,-3.215441898999993],[135.75540060760005,-3.215441898999993],[135.75540060760005,-3.295292999799992]]],[[[136.79346491800004,-3.295292999799992],[136.95316711960004,-3.295292999799992],[136.95316711960004,-3.215441898999993],[136.79346491800004,-3.215441898999993],[136.79346491800004,-3.295292999799992]]],[[[137.19272042200004,-3.295292999799992],[139.58825344600004,-3.295292999799992],[139.58825344600004,-3.215441898999993],[137.19272042200004,-3.215441898999993],[137.19272042200004,-3.295292999799992]]],[[[140.06736005080003,-3.295292999799992],[140.30691335320003,-3.295292999799992],[140.30691335320003,-3.215441898999993],[140.06736005080003,-3.215441898999993],[140.06736005080003,-3.295292999799992]]],[[[141.34497766360005,-3.295292999799992],[141.42482876440005,-3.295292999799992],[141.42482876440005,-3.215441898999993],[141.34497766360005,-3.215441898999993],[141.34497766360005,-3.295292999799992]]],[[[100.38136295320004,-3.375144100599993],[100.54106515480004,-3.375144100599993],[100.54106515480004,-3.295292999799992],[100.38136295320004,-3.295292999799992],[100.38136295320004,-3.375144100599993]]],[[[101.81868276760004,-3.375144100599993],[101.89853386840004,-3.375144100599993],[101.89853386840004,-3.295292999799992],[101.81868276760004,-3.295292999799992],[101.81868276760004,-3.375144100599993]]],[[[104.05451359000003,-3.375144100599993],[104.29406689240004,-3.375144100599993],[104.29406689240004,-3.295292999799992],[104.05451359000003,-3.295292999799992],[104.05451359000003,-3.375144100599993]]],[[[104.45376909400004,-3.375144100599993],[106.05079111000003,-3.375144100599993],[106.05079111000003,-3.295292999799992],[104.45376909400004,-3.295292999799992],[104.45376909400004,-3.375144100599993]]],[[[111.80007036760003,-3.375144100599993],[112.83813467800003,-3.375144100599993],[112.83813467800003,-3.295292999799992],[111.80007036760003,-3.295292999799992],[111.80007036760003,-3.375144100599993]]],[[[113.31724128280004,-3.375144100599993],[113.39709238360004,-3.375144100599993],[113.39709238360004,-3.295292999799992],[113.31724128280004,-3.295292999799992],[113.31724128280004,-3.375144100599993]]],[[[113.55679458520004,-3.375144100599993],[115.15381660120003,-3.375144100599993],[115.15381660120003,-3.295292999799992],[113.55679458520004,-3.295292999799992],[113.55679458520004,-3.375144100599993]]],[[[115.79262540760004,-3.375144100599993],[116.11202981080004,-3.375144100599993],[116.11202981080004,-3.295292999799992],[115.79262540760004,-3.295292999799992],[115.79262540760004,-3.375144100599993]]],[[[116.19188091160004,-3.375144100599993],[116.27173201240004,-3.375144100599993],[116.27173201240004,-3.295292999799992],[116.19188091160004,-3.295292999799992],[116.19188091160004,-3.375144100599993]]],[[[116.35158311320004,-3.375144100599993],[116.51128531480003,-3.375144100599993],[116.51128531480003,-3.295292999799992],[116.35158311320004,-3.295292999799992],[116.35158311320004,-3.375144100599993]]],[[[119.06652054040003,-3.375144100599993],[119.38592494360003,-3.375144100599993],[119.38592494360003,-3.295292999799992],[119.06652054040003,-3.295292999799992],[119.06652054040003,-3.375144100599993]]],[[[120.18443595160004,-3.375144100599993],[120.42398925400003,-3.375144100599993],[120.42398925400003,-3.295292999799992],[120.18443595160004,-3.295292999799992],[120.18443595160004,-3.375144100599993]]],[[[122.02101127000003,-3.375144100599993],[122.18071347160003,-3.375144100599993],[122.18071347160003,-3.295292999799992],[122.02101127000003,-3.295292999799992],[122.02101127000003,-3.375144100599993]]],[[[125.93371520920003,-3.375144100599993],[126.09341741080004,-3.375144100599993],[126.09341741080004,-3.295292999799992],[125.93371520920003,-3.295292999799992],[125.93371520920003,-3.375144100599993]]],[[[126.81207731800004,-3.375144100599993],[127.29118392280003,-3.375144100599993],[127.29118392280003,-3.295292999799992],[126.81207731800004,-3.295292999799992],[126.81207731800004,-3.375144100599993]]],[[[127.92999272920004,-3.375144100599993],[128.00984383000002,-3.375144100599993],[128.00984383000002,-3.295292999799992],[127.92999272920004,-3.295292999799992],[127.92999272920004,-3.375144100599993]]],[[[128.32924823320002,-3.375144100599993],[128.40909933400005,-3.375144100599993],[128.40909933400005,-3.295292999799992],[128.32924823320002,-3.295292999799992],[128.32924823320002,-3.375144100599993]]],[[[128.56880153560004,-3.375144100599993],[128.72850373720004,-3.375144100599993],[128.72850373720004,-3.295292999799992],[128.56880153560004,-3.295292999799992],[128.56880153560004,-3.375144100599993]]],[[[128.88820593880004,-3.375144100599993],[128.96805703960004,-3.375144100599993],[128.96805703960004,-3.295292999799992],[128.88820593880004,-3.295292999799992],[128.88820593880004,-3.375144100599993]]],[[[129.44716364440004,-3.375144100599993],[129.52701474520003,-3.375144100599993],[129.52701474520003,-3.295292999799992],[129.44716364440004,-3.295292999799992],[129.44716364440004,-3.375144100599993]]],[[[129.92627024920003,-3.375144100599993],[130.08597245080003,-3.375144100599993],[130.08597245080003,-3.295292999799992],[129.92627024920003,-3.295292999799992],[129.92627024920003,-3.375144100599993]]],[[[130.56507905560005,-3.375144100599993],[130.64493015640005,-3.375144100599993],[130.64493015640005,-3.295292999799992],[130.56507905560005,-3.295292999799992],[130.56507905560005,-3.375144100599993]]],[[[133.20016538200002,-3.375144100599993],[133.83897418840004,-3.375144100599993],[133.83897418840004,-3.295292999799992],[133.20016538200002,-3.295292999799992],[133.20016538200002,-3.375144100599993]]],[[[134.95688959960003,-3.375144100599993],[135.27629400280003,-3.375144100599993],[135.27629400280003,-3.295292999799992],[134.95688959960003,-3.295292999799992],[134.95688959960003,-3.375144100599993]]],[[[135.35614510360003,-3.375144100599993],[135.59569840600005,-3.375144100599993],[135.59569840600005,-3.295292999799992],[135.35614510360003,-3.295292999799992],[135.35614510360003,-3.375144100599993]]],[[[135.83525170840005,-3.375144100599993],[136.07480501080005,-3.375144100599993],[136.07480501080005,-3.295292999799992],[135.83525170840005,-3.295292999799992],[135.83525170840005,-3.375144100599993]]],[[[136.79346491800004,-3.375144100599993],[136.95316711960004,-3.375144100599993],[136.95316711960004,-3.295292999799992],[136.79346491800004,-3.295292999799992],[136.79346491800004,-3.375144100599993]]],[[[137.11286932120004,-3.375144100599993],[137.35242262360003,-3.375144100599993],[137.35242262360003,-3.295292999799992],[137.11286932120004,-3.295292999799992],[137.11286932120004,-3.375144100599993]]],[[[137.43227372440003,-3.375144100599993],[137.59197592600003,-3.375144100599993],[137.59197592600003,-3.295292999799992],[137.43227372440003,-3.295292999799992],[137.43227372440003,-3.375144100599993]]],[[[137.75167812760003,-3.375144100599993],[138.15093363160003,-3.375144100599993],[138.15093363160003,-3.295292999799992],[137.75167812760003,-3.295292999799992],[137.75167812760003,-3.375144100599993]]],[[[138.39048693400002,-3.375144100599993],[138.55018913560002,-3.375144100599993],[138.55018913560002,-3.295292999799992],[138.39048693400002,-3.295292999799992],[138.39048693400002,-3.375144100599993]]],[[[138.63004023640002,-3.375144100599993],[139.58825344600004,-3.375144100599993],[139.58825344600004,-3.295292999799992],[138.63004023640002,-3.295292999799992],[138.63004023640002,-3.375144100599993]]],[[[140.06736005080003,-3.375144100599993],[140.22706225240003,-3.375144100599993],[140.22706225240003,-3.295292999799992],[140.06736005080003,-3.295292999799992],[140.06736005080003,-3.375144100599993]]],[[[140.30691335320003,-3.375144100599993],[140.46661555480003,-3.375144100599993],[140.46661555480003,-3.295292999799992],[140.30691335320003,-3.295292999799992],[140.30691335320003,-3.375144100599993]]],[[[140.78601995800005,-3.375144100599993],[140.94572215960005,-3.375144100599993],[140.94572215960005,-3.295292999799992],[140.78601995800005,-3.295292999799992],[140.78601995800005,-3.375144100599993]]],[[[141.10542436120005,-3.375144100599993],[141.58453096600005,-3.375144100599993],[141.58453096600005,-3.295292999799992],[141.10542436120005,-3.295292999799992],[141.10542436120005,-3.375144100599993]]],[[[101.89853386840004,-3.454995201399992],[102.05823607000004,-3.454995201399992],[102.05823607000004,-3.375144100599993],[101.89853386840004,-3.375144100599993],[101.89853386840004,-3.454995201399992]]],[[[102.13808717080003,-3.454995201399992],[102.21793827160003,-3.454995201399992],[102.21793827160003,-3.375144100599993],[102.13808717080003,-3.375144100599993],[102.13808717080003,-3.454995201399992]]],[[[102.37764047320003,-3.454995201399992],[102.45749157400003,-3.454995201399992],[102.45749157400003,-3.375144100599993],[102.37764047320003,-3.375144100599993],[102.37764047320003,-3.454995201399992]]],[[[103.09630038040004,-3.454995201399992],[103.25600258200004,-3.454995201399992],[103.25600258200004,-3.375144100599993],[103.09630038040004,-3.375144100599993],[103.09630038040004,-3.454995201399992]]],[[[103.73510918680003,-3.454995201399992],[104.13436469080003,-3.454995201399992],[104.13436469080003,-3.375144100599993],[103.73510918680003,-3.375144100599993],[103.73510918680003,-3.454995201399992]]],[[[104.53362019480004,-3.454995201399992],[105.97094000920004,-3.454995201399992],[105.97094000920004,-3.375144100599993],[104.53362019480004,-3.375144100599993],[104.53362019480004,-3.454995201399992]]],[[[111.80007036760003,-3.454995201399992],[112.11947477080004,-3.454995201399992],[112.11947477080004,-3.375144100599993],[111.80007036760003,-3.375144100599993],[111.80007036760003,-3.454995201399992]]],[[[112.43887917400004,-3.454995201399992],[112.67843247640003,-3.454995201399992],[112.67843247640003,-3.375144100599993],[112.43887917400004,-3.375144100599993],[112.43887917400004,-3.454995201399992]]],[[[113.55679458520004,-3.454995201399992],[113.95605008920003,-3.454995201399992],[113.95605008920003,-3.375144100599993],[113.55679458520004,-3.375144100599993],[113.55679458520004,-3.454995201399992]]],[[[114.11575229080003,-3.454995201399992],[114.83441219800004,-3.454995201399992],[114.83441219800004,-3.375144100599993],[114.11575229080003,-3.375144100599993],[114.11575229080003,-3.454995201399992]]],[[[115.63292320600004,-3.454995201399992],[116.03217871000004,-3.454995201399992],[116.03217871000004,-3.375144100599993],[115.63292320600004,-3.375144100599993],[115.63292320600004,-3.454995201399992]]],[[[116.19188091160004,-3.454995201399992],[116.43143421400003,-3.454995201399992],[116.43143421400003,-3.375144100599993],[116.19188091160004,-3.375144100599993],[116.19188091160004,-3.454995201399992]]],[[[118.90681833880004,-3.454995201399992],[119.54562714520003,-3.454995201399992],[119.54562714520003,-3.375144100599993],[118.90681833880004,-3.375144100599993],[118.90681833880004,-3.454995201399992]]],[[[120.26428705240004,-3.454995201399992],[120.42398925400003,-3.454995201399992],[120.42398925400003,-3.375144100599993],[120.26428705240004,-3.375144100599993],[120.26428705240004,-3.454995201399992]]],[[[122.02101127000003,-3.454995201399992],[122.10086237080003,-3.454995201399992],[122.10086237080003,-3.375144100599993],[122.02101127000003,-3.375144100599993],[122.02101127000003,-3.454995201399992]]],[[[122.18071347160003,-3.454995201399992],[122.26056457240003,-3.454995201399992],[122.26056457240003,-3.375144100599993],[122.18071347160003,-3.375144100599993],[122.18071347160003,-3.454995201399992]]],[[[126.01356631000004,-3.454995201399992],[126.09341741080004,-3.454995201399992],[126.09341741080004,-3.375144100599993],[126.01356631000004,-3.375144100599993],[126.01356631000004,-3.454995201399992]]],[[[126.41282181400004,-3.454995201399992],[126.65237511640004,-3.454995201399992],[126.65237511640004,-3.375144100599993],[126.41282181400004,-3.375144100599993],[126.41282181400004,-3.454995201399992]]],[[[126.81207731800004,-3.454995201399992],[127.29118392280003,-3.454995201399992],[127.29118392280003,-3.375144100599993],[126.81207731800004,-3.375144100599993],[126.81207731800004,-3.454995201399992]]],[[[128.64865263640004,-3.454995201399992],[128.72850373720004,-3.454995201399992],[128.72850373720004,-3.375144100599993],[128.64865263640004,-3.375144100599993],[128.64865263640004,-3.454995201399992]]],[[[129.92627024920003,-3.454995201399992],[130.08597245080003,-3.454995201399992],[130.08597245080003,-3.375144100599993],[129.92627024920003,-3.375144100599993],[129.92627024920003,-3.454995201399992]]],[[[130.40537685400005,-3.454995201399992],[130.88448345880005,-3.454995201399992],[130.88448345880005,-3.375144100599993],[130.40537685400005,-3.375144100599993],[130.40537685400005,-3.454995201399992]]],[[[133.28001648280002,-3.454995201399992],[133.75912308760005,-3.454995201399992],[133.75912308760005,-3.375144100599993],[133.28001648280002,-3.375144100599993],[133.28001648280002,-3.454995201399992]]],[[[135.03674070040003,-3.454995201399992],[135.51584730520003,-3.454995201399992],[135.51584730520003,-3.375144100599993],[135.03674070040003,-3.375144100599993],[135.03674070040003,-3.454995201399992]]],[[[135.91510280920005,-3.454995201399992],[135.99495391000005,-3.454995201399992],[135.99495391000005,-3.375144100599993],[135.91510280920005,-3.375144100599993],[135.91510280920005,-3.454995201399992]]],[[[138.78974243800005,-3.454995201399992],[139.74795564760004,-3.454995201399992],[139.74795564760004,-3.375144100599993],[138.78974243800005,-3.375144100599993],[138.78974243800005,-3.454995201399992]]],[[[140.38676445400003,-3.454995201399992],[140.62631775640003,-3.454995201399992],[140.62631775640003,-3.375144100599993],[140.38676445400003,-3.375144100599993],[140.38676445400003,-3.454995201399992]]],[[[140.70616885720003,-3.454995201399992],[140.86587105880005,-3.454995201399992],[140.86587105880005,-3.375144100599993],[140.70616885720003,-3.375144100599993],[140.70616885720003,-3.454995201399992]]],[[[141.10542436120005,-3.454995201399992],[141.26512656280005,-3.454995201399992],[141.26512656280005,-3.375144100599993],[141.10542436120005,-3.375144100599993],[141.10542436120005,-3.454995201399992]]],[[[141.34497766360005,-3.454995201399992],[141.50467986520005,-3.454995201399992],[141.50467986520005,-3.375144100599993],[141.34497766360005,-3.375144100599993],[141.34497766360005,-3.454995201399992]]],[[[141.66438206680004,-3.454995201399992],[141.74423316760004,-3.454995201399992],[141.74423316760004,-3.375144100599993],[141.66438206680004,-3.375144100599993],[141.66438206680004,-3.454995201399992]]],[[[101.89853386840004,-3.534846302199993],[102.21793827160003,-3.534846302199993],[102.21793827160003,-3.454995201399992],[101.89853386840004,-3.454995201399992],[101.89853386840004,-3.534846302199993]]],[[[102.37764047320003,-3.534846302199993],[102.45749157400003,-3.534846302199993],[102.45749157400003,-3.454995201399992],[102.37764047320003,-3.454995201399992],[102.37764047320003,-3.534846302199993]]],[[[103.01644927960004,-3.534846302199993],[103.25600258200004,-3.534846302199993],[103.25600258200004,-3.454995201399992],[103.01644927960004,-3.454995201399992],[103.01644927960004,-3.534846302199993]]],[[[103.73510918680003,-3.534846302199993],[103.97466248920003,-3.534846302199993],[103.97466248920003,-3.454995201399992],[103.73510918680003,-3.454995201399992],[103.73510918680003,-3.534846302199993]]],[[[104.45376909400004,-3.534846302199993],[105.89108890840004,-3.534846302199993],[105.89108890840004,-3.454995201399992],[104.45376909400004,-3.454995201399992],[104.45376909400004,-3.534846302199993]]],[[[111.80007036760003,-3.534846302199993],[112.03962367000004,-3.534846302199993],[112.03962367000004,-3.454995201399992],[111.80007036760003,-3.454995201399992],[111.80007036760003,-3.534846302199993]]],[[[113.63664568600004,-3.534846302199993],[113.79634788760004,-3.534846302199993],[113.79634788760004,-3.454995201399992],[113.63664568600004,-3.454995201399992],[113.63664568600004,-3.534846302199993]]],[[[114.35530559320003,-3.534846302199993],[114.91426329880004,-3.534846302199993],[114.91426329880004,-3.454995201399992],[114.35530559320003,-3.454995201399992],[114.35530559320003,-3.534846302199993]]],[[[115.63292320600004,-3.534846302199993],[116.03217871000004,-3.534846302199993],[116.03217871000004,-3.454995201399992],[115.63292320600004,-3.454995201399992],[115.63292320600004,-3.534846302199993]]],[[[116.11202981080004,-3.534846302199993],[116.43143421400003,-3.534846302199993],[116.43143421400003,-3.454995201399992],[116.11202981080004,-3.454995201399992],[116.11202981080004,-3.534846302199993]]],[[[118.90681833880004,-3.534846302199993],[119.30607384280003,-3.534846302199993],[119.30607384280003,-3.454995201399992],[118.90681833880004,-3.454995201399992],[118.90681833880004,-3.534846302199993]]],[[[119.46577604440003,-3.534846302199993],[119.62547824600003,-3.534846302199993],[119.62547824600003,-3.454995201399992],[119.46577604440003,-3.454995201399992],[119.46577604440003,-3.534846302199993]]],[[[119.70532934680003,-3.534846302199993],[119.78518044760003,-3.534846302199993],[119.78518044760003,-3.454995201399992],[119.70532934680003,-3.454995201399992],[119.70532934680003,-3.534846302199993]]],[[[120.26428705240004,-3.534846302199993],[120.42398925400003,-3.534846302199993],[120.42398925400003,-3.454995201399992],[120.26428705240004,-3.454995201399992],[120.26428705240004,-3.534846302199993]]],[[[121.30235136280004,-3.534846302199993],[121.46205356440004,-3.534846302199993],[121.46205356440004,-3.454995201399992],[121.30235136280004,-3.454995201399992],[121.30235136280004,-3.534846302199993]]],[[[122.02101127000003,-3.534846302199993],[122.34041567320003,-3.534846302199993],[122.34041567320003,-3.454995201399992],[122.02101127000003,-3.454995201399992],[122.02101127000003,-3.534846302199993]]],[[[126.09341741080004,-3.534846302199993],[126.17326851160004,-3.534846302199993],[126.17326851160004,-3.454995201399992],[126.09341741080004,-3.454995201399992],[126.09341741080004,-3.534846302199993]]],[[[126.49267291480004,-3.534846302199993],[126.65237511640004,-3.534846302199993],[126.65237511640004,-3.454995201399992],[126.49267291480004,-3.454995201399992],[126.49267291480004,-3.534846302199993]]],[[[126.81207731800004,-3.534846302199993],[127.05163062040003,-3.534846302199993],[127.05163062040003,-3.454995201399992],[126.81207731800004,-3.454995201399992],[126.81207731800004,-3.534846302199993]]],[[[128.40909933400005,-3.534846302199993],[128.64865263640004,-3.534846302199993],[128.64865263640004,-3.454995201399992],[128.40909933400005,-3.454995201399992],[128.40909933400005,-3.534846302199993]]],[[[130.16582355160003,-3.534846302199993],[130.40537685400005,-3.534846302199993],[130.40537685400005,-3.454995201399992],[130.16582355160003,-3.454995201399992],[130.16582355160003,-3.534846302199993]]],[[[130.48522795480005,-3.534846302199993],[130.88448345880005,-3.534846302199993],[130.88448345880005,-3.454995201399992],[130.48522795480005,-3.454995201399992],[130.48522795480005,-3.534846302199993]]],[[[132.88076097880003,-3.534846302199993],[132.96061207960003,-3.534846302199993],[132.96061207960003,-3.454995201399992],[132.88076097880003,-3.454995201399992],[132.88076097880003,-3.534846302199993]]],[[[133.04046318040002,-3.534846302199993],[133.67927198680005,-3.534846302199993],[133.67927198680005,-3.454995201399992],[133.04046318040002,-3.454995201399992],[133.04046318040002,-3.534846302199993]]],[[[133.83897418840004,-3.534846302199993],[133.91882528920004,-3.534846302199993],[133.91882528920004,-3.454995201399992],[133.83897418840004,-3.454995201399992],[133.83897418840004,-3.534846302199993]]],[[[134.31808079320004,-3.534846302199993],[134.47778299480004,-3.534846302199993],[134.47778299480004,-3.454995201399992],[134.31808079320004,-3.454995201399992],[134.31808079320004,-3.534846302199993]]],[[[135.03674070040003,-3.534846302199993],[135.51584730520003,-3.534846302199993],[135.51584730520003,-3.454995201399992],[135.03674070040003,-3.454995201399992],[135.03674070040003,-3.534846302199993]]],[[[135.83525170840005,-3.534846302199993],[135.91510280920005,-3.534846302199993],[135.91510280920005,-3.454995201399992],[135.83525170840005,-3.454995201399992],[135.83525170840005,-3.534846302199993]]],[[[139.10914684120004,-3.534846302199993],[139.82780674840004,-3.534846302199993],[139.82780674840004,-3.454995201399992],[139.10914684120004,-3.454995201399992],[139.10914684120004,-3.534846302199993]]],[[[139.98750895000003,-3.534846302199993],[140.14721115160003,-3.534846302199993],[140.14721115160003,-3.454995201399992],[139.98750895000003,-3.454995201399992],[139.98750895000003,-3.534846302199993]]],[[[140.46661555480003,-3.534846302199993],[140.70616885720003,-3.534846302199993],[140.70616885720003,-3.454995201399992],[140.46661555480003,-3.454995201399992],[140.46661555480003,-3.534846302199993]]],[[[141.18527546200005,-3.534846302199993],[141.66438206680004,-3.534846302199993],[141.66438206680004,-3.454995201399992],[141.18527546200005,-3.454995201399992],[141.18527546200005,-3.534846302199993]]],[[[102.13808717080003,-3.614697402999992],[102.29778937240003,-3.614697402999992],[102.29778937240003,-3.534846302199993],[102.13808717080003,-3.534846302199993],[102.13808717080003,-3.614697402999992]]],[[[103.01644927960004,-3.614697402999992],[103.09630038040004,-3.614697402999992],[103.09630038040004,-3.534846302199993],[103.01644927960004,-3.534846302199993],[103.01644927960004,-3.614697402999992]]],[[[103.73510918680003,-3.614697402999992],[103.81496028760003,-3.614697402999992],[103.81496028760003,-3.534846302199993],[103.73510918680003,-3.534846302199993],[103.73510918680003,-3.614697402999992]]],[[[104.45376909400004,-3.614697402999992],[105.89108890840004,-3.614697402999992],[105.89108890840004,-3.534846302199993],[104.45376909400004,-3.534846302199993],[104.45376909400004,-3.614697402999992]]],[[[114.51500779480003,-3.614697402999992],[114.83441219800004,-3.614697402999992],[114.83441219800004,-3.534846302199993],[114.51500779480003,-3.534846302199993],[114.51500779480003,-3.614697402999992]]],[[[115.71277430680004,-3.614697402999992],[116.43143421400003,-3.614697402999992],[116.43143421400003,-3.534846302199993],[115.71277430680004,-3.534846302199993],[115.71277430680004,-3.614697402999992]]],[[[119.46577604440003,-3.614697402999992],[119.62547824600003,-3.614697402999992],[119.62547824600003,-3.534846302199993],[119.46577604440003,-3.534846302199993],[119.46577604440003,-3.614697402999992]]],[[[119.70532934680003,-3.614697402999992],[119.78518044760003,-3.614697402999992],[119.78518044760003,-3.534846302199993],[119.70532934680003,-3.534846302199993],[119.70532934680003,-3.614697402999992]]],[[[120.34413815320003,-3.614697402999992],[120.42398925400003,-3.614697402999992],[120.42398925400003,-3.534846302199993],[120.34413815320003,-3.534846302199993],[120.34413815320003,-3.614697402999992]]],[[[121.46205356440004,-3.614697402999992],[121.62175576600004,-3.614697402999992],[121.62175576600004,-3.534846302199993],[121.46205356440004,-3.534846302199993],[121.46205356440004,-3.614697402999992]]],[[[122.02101127000003,-3.614697402999992],[122.34041567320003,-3.614697402999992],[122.34041567320003,-3.534846302199993],[122.02101127000003,-3.534846302199993],[122.02101127000003,-3.614697402999992]]],[[[126.09341741080004,-3.614697402999992],[126.25311961240004,-3.614697402999992],[126.25311961240004,-3.534846302199993],[126.09341741080004,-3.534846302199993],[126.09341741080004,-3.614697402999992]]],[[[126.89192841880003,-3.614697402999992],[126.97177951960003,-3.614697402999992],[126.97177951960003,-3.534846302199993],[126.89192841880003,-3.534846302199993],[126.89192841880003,-3.614697402999992]]],[[[127.21133282200003,-3.614697402999992],[127.29118392280003,-3.614697402999992],[127.29118392280003,-3.534846302199993],[127.21133282200003,-3.534846302199993],[127.21133282200003,-3.614697402999992]]],[[[128.56880153560004,-3.614697402999992],[128.64865263640004,-3.614697402999992],[128.64865263640004,-3.534846302199993],[128.56880153560004,-3.534846302199993],[128.56880153560004,-3.614697402999992]]],[[[130.16582355160003,-3.614697402999992],[130.48522795480005,-3.614697402999992],[130.48522795480005,-3.534846302199993],[130.16582355160003,-3.534846302199993],[130.16582355160003,-3.614697402999992]]],[[[130.80463235800005,-3.614697402999992],[130.88448345880005,-3.614697402999992],[130.88448345880005,-3.534846302199993],[130.80463235800005,-3.534846302199993],[130.80463235800005,-3.614697402999992]]],[[[132.88076097880003,-3.614697402999992],[132.96061207960003,-3.614697402999992],[132.96061207960003,-3.534846302199993],[132.88076097880003,-3.534846302199993],[132.88076097880003,-3.614697402999992]]],[[[133.04046318040002,-3.614697402999992],[133.91882528920004,-3.614697402999992],[133.91882528920004,-3.534846302199993],[133.04046318040002,-3.534846302199993],[133.04046318040002,-3.614697402999992]]],[[[134.23822969240004,-3.614697402999992],[134.47778299480004,-3.614697402999992],[134.47778299480004,-3.534846302199993],[134.23822969240004,-3.534846302199993],[134.23822969240004,-3.614697402999992]]],[[[135.19644290200003,-3.614697402999992],[135.51584730520003,-3.614697402999992],[135.51584730520003,-3.534846302199993],[135.19644290200003,-3.534846302199993],[135.19644290200003,-3.614697402999992]]],[[[135.75540060760005,-3.614697402999992],[135.91510280920005,-3.614697402999992],[135.91510280920005,-3.534846302199993],[135.75540060760005,-3.534846302199993],[135.75540060760005,-3.614697402999992]]],[[[139.26884904280004,-3.614697402999992],[139.90765784920004,-3.614697402999992],[139.90765784920004,-3.534846302199993],[139.26884904280004,-3.534846302199993],[139.26884904280004,-3.614697402999992]]],[[[139.98750895000003,-3.614697402999992],[140.14721115160003,-3.614697402999992],[140.14721115160003,-3.534846302199993],[139.98750895000003,-3.534846302199993],[139.98750895000003,-3.614697402999992]]],[[[140.54646665560003,-3.614697402999992],[140.70616885720003,-3.614697402999992],[140.70616885720003,-3.534846302199993],[140.54646665560003,-3.534846302199993],[140.54646665560003,-3.614697402999992]]],[[[141.34497766360005,-3.614697402999992],[141.66438206680004,-3.614697402999992],[141.66438206680004,-3.534846302199993],[141.34497766360005,-3.534846302199993],[141.34497766360005,-3.614697402999992]]],[[[102.21793827160003,-3.694548503799993],[102.29778937240003,-3.694548503799993],[102.29778937240003,-3.614697402999992],[102.21793827160003,-3.614697402999992],[102.21793827160003,-3.694548503799993]]],[[[103.01644927960004,-3.694548503799993],[103.09630038040004,-3.694548503799993],[103.09630038040004,-3.614697402999992],[103.01644927960004,-3.614697402999992],[103.01644927960004,-3.694548503799993]]],[[[103.65525808600003,-3.694548503799993],[103.81496028760003,-3.694548503799993],[103.81496028760003,-3.614697402999992],[103.65525808600003,-3.614697402999992],[103.65525808600003,-3.694548503799993]]],[[[104.45376909400004,-3.694548503799993],[104.77317349720003,-3.694548503799993],[104.77317349720003,-3.614697402999992],[104.45376909400004,-3.614697402999992],[104.45376909400004,-3.694548503799993]]],[[[104.85302459800003,-3.694548503799993],[105.89108890840004,-3.694548503799993],[105.89108890840004,-3.614697402999992],[104.85302459800003,-3.614697402999992],[104.85302459800003,-3.694548503799993]]],[[[114.59485889560003,-3.694548503799993],[114.83441219800004,-3.694548503799993],[114.83441219800004,-3.614697402999992],[114.59485889560003,-3.614697402999992],[114.59485889560003,-3.694548503799993]]],[[[115.63292320600004,-3.694548503799993],[115.71277430680004,-3.694548503799993],[115.71277430680004,-3.614697402999992],[115.63292320600004,-3.614697402999992],[115.63292320600004,-3.694548503799993]]],[[[115.79262540760004,-3.694548503799993],[115.87247650840004,-3.694548503799993],[115.87247650840004,-3.614697402999992],[115.79262540760004,-3.614697402999992],[115.79262540760004,-3.694548503799993]]],[[[116.27173201240004,-3.694548503799993],[116.43143421400003,-3.694548503799993],[116.43143421400003,-3.614697402999992],[116.27173201240004,-3.614697402999992],[116.27173201240004,-3.694548503799993]]],[[[119.38592494360003,-3.694548503799993],[119.78518044760003,-3.694548503799993],[119.78518044760003,-3.614697402999992],[119.38592494360003,-3.614697402999992],[119.38592494360003,-3.694548503799993]]],[[[120.34413815320003,-3.694548503799993],[120.42398925400003,-3.694548503799993],[120.42398925400003,-3.614697402999992],[120.34413815320003,-3.614697402999992],[120.34413815320003,-3.694548503799993]]],[[[121.46205356440004,-3.694548503799993],[121.86130906840003,-3.694548503799993],[121.86130906840003,-3.614697402999992],[121.46205356440004,-3.614697402999992],[121.46205356440004,-3.694548503799993]]],[[[122.18071347160003,-3.694548503799993],[122.34041567320003,-3.694548503799993],[122.34041567320003,-3.614697402999992],[122.18071347160003,-3.614697402999992],[122.18071347160003,-3.694548503799993]]],[[[126.17326851160004,-3.694548503799993],[126.25311961240004,-3.694548503799993],[126.25311961240004,-3.614697402999992],[126.17326851160004,-3.614697402999992],[126.17326851160004,-3.694548503799993]]],[[[126.33297071320004,-3.694548503799993],[126.41282181400004,-3.694548503799993],[126.41282181400004,-3.614697402999992],[126.33297071320004,-3.614697402999992],[126.33297071320004,-3.694548503799993]]],[[[126.97177951960003,-3.694548503799993],[127.13148172120003,-3.694548503799993],[127.13148172120003,-3.614697402999992],[126.97177951960003,-3.614697402999992],[126.97177951960003,-3.694548503799993]]],[[[130.40537685400005,-3.694548503799993],[130.64493015640005,-3.694548503799993],[130.64493015640005,-3.614697402999992],[130.40537685400005,-3.614697402999992],[130.40537685400005,-3.694548503799993]]],[[[130.80463235800005,-3.694548503799993],[130.88448345880005,-3.694548503799993],[130.88448345880005,-3.614697402999992],[130.80463235800005,-3.614697402999992],[130.80463235800005,-3.694548503799993]]],[[[133.12031428120002,-3.694548503799993],[133.28001648280002,-3.694548503799993],[133.28001648280002,-3.614697402999992],[133.12031428120002,-3.614697402999992],[133.12031428120002,-3.694548503799993]]],[[[133.35986758360002,-3.694548503799993],[133.51956978520002,-3.694548503799993],[133.51956978520002,-3.614697402999992],[133.35986758360002,-3.614697402999992],[133.35986758360002,-3.694548503799993]]],[[[134.15837859160004,-3.694548503799993],[134.39793189400004,-3.694548503799993],[134.39793189400004,-3.614697402999992],[134.15837859160004,-3.614697402999992],[134.15837859160004,-3.694548503799993]]],[[[134.79718739800003,-3.694548503799993],[135.03674070040003,-3.694548503799993],[135.03674070040003,-3.614697402999992],[134.79718739800003,-3.614697402999992],[134.79718739800003,-3.694548503799993]]],[[[135.19644290200003,-3.694548503799993],[135.35614510360003,-3.694548503799993],[135.35614510360003,-3.614697402999992],[135.19644290200003,-3.614697402999992],[135.19644290200003,-3.694548503799993]]],[[[135.43599620440003,-3.694548503799993],[135.51584730520003,-3.694548503799993],[135.51584730520003,-3.614697402999992],[135.43599620440003,-3.614697402999992],[135.43599620440003,-3.694548503799993]]],[[[139.42855124440004,-3.694548503799993],[139.82780674840004,-3.694548503799993],[139.82780674840004,-3.614697402999992],[139.42855124440004,-3.614697402999992],[139.42855124440004,-3.694548503799993]]],[[[140.14721115160003,-3.694548503799993],[140.46661555480003,-3.694548503799993],[140.46661555480003,-3.614697402999992],[140.14721115160003,-3.614697402999992],[140.14721115160003,-3.694548503799993]]],[[[141.26512656280005,-3.694548503799993],[141.66438206680004,-3.694548503799993],[141.66438206680004,-3.614697402999992],[141.26512656280005,-3.614697402999992],[141.26512656280005,-3.694548503799993]]],[[[102.21793827160003,-3.774399604599992],[102.45749157400003,-3.774399604599992],[102.45749157400003,-3.694548503799993],[102.21793827160003,-3.694548503799993],[102.21793827160003,-3.774399604599992]]],[[[103.65525808600003,-3.774399604599992],[103.73510918680003,-3.774399604599992],[103.73510918680003,-3.694548503799993],[103.65525808600003,-3.694548503799993],[103.65525808600003,-3.774399604599992]]],[[[104.45376909400004,-3.774399604599992],[104.77317349720003,-3.774399604599992],[104.77317349720003,-3.694548503799993],[104.45376909400004,-3.694548503799993],[104.45376909400004,-3.774399604599992]]],[[[105.01272679960003,-3.774399604599992],[105.97094000920004,-3.774399604599992],[105.97094000920004,-3.694548503799993],[105.01272679960003,-3.694548503799993],[105.01272679960003,-3.774399604599992]]],[[[114.59485889560003,-3.774399604599992],[114.91426329880004,-3.774399604599992],[114.91426329880004,-3.694548503799993],[114.59485889560003,-3.694548503799993],[114.59485889560003,-3.774399604599992]]],[[[115.07396550040004,-3.774399604599992],[115.15381660120003,-3.774399604599992],[115.15381660120003,-3.694548503799993],[115.07396550040004,-3.694548503799993],[115.07396550040004,-3.774399604599992]]],[[[115.39336990360003,-3.774399604599992],[115.71277430680004,-3.774399604599992],[115.71277430680004,-3.694548503799993],[115.39336990360003,-3.694548503799993],[115.39336990360003,-3.774399604599992]]],[[[116.03217871000004,-3.774399604599992],[116.11202981080004,-3.774399604599992],[116.11202981080004,-3.694548503799993],[116.03217871000004,-3.694548503799993],[116.03217871000004,-3.774399604599992]]],[[[116.19188091160004,-3.774399604599992],[116.35158311320004,-3.774399604599992],[116.35158311320004,-3.694548503799993],[116.19188091160004,-3.694548503799993],[116.19188091160004,-3.774399604599992]]],[[[119.38592494360003,-3.774399604599992],[119.78518044760003,-3.774399604599992],[119.78518044760003,-3.694548503799993],[119.38592494360003,-3.694548503799993],[119.38592494360003,-3.774399604599992]]],[[[119.94488264920004,-3.774399604599992],[120.10458485080004,-3.774399604599992],[120.10458485080004,-3.694548503799993],[119.94488264920004,-3.694548503799993],[119.94488264920004,-3.774399604599992]]],[[[121.54190466520004,-3.774399604599992],[122.02101127000003,-3.774399604599992],[122.02101127000003,-3.694548503799993],[121.54190466520004,-3.694548503799993],[121.54190466520004,-3.774399604599992]]],[[[122.34041567320003,-3.774399604599992],[122.50011787480004,-3.774399604599992],[122.50011787480004,-3.694548503799993],[122.34041567320003,-3.694548503799993],[122.34041567320003,-3.774399604599992]]],[[[126.33297071320004,-3.774399604599992],[126.41282181400004,-3.774399604599992],[126.41282181400004,-3.694548503799993],[126.33297071320004,-3.694548503799993],[126.33297071320004,-3.774399604599992]]],[[[126.81207731800004,-3.774399604599992],[127.05163062040003,-3.774399604599992],[127.05163062040003,-3.694548503799993],[126.81207731800004,-3.694548503799993],[126.81207731800004,-3.774399604599992]]],[[[130.48522795480005,-3.774399604599992],[130.64493015640005,-3.774399604599992],[130.64493015640005,-3.694548503799993],[130.48522795480005,-3.694548503799993],[130.48522795480005,-3.774399604599992]]],[[[130.80463235800005,-3.774399604599992],[130.88448345880005,-3.774399604599992],[130.88448345880005,-3.694548503799993],[130.80463235800005,-3.694548503799993],[130.80463235800005,-3.774399604599992]]],[[[133.35986758360002,-3.774399604599992],[133.43971868440002,-3.774399604599992],[133.43971868440002,-3.694548503799993],[133.35986758360002,-3.694548503799993],[133.35986758360002,-3.774399604599992]]],[[[134.07852749080004,-3.774399604599992],[134.15837859160004,-3.774399604599992],[134.15837859160004,-3.694548503799993],[134.07852749080004,-3.694548503799993],[134.07852749080004,-3.774399604599992]]],[[[134.87703849880003,-3.774399604599992],[134.95688959960003,-3.774399604599992],[134.95688959960003,-3.694548503799993],[134.87703849880003,-3.694548503799993],[134.87703849880003,-3.774399604599992]]],[[[135.43599620440003,-3.774399604599992],[135.59569840600005,-3.774399604599992],[135.59569840600005,-3.694548503799993],[135.43599620440003,-3.694548503799993],[135.43599620440003,-3.774399604599992]]],[[[136.07480501080005,-3.774399604599992],[136.15465611160005,-3.774399604599992],[136.15465611160005,-3.694548503799993],[136.07480501080005,-3.694548503799993],[136.07480501080005,-3.774399604599992]]],[[[139.58825344600004,-3.774399604599992],[139.82780674840004,-3.774399604599992],[139.82780674840004,-3.694548503799993],[139.58825344600004,-3.694548503799993],[139.58825344600004,-3.774399604599992]]],[[[140.14721115160003,-3.774399604599992],[140.46661555480003,-3.774399604599992],[140.46661555480003,-3.694548503799993],[140.14721115160003,-3.694548503799993],[140.14721115160003,-3.774399604599992]]],[[[141.34497766360005,-3.774399604599992],[141.58453096600005,-3.774399604599992],[141.58453096600005,-3.694548503799993],[141.34497766360005,-3.694548503799993],[141.34497766360005,-3.774399604599992]]],[[[102.21793827160003,-3.854250705399993],[102.37764047320003,-3.854250705399993],[102.37764047320003,-3.774399604599992],[102.21793827160003,-3.774399604599992],[102.21793827160003,-3.854250705399993]]],[[[103.49555588440003,-3.854250705399993],[103.73510918680003,-3.854250705399993],[103.73510918680003,-3.774399604599992],[103.49555588440003,-3.774399604599992],[103.49555588440003,-3.854250705399993]]],[[[104.37391799320004,-3.854250705399993],[104.77317349720003,-3.854250705399993],[104.77317349720003,-3.774399604599992],[104.37391799320004,-3.774399604599992],[104.37391799320004,-3.854250705399993]]],[[[105.01272679960003,-3.854250705399993],[105.97094000920004,-3.854250705399993],[105.97094000920004,-3.774399604599992],[105.01272679960003,-3.774399604599992],[105.01272679960003,-3.854250705399993]]],[[[114.59485889560003,-3.854250705399993],[114.83441219800004,-3.854250705399993],[114.83441219800004,-3.774399604599992],[114.59485889560003,-3.774399604599992],[114.59485889560003,-3.854250705399993]]],[[[115.07396550040004,-3.854250705399993],[115.23366770200003,-3.854250705399993],[115.23366770200003,-3.774399604599992],[115.07396550040004,-3.774399604599992],[115.07396550040004,-3.854250705399993]]],[[[115.31351880280003,-3.854250705399993],[115.55307210520003,-3.854250705399993],[115.55307210520003,-3.774399604599992],[115.31351880280003,-3.774399604599992],[115.31351880280003,-3.854250705399993]]],[[[116.03217871000004,-3.854250705399993],[116.11202981080004,-3.854250705399993],[116.11202981080004,-3.774399604599992],[116.03217871000004,-3.774399604599992],[116.03217871000004,-3.854250705399993]]],[[[116.19188091160004,-3.854250705399993],[116.35158311320004,-3.854250705399993],[116.35158311320004,-3.774399604599992],[116.19188091160004,-3.774399604599992],[116.19188091160004,-3.854250705399993]]],[[[119.46577604440003,-3.854250705399993],[119.70532934680003,-3.854250705399993],[119.70532934680003,-3.774399604599992],[119.46577604440003,-3.774399604599992],[119.46577604440003,-3.854250705399993]]],[[[121.14264916120004,-3.854250705399993],[121.22250026200004,-3.854250705399993],[121.22250026200004,-3.774399604599992],[121.14264916120004,-3.774399604599992],[121.14264916120004,-3.854250705399993]]],[[[121.62175576600004,-3.854250705399993],[121.78145796760003,-3.854250705399993],[121.78145796760003,-3.774399604599992],[121.62175576600004,-3.774399604599992],[121.62175576600004,-3.854250705399993]]],[[[122.10086237080003,-3.854250705399993],[122.18071347160003,-3.854250705399993],[122.18071347160003,-3.774399604599992],[122.10086237080003,-3.774399604599992],[122.10086237080003,-3.854250705399993]]],[[[122.34041567320003,-3.854250705399993],[122.57996897560004,-3.854250705399993],[122.57996897560004,-3.774399604599992],[122.34041567320003,-3.774399604599992],[122.34041567320003,-3.854250705399993]]],[[[126.49267291480004,-3.854250705399993],[126.57252401560004,-3.854250705399993],[126.57252401560004,-3.774399604599992],[126.49267291480004,-3.774399604599992],[126.49267291480004,-3.854250705399993]]],[[[126.73222621720004,-3.854250705399993],[126.89192841880003,-3.854250705399993],[126.89192841880003,-3.774399604599992],[126.73222621720004,-3.774399604599992],[126.73222621720004,-3.854250705399993]]],[[[130.56507905560005,-3.854250705399993],[130.88448345880005,-3.854250705399993],[130.88448345880005,-3.774399604599992],[130.56507905560005,-3.774399604599992],[130.56507905560005,-3.854250705399993]]],[[[133.20016538200002,-3.854250705399993],[133.43971868440002,-3.854250705399993],[133.43971868440002,-3.774399604599992],[133.20016538200002,-3.774399604599992],[133.20016538200002,-3.854250705399993]]],[[[134.23822969240004,-3.854250705399993],[134.31808079320004,-3.854250705399993],[134.31808079320004,-3.774399604599992],[134.23822969240004,-3.774399604599992],[134.23822969240004,-3.854250705399993]]],[[[134.55763409560004,-3.854250705399993],[134.63748519640004,-3.854250705399993],[134.63748519640004,-3.774399604599992],[134.55763409560004,-3.774399604599992],[134.55763409560004,-3.854250705399993]]],[[[134.87703849880003,-3.854250705399993],[135.11659180120003,-3.854250705399993],[135.11659180120003,-3.774399604599992],[134.87703849880003,-3.774399604599992],[134.87703849880003,-3.854250705399993]]],[[[135.99495391000005,-3.854250705399993],[136.15465611160005,-3.854250705399993],[136.15465611160005,-3.774399604599992],[135.99495391000005,-3.774399604599992],[135.99495391000005,-3.854250705399993]]],[[[136.31435831320005,-3.854250705399993],[136.55391161560004,-3.854250705399993],[136.55391161560004,-3.774399604599992],[136.31435831320005,-3.774399604599992],[136.31435831320005,-3.854250705399993]]],[[[137.19272042200004,-3.854250705399993],[137.35242262360003,-3.854250705399993],[137.35242262360003,-3.774399604599992],[137.19272042200004,-3.774399604599992],[137.19272042200004,-3.854250705399993]]],[[[137.91138032920003,-3.854250705399993],[138.07108253080003,-3.854250705399993],[138.07108253080003,-3.774399604599992],[137.91138032920003,-3.774399604599992],[137.91138032920003,-3.854250705399993]]],[[[140.22706225240003,-3.854250705399993],[140.38676445400003,-3.854250705399993],[140.38676445400003,-3.774399604599992],[140.22706225240003,-3.774399604599992],[140.22706225240003,-3.854250705399993]]],[[[141.34497766360005,-3.854250705399993],[141.66438206680004,-3.854250705399993],[141.66438206680004,-3.774399604599992],[141.34497766360005,-3.774399604599992],[141.34497766360005,-3.854250705399993]]],[[[141.90393536920004,-3.854250705399993],[142.06363757080004,-3.854250705399993],[142.06363757080004,-3.774399604599992],[141.90393536920004,-3.774399604599992],[141.90393536920004,-3.854250705399993]]],[[[102.21793827160003,-3.934101806199992],[102.45749157400003,-3.934101806199992],[102.45749157400003,-3.854250705399993],[102.21793827160003,-3.854250705399993],[102.21793827160003,-3.934101806199992]]],[[[103.49555588440003,-3.934101806199992],[103.57540698520003,-3.934101806199992],[103.57540698520003,-3.854250705399993],[103.49555588440003,-3.854250705399993],[103.49555588440003,-3.934101806199992]]],[[[104.29406689240004,-3.934101806199992],[104.69332239640003,-3.934101806199992],[104.69332239640003,-3.854250705399993],[104.29406689240004,-3.854250705399993],[104.29406689240004,-3.934101806199992]]],[[[105.09257790040003,-3.934101806199992],[105.97094000920004,-3.934101806199992],[105.97094000920004,-3.854250705399993],[105.09257790040003,-3.854250705399993],[105.09257790040003,-3.934101806199992]]],[[[114.59485889560003,-3.934101806199992],[114.99411439960004,-3.934101806199992],[114.99411439960004,-3.854250705399993],[114.59485889560003,-3.854250705399993],[114.59485889560003,-3.934101806199992]]],[[[115.15381660120003,-3.934101806199992],[115.39336990360003,-3.934101806199992],[115.39336990360003,-3.854250705399993],[115.15381660120003,-3.854250705399993],[115.15381660120003,-3.934101806199992]]],[[[116.03217871000004,-3.934101806199992],[116.35158311320004,-3.934101806199992],[116.35158311320004,-3.854250705399993],[116.03217871000004,-3.854250705399993],[116.03217871000004,-3.934101806199992]]],[[[119.46577604440003,-3.934101806199992],[119.70532934680003,-3.934101806199992],[119.70532934680003,-3.854250705399993],[119.46577604440003,-3.854250705399993],[119.46577604440003,-3.934101806199992]]],[[[120.10458485080004,-3.934101806199992],[120.26428705240004,-3.934101806199992],[120.26428705240004,-3.854250705399993],[120.10458485080004,-3.854250705399993],[120.10458485080004,-3.934101806199992]]],[[[122.02101127000003,-3.934101806199992],[122.18071347160003,-3.934101806199992],[122.18071347160003,-3.854250705399993],[122.02101127000003,-3.854250705399993],[122.02101127000003,-3.934101806199992]]],[[[122.34041567320003,-3.934101806199992],[122.50011787480004,-3.934101806199992],[122.50011787480004,-3.854250705399993],[122.34041567320003,-3.854250705399993],[122.34041567320003,-3.934101806199992]]],[[[130.80463235800005,-3.934101806199992],[130.88448345880005,-3.934101806199992],[130.88448345880005,-3.854250705399993],[130.80463235800005,-3.854250705399993],[130.80463235800005,-3.934101806199992]]],[[[133.20016538200002,-3.934101806199992],[133.43971868440002,-3.934101806199992],[133.43971868440002,-3.854250705399993],[133.20016538200002,-3.854250705399993],[133.20016538200002,-3.934101806199992]]],[[[134.23822969240004,-3.934101806199992],[134.63748519640004,-3.934101806199992],[134.63748519640004,-3.854250705399993],[134.23822969240004,-3.854250705399993],[134.23822969240004,-3.934101806199992]]],[[[134.71733629720003,-3.934101806199992],[134.79718739800003,-3.934101806199992],[134.79718739800003,-3.854250705399993],[134.71733629720003,-3.854250705399993],[134.71733629720003,-3.934101806199992]]],[[[134.87703849880003,-3.934101806199992],[135.11659180120003,-3.934101806199992],[135.11659180120003,-3.854250705399993],[134.87703849880003,-3.854250705399993],[134.87703849880003,-3.934101806199992]]],[[[136.31435831320005,-3.934101806199992],[136.47406051480004,-3.934101806199992],[136.47406051480004,-3.854250705399993],[136.31435831320005,-3.854250705399993],[136.31435831320005,-3.934101806199992]]],[[[136.63376271640004,-3.934101806199992],[137.11286932120004,-3.934101806199992],[137.11286932120004,-3.854250705399993],[136.63376271640004,-3.854250705399993],[136.63376271640004,-3.934101806199992]]],[[[137.19272042200004,-3.934101806199992],[137.67182702680003,-3.934101806199992],[137.67182702680003,-3.854250705399993],[137.19272042200004,-3.854250705399993],[137.19272042200004,-3.934101806199992]]],[[[137.75167812760003,-3.934101806199992],[137.83152922840003,-3.934101806199992],[137.83152922840003,-3.854250705399993],[137.75167812760003,-3.854250705399993],[137.75167812760003,-3.934101806199992]]],[[[141.10542436120005,-3.934101806199992],[141.74423316760004,-3.934101806199992],[141.74423316760004,-3.854250705399993],[141.10542436120005,-3.854250705399993],[141.10542436120005,-3.934101806199992]]],[[[141.90393536920004,-3.934101806199992],[141.98378647000004,-3.934101806199992],[141.98378647000004,-3.854250705399993],[141.90393536920004,-3.854250705399993],[141.90393536920004,-3.934101806199992]]],[[[102.21793827160003,-4.013952906999993],[102.53734267480003,-4.013952906999993],[102.53734267480003,-3.934101806199992],[102.21793827160003,-3.934101806199992],[102.21793827160003,-4.013952906999993]]],[[[104.29406689240004,-4.013952906999993],[104.69332239640003,-4.013952906999993],[104.69332239640003,-3.934101806199992],[104.29406689240004,-3.934101806199992],[104.29406689240004,-4.013952906999993]]],[[[105.09257790040003,-4.013952906999993],[105.25228010200003,-4.013952906999993],[105.25228010200003,-3.934101806199992],[105.09257790040003,-3.934101806199992],[105.09257790040003,-4.013952906999993]]],[[[105.33213120280004,-4.013952906999993],[105.97094000920004,-4.013952906999993],[105.97094000920004,-3.934101806199992],[105.33213120280004,-3.934101806199992],[105.33213120280004,-4.013952906999993]]],[[[114.59485889560003,-4.013952906999993],[114.75456109720004,-4.013952906999993],[114.75456109720004,-3.934101806199992],[114.59485889560003,-3.934101806199992],[114.59485889560003,-4.013952906999993]]],[[[114.83441219800004,-4.013952906999993],[114.99411439960004,-4.013952906999993],[114.99411439960004,-3.934101806199992],[114.83441219800004,-3.934101806199992],[114.83441219800004,-4.013952906999993]]],[[[116.03217871000004,-4.013952906999993],[116.27173201240004,-4.013952906999993],[116.27173201240004,-3.934101806199992],[116.03217871000004,-3.934101806199992],[116.03217871000004,-4.013952906999993]]],[[[119.54562714520003,-4.013952906999993],[119.62547824600003,-4.013952906999993],[119.62547824600003,-3.934101806199992],[119.54562714520003,-3.934101806199992],[119.54562714520003,-4.013952906999993]]],[[[119.86503154840004,-4.013952906999993],[120.02473375000004,-4.013952906999993],[120.02473375000004,-3.934101806199992],[119.86503154840004,-3.934101806199992],[119.86503154840004,-4.013952906999993]]],[[[120.10458485080004,-4.013952906999993],[120.34413815320003,-4.013952906999993],[120.34413815320003,-3.934101806199992],[120.10458485080004,-3.934101806199992],[120.10458485080004,-4.013952906999993]]],[[[121.30235136280004,-4.013952906999993],[121.46205356440004,-4.013952906999993],[121.46205356440004,-3.934101806199992],[121.30235136280004,-3.934101806199992],[121.30235136280004,-4.013952906999993]]],[[[121.54190466520004,-4.013952906999993],[121.62175576600004,-4.013952906999993],[121.62175576600004,-3.934101806199992],[121.54190466520004,-3.934101806199992],[121.54190466520004,-4.013952906999993]]],[[[121.70160686680003,-4.013952906999993],[121.86130906840003,-4.013952906999993],[121.86130906840003,-3.934101806199992],[121.70160686680003,-3.934101806199992],[121.70160686680003,-4.013952906999993]]],[[[122.02101127000003,-4.013952906999993],[122.73967117720004,-4.013952906999993],[122.73967117720004,-3.934101806199992],[122.02101127000003,-3.934101806199992],[122.02101127000003,-4.013952906999993]]],[[[133.20016538200002,-4.013952906999993],[133.35986758360002,-4.013952906999993],[133.35986758360002,-3.934101806199992],[133.20016538200002,-3.934101806199992],[133.20016538200002,-4.013952906999993]]],[[[134.39793189400004,-4.013952906999993],[134.47778299480004,-4.013952906999993],[134.47778299480004,-3.934101806199992],[134.39793189400004,-3.934101806199992],[134.39793189400004,-4.013952906999993]]],[[[134.55763409560004,-4.013952906999993],[135.19644290200003,-4.013952906999993],[135.19644290200003,-3.934101806199992],[134.55763409560004,-3.934101806199992],[134.55763409560004,-4.013952906999993]]],[[[135.75540060760005,-4.013952906999993],[135.91510280920005,-4.013952906999993],[135.91510280920005,-3.934101806199992],[135.75540060760005,-3.934101806199992],[135.75540060760005,-4.013952906999993]]],[[[135.99495391000005,-4.013952906999993],[136.23450721240005,-4.013952906999993],[136.23450721240005,-3.934101806199992],[135.99495391000005,-3.934101806199992],[135.99495391000005,-4.013952906999993]]],[[[136.31435831320005,-4.013952906999993],[136.47406051480004,-4.013952906999993],[136.47406051480004,-3.934101806199992],[136.31435831320005,-3.934101806199992],[136.31435831320005,-4.013952906999993]]],[[[136.55391161560004,-4.013952906999993],[137.59197592600003,-4.013952906999993],[137.59197592600003,-3.934101806199992],[136.55391161560004,-3.934101806199992],[136.55391161560004,-4.013952906999993]]],[[[139.98750895000003,-4.013952906999993],[140.14721115160003,-4.013952906999993],[140.14721115160003,-3.934101806199992],[139.98750895000003,-3.934101806199992],[139.98750895000003,-4.013952906999993]]],[[[141.02557326040005,-4.013952906999993],[141.98378647000004,-4.013952906999993],[141.98378647000004,-3.934101806199992],[141.02557326040005,-3.934101806199992],[141.02557326040005,-4.013952906999993]]],[[[102.29778937240003,-4.093804007799992],[102.61719377560003,-4.093804007799992],[102.61719377560003,-4.013952906999993],[102.29778937240003,-4.013952906999993],[102.29778937240003,-4.093804007799992]]],[[[102.69704487640004,-4.093804007799992],[102.77689597720004,-4.093804007799992],[102.77689597720004,-4.013952906999993],[102.69704487640004,-4.013952906999993],[102.69704487640004,-4.093804007799992]]],[[[103.81496028760003,-4.093804007799992],[103.97466248920003,-4.093804007799992],[103.97466248920003,-4.013952906999993],[103.81496028760003,-4.013952906999993],[103.81496028760003,-4.093804007799992]]],[[[104.13436469080003,-4.093804007799992],[104.21421579160004,-4.093804007799992],[104.21421579160004,-4.013952906999993],[104.13436469080003,-4.013952906999993],[104.13436469080003,-4.093804007799992]]],[[[104.37391799320004,-4.093804007799992],[104.53362019480004,-4.093804007799992],[104.53362019480004,-4.013952906999993],[104.37391799320004,-4.013952906999993],[104.37391799320004,-4.093804007799992]]],[[[105.33213120280004,-4.093804007799992],[105.89108890840004,-4.093804007799992],[105.89108890840004,-4.013952906999993],[105.33213120280004,-4.013952906999993],[105.33213120280004,-4.093804007799992]]],[[[114.75456109720004,-4.093804007799992],[114.99411439960004,-4.093804007799992],[114.99411439960004,-4.013952906999993],[114.75456109720004,-4.013952906999993],[114.75456109720004,-4.093804007799992]]],[[[116.03217871000004,-4.093804007799992],[116.11202981080004,-4.093804007799992],[116.11202981080004,-4.013952906999993],[116.03217871000004,-4.013952906999993],[116.03217871000004,-4.093804007799992]]],[[[119.86503154840004,-4.093804007799992],[120.18443595160004,-4.093804007799992],[120.18443595160004,-4.013952906999993],[119.86503154840004,-4.013952906999993],[119.86503154840004,-4.093804007799992]]],[[[120.26428705240004,-4.093804007799992],[120.42398925400003,-4.093804007799992],[120.42398925400003,-4.013952906999993],[120.26428705240004,-4.013952906999993],[120.26428705240004,-4.093804007799992]]],[[[121.46205356440004,-4.093804007799992],[121.86130906840003,-4.093804007799992],[121.86130906840003,-4.013952906999993],[121.46205356440004,-4.013952906999993],[121.46205356440004,-4.093804007799992]]],[[[122.02101127000003,-4.093804007799992],[122.26056457240003,-4.093804007799992],[122.26056457240003,-4.013952906999993],[122.02101127000003,-4.013952906999993],[122.02101127000003,-4.093804007799992]]],[[[122.42026677400004,-4.093804007799992],[122.73967117720004,-4.093804007799992],[122.73967117720004,-4.013952906999993],[122.42026677400004,-4.013952906999993],[122.42026677400004,-4.093804007799992]]],[[[122.89937337880004,-4.093804007799992],[123.29862888280003,-4.093804007799992],[123.29862888280003,-4.013952906999993],[122.89937337880004,-4.013952906999993],[122.89937337880004,-4.093804007799992]]],[[[132.88076097880003,-4.093804007799992],[132.96061207960003,-4.093804007799992],[132.96061207960003,-4.013952906999993],[132.88076097880003,-4.013952906999993],[132.88076097880003,-4.093804007799992]]],[[[134.63748519640004,-4.093804007799992],[135.11659180120003,-4.093804007799992],[135.11659180120003,-4.013952906999993],[134.63748519640004,-4.013952906999993],[134.63748519640004,-4.093804007799992]]],[[[135.19644290200003,-4.093804007799992],[135.27629400280003,-4.093804007799992],[135.27629400280003,-4.013952906999993],[135.19644290200003,-4.013952906999993],[135.19644290200003,-4.093804007799992]]],[[[135.75540060760005,-4.093804007799992],[135.91510280920005,-4.093804007799992],[135.91510280920005,-4.013952906999993],[135.75540060760005,-4.013952906999993],[135.75540060760005,-4.093804007799992]]],[[[135.99495391000005,-4.093804007799992],[136.39420941400004,-4.093804007799992],[136.39420941400004,-4.013952906999993],[135.99495391000005,-4.013952906999993],[135.99495391000005,-4.093804007799992]]],[[[139.98750895000003,-4.093804007799992],[140.22706225240003,-4.093804007799992],[140.22706225240003,-4.013952906999993],[139.98750895000003,-4.013952906999993],[139.98750895000003,-4.093804007799992]]],[[[140.94572215960005,-4.093804007799992],[141.98378647000004,-4.093804007799992],[141.98378647000004,-4.013952906999993],[140.94572215960005,-4.013952906999993],[140.94572215960005,-4.093804007799992]]],[[[102.37764047320003,-4.173655108599993],[102.69704487640004,-4.173655108599993],[102.69704487640004,-4.093804007799992],[102.37764047320003,-4.093804007799992],[102.37764047320003,-4.173655108599993]]],[[[103.73510918680003,-4.173655108599993],[103.81496028760003,-4.173655108599993],[103.81496028760003,-4.093804007799992],[103.73510918680003,-4.093804007799992],[103.73510918680003,-4.173655108599993]]],[[[104.13436469080003,-4.173655108599993],[104.21421579160004,-4.173655108599993],[104.21421579160004,-4.093804007799992],[104.13436469080003,-4.093804007799992],[104.13436469080003,-4.173655108599993]]],[[[104.37391799320004,-4.173655108599993],[104.53362019480004,-4.173655108599993],[104.53362019480004,-4.093804007799992],[104.37391799320004,-4.093804007799992],[104.37391799320004,-4.173655108599993]]],[[[105.33213120280004,-4.173655108599993],[105.89108890840004,-4.173655108599993],[105.89108890840004,-4.093804007799992],[105.33213120280004,-4.093804007799992],[105.33213120280004,-4.173655108599993]]],[[[114.67470999640004,-4.173655108599993],[114.83441219800004,-4.173655108599993],[114.83441219800004,-4.093804007799992],[114.67470999640004,-4.093804007799992],[114.67470999640004,-4.173655108599993]]],[[[119.62547824600003,-4.173655108599993],[119.70532934680003,-4.173655108599993],[119.70532934680003,-4.093804007799992],[119.62547824600003,-4.093804007799992],[119.62547824600003,-4.173655108599993]]],[[[119.86503154840004,-4.173655108599993],[120.18443595160004,-4.173655108599993],[120.18443595160004,-4.093804007799992],[119.86503154840004,-4.093804007799992],[119.86503154840004,-4.173655108599993]]],[[[120.26428705240004,-4.173655108599993],[120.42398925400003,-4.173655108599993],[120.42398925400003,-4.093804007799992],[120.26428705240004,-4.093804007799992],[120.26428705240004,-4.173655108599993]]],[[[121.54190466520004,-4.173655108599993],[121.70160686680003,-4.173655108599993],[121.70160686680003,-4.093804007799992],[121.54190466520004,-4.093804007799992],[121.54190466520004,-4.173655108599993]]],[[[121.86130906840003,-4.173655108599993],[122.26056457240003,-4.173655108599993],[122.26056457240003,-4.093804007799992],[121.86130906840003,-4.093804007799992],[121.86130906840003,-4.173655108599993]]],[[[122.42026677400004,-4.173655108599993],[122.81952227800004,-4.173655108599993],[122.81952227800004,-4.093804007799992],[122.42026677400004,-4.093804007799992],[122.42026677400004,-4.173655108599993]]],[[[122.89937337880004,-4.173655108599993],[123.05907558040003,-4.173655108599993],[123.05907558040003,-4.093804007799992],[122.89937337880004,-4.093804007799992],[122.89937337880004,-4.173655108599993]]],[[[133.28001648280002,-4.173655108599993],[133.43971868440002,-4.173655108599993],[133.43971868440002,-4.093804007799992],[133.28001648280002,-4.093804007799992],[133.28001648280002,-4.173655108599993]]],[[[134.55763409560004,-4.173655108599993],[135.03674070040003,-4.173655108599993],[135.03674070040003,-4.093804007799992],[134.55763409560004,-4.093804007799992],[134.55763409560004,-4.173655108599993]]],[[[135.11659180120003,-4.173655108599993],[135.35614510360003,-4.173655108599993],[135.35614510360003,-4.093804007799992],[135.11659180120003,-4.093804007799992],[135.11659180120003,-4.173655108599993]]],[[[136.15465611160005,-4.173655108599993],[136.31435831320005,-4.173655108599993],[136.31435831320005,-4.093804007799992],[136.15465611160005,-4.093804007799992],[136.15465611160005,-4.173655108599993]]],[[[140.14721115160003,-4.173655108599993],[140.22706225240003,-4.173655108599993],[140.22706225240003,-4.093804007799992],[140.14721115160003,-4.093804007799992],[140.14721115160003,-4.173655108599993]]],[[[140.94572215960005,-4.173655108599993],[141.34497766360005,-4.173655108599993],[141.34497766360005,-4.093804007799992],[140.94572215960005,-4.093804007799992],[140.94572215960005,-4.173655108599993]]],[[[141.58453096600005,-4.173655108599993],[142.06363757080004,-4.173655108599993],[142.06363757080004,-4.093804007799992],[141.58453096600005,-4.093804007799992],[141.58453096600005,-4.173655108599993]]],[[[102.53734267480003,-4.253506209399992],[102.85674707800004,-4.253506209399992],[102.85674707800004,-4.173655108599993],[102.53734267480003,-4.173655108599993],[102.53734267480003,-4.253506209399992]]],[[[104.37391799320004,-4.253506209399992],[104.53362019480004,-4.253506209399992],[104.53362019480004,-4.173655108599993],[104.37391799320004,-4.173655108599993],[104.37391799320004,-4.253506209399992]]],[[[105.33213120280004,-4.253506209399992],[105.89108890840004,-4.253506209399992],[105.89108890840004,-4.173655108599993],[105.33213120280004,-4.173655108599993],[105.33213120280004,-4.253506209399992]]],[[[119.54562714520003,-4.253506209399992],[119.70532934680003,-4.253506209399992],[119.70532934680003,-4.173655108599993],[119.54562714520003,-4.173655108599993],[119.54562714520003,-4.253506209399992]]],[[[119.86503154840004,-4.253506209399992],[120.42398925400003,-4.253506209399992],[120.42398925400003,-4.173655108599993],[119.86503154840004,-4.173655108599993],[119.86503154840004,-4.253506209399992]]],[[[121.94116016920003,-4.253506209399992],[122.10086237080003,-4.253506209399992],[122.10086237080003,-4.173655108599993],[121.94116016920003,-4.173655108599993],[121.94116016920003,-4.253506209399992]]],[[[122.65982007640004,-4.253506209399992],[122.73967117720004,-4.253506209399992],[122.73967117720004,-4.173655108599993],[122.65982007640004,-4.173655108599993],[122.65982007640004,-4.253506209399992]]],[[[133.35986758360002,-4.253506209399992],[133.51956978520002,-4.253506209399992],[133.51956978520002,-4.173655108599993],[133.35986758360002,-4.173655108599993],[133.35986758360002,-4.253506209399992]]],[[[134.71733629720003,-4.253506209399992],[134.95688959960003,-4.253506209399992],[134.95688959960003,-4.173655108599993],[134.71733629720003,-4.173655108599993],[134.71733629720003,-4.253506209399992]]],[[[135.19644290200003,-4.253506209399992],[135.43599620440003,-4.253506209399992],[135.43599620440003,-4.173655108599993],[135.19644290200003,-4.173655108599993],[135.19644290200003,-4.253506209399992]]],[[[135.91510280920005,-4.253506209399992],[136.07480501080005,-4.253506209399992],[136.07480501080005,-4.173655108599993],[135.91510280920005,-4.173655108599993],[135.91510280920005,-4.253506209399992]]],[[[140.94572215960005,-4.253506209399992],[141.10542436120005,-4.253506209399992],[141.10542436120005,-4.173655108599993],[140.94572215960005,-4.173655108599993],[140.94572215960005,-4.253506209399992]]],[[[141.18527546200005,-4.253506209399992],[141.34497766360005,-4.253506209399992],[141.34497766360005,-4.173655108599993],[141.18527546200005,-4.173655108599993],[141.18527546200005,-4.253506209399992]]],[[[141.50467986520005,-4.253506209399992],[142.06363757080004,-4.253506209399992],[142.06363757080004,-4.173655108599993],[141.50467986520005,-4.173655108599993],[141.50467986520005,-4.253506209399992]]],[[[102.61719377560003,-4.333357310199993],[102.93659817880004,-4.333357310199993],[102.93659817880004,-4.253506209399992],[102.61719377560003,-4.253506209399992],[102.61719377560003,-4.333357310199993]]],[[[104.29406689240004,-4.333357310199993],[104.45376909400004,-4.333357310199993],[104.45376909400004,-4.253506209399992],[104.29406689240004,-4.253506209399992],[104.29406689240004,-4.333357310199993]]],[[[104.61347129560004,-4.333357310199993],[104.85302459800003,-4.333357310199993],[104.85302459800003,-4.253506209399992],[104.61347129560004,-4.253506209399992],[104.61347129560004,-4.333357310199993]]],[[[105.33213120280004,-4.333357310199993],[105.89108890840004,-4.333357310199993],[105.89108890840004,-4.253506209399992],[105.33213120280004,-4.253506209399992],[105.33213120280004,-4.333357310199993]]],[[[119.54562714520003,-4.333357310199993],[119.70532934680003,-4.333357310199993],[119.70532934680003,-4.253506209399992],[119.54562714520003,-4.253506209399992],[119.54562714520003,-4.333357310199993]]],[[[120.02473375000004,-4.333357310199993],[120.42398925400003,-4.333357310199993],[120.42398925400003,-4.253506209399992],[120.02473375000004,-4.253506209399992],[120.02473375000004,-4.333357310199993]]],[[[121.46205356440004,-4.333357310199993],[121.54190466520004,-4.333357310199993],[121.54190466520004,-4.253506209399992],[121.46205356440004,-4.253506209399992],[121.46205356440004,-4.333357310199993]]],[[[122.65982007640004,-4.333357310199993],[122.73967117720004,-4.333357310199993],[122.73967117720004,-4.253506209399992],[122.65982007640004,-4.253506209399992],[122.65982007640004,-4.333357310199993]]],[[[134.95688959960003,-4.333357310199993],[135.67554950680005,-4.333357310199993],[135.67554950680005,-4.253506209399992],[134.95688959960003,-4.253506209399992],[134.95688959960003,-4.333357310199993]]],[[[135.75540060760005,-4.333357310199993],[135.83525170840005,-4.333357310199993],[135.83525170840005,-4.253506209399992],[135.75540060760005,-4.253506209399992],[135.75540060760005,-4.333357310199993]]],[[[135.91510280920005,-4.333357310199993],[137.19272042200004,-4.333357310199993],[137.19272042200004,-4.253506209399992],[135.91510280920005,-4.253506209399992],[135.91510280920005,-4.333357310199993]]],[[[141.50467986520005,-4.333357310199993],[142.06363757080004,-4.333357310199993],[142.06363757080004,-4.253506209399992],[141.50467986520005,-4.253506209399992],[141.50467986520005,-4.333357310199993]]],[[[102.77689597720004,-4.413208410999992],[103.17615148120004,-4.413208410999992],[103.17615148120004,-4.333357310199993],[102.77689597720004,-4.333357310199993],[102.77689597720004,-4.413208410999992]]],[[[103.73510918680003,-4.413208410999992],[103.81496028760003,-4.413208410999992],[103.81496028760003,-4.333357310199993],[103.73510918680003,-4.333357310199993],[103.73510918680003,-4.413208410999992]]],[[[104.13436469080003,-4.413208410999992],[105.17242900120003,-4.413208410999992],[105.17242900120003,-4.333357310199993],[104.13436469080003,-4.333357310199993],[104.13436469080003,-4.413208410999992]]],[[[105.25228010200003,-4.413208410999992],[105.89108890840004,-4.413208410999992],[105.89108890840004,-4.333357310199993],[105.25228010200003,-4.333357310199993],[105.25228010200003,-4.413208410999992]]],[[[119.54562714520003,-4.413208410999992],[119.70532934680003,-4.413208410999992],[119.70532934680003,-4.333357310199993],[119.54562714520003,-4.333357310199993],[119.54562714520003,-4.413208410999992]]],[[[120.18443595160004,-4.413208410999992],[120.42398925400003,-4.413208410999992],[120.42398925400003,-4.333357310199993],[120.18443595160004,-4.333357310199993],[120.18443595160004,-4.413208410999992]]],[[[121.54190466520004,-4.413208410999992],[121.62175576600004,-4.413208410999992],[121.62175576600004,-4.333357310199993],[121.54190466520004,-4.333357310199993],[121.54190466520004,-4.413208410999992]]],[[[122.26056457240003,-4.413208410999992],[122.42026677400004,-4.413208410999992],[122.42026677400004,-4.333357310199993],[122.26056457240003,-4.333357310199993],[122.26056457240003,-4.413208410999992]]],[[[122.50011787480004,-4.413208410999992],[122.73967117720004,-4.413208410999992],[122.73967117720004,-4.333357310199993],[122.50011787480004,-4.333357310199993],[122.50011787480004,-4.413208410999992]]],[[[134.95688959960003,-4.413208410999992],[137.19272042200004,-4.413208410999992],[137.19272042200004,-4.333357310199993],[134.95688959960003,-4.333357310199993],[134.95688959960003,-4.413208410999992]]],[[[137.27257152280004,-4.413208410999992],[137.35242262360003,-4.413208410999992],[137.35242262360003,-4.333357310199993],[137.27257152280004,-4.333357310199993],[137.27257152280004,-4.413208410999992]]],[[[141.50467986520005,-4.413208410999992],[142.06363757080004,-4.413208410999992],[142.06363757080004,-4.333357310199993],[141.50467986520005,-4.333357310199993],[141.50467986520005,-4.413208410999992]]],[[[102.85674707800004,-4.493059511799993],[103.17615148120004,-4.493059511799993],[103.17615148120004,-4.413208410999992],[102.85674707800004,-4.413208410999992],[102.85674707800004,-4.493059511799993]]],[[[104.13436469080003,-4.493059511799993],[104.21421579160004,-4.493059511799993],[104.21421579160004,-4.413208410999992],[104.13436469080003,-4.413208410999992],[104.13436469080003,-4.493059511799993]]],[[[105.01272679960003,-4.493059511799993],[105.97094000920004,-4.493059511799993],[105.97094000920004,-4.413208410999992],[105.01272679960003,-4.413208410999992],[105.01272679960003,-4.493059511799993]]],[[[119.54562714520003,-4.493059511799993],[119.62547824600003,-4.493059511799993],[119.62547824600003,-4.413208410999992],[119.54562714520003,-4.413208410999992],[119.54562714520003,-4.493059511799993]]],[[[120.26428705240004,-4.493059511799993],[120.42398925400003,-4.493059511799993],[120.42398925400003,-4.413208410999992],[120.26428705240004,-4.413208410999992],[120.26428705240004,-4.493059511799993]]],[[[121.46205356440004,-4.493059511799993],[121.62175576600004,-4.493059511799993],[121.62175576600004,-4.413208410999992],[121.46205356440004,-4.413208410999992],[121.46205356440004,-4.493059511799993]]],[[[122.02101127000003,-4.493059511799993],[122.57996897560004,-4.493059511799993],[122.57996897560004,-4.413208410999992],[122.02101127000003,-4.413208410999992],[122.02101127000003,-4.493059511799993]]],[[[122.65982007640004,-4.493059511799993],[122.73967117720004,-4.493059511799993],[122.73967117720004,-4.413208410999992],[122.65982007640004,-4.413208410999992],[122.65982007640004,-4.493059511799993]]],[[[122.81952227800004,-4.493059511799993],[122.97922447960003,-4.493059511799993],[122.97922447960003,-4.413208410999992],[122.81952227800004,-4.413208410999992],[122.81952227800004,-4.493059511799993]]],[[[135.11659180120003,-4.493059511799993],[135.43599620440003,-4.493059511799993],[135.43599620440003,-4.413208410999992],[135.11659180120003,-4.413208410999992],[135.11659180120003,-4.493059511799993]]],[[[135.51584730520003,-4.493059511799993],[137.27257152280004,-4.493059511799993],[137.27257152280004,-4.413208410999992],[135.51584730520003,-4.413208410999992],[135.51584730520003,-4.493059511799993]]],[[[137.35242262360003,-4.493059511799993],[137.75167812760003,-4.493059511799993],[137.75167812760003,-4.413208410999992],[137.35242262360003,-4.413208410999992],[137.35242262360003,-4.493059511799993]]],[[[137.83152922840003,-4.493059511799993],[137.91138032920003,-4.493059511799993],[137.91138032920003,-4.413208410999992],[137.83152922840003,-4.413208410999992],[137.83152922840003,-4.493059511799993]]],[[[138.23078473240002,-4.493059511799993],[138.31063583320002,-4.493059511799993],[138.31063583320002,-4.413208410999992],[138.23078473240002,-4.413208410999992],[138.23078473240002,-4.493059511799993]]],[[[141.50467986520005,-4.493059511799993],[142.06363757080004,-4.493059511799993],[142.06363757080004,-4.413208410999992],[141.50467986520005,-4.413208410999992],[141.50467986520005,-4.493059511799993]]],[[[102.93659817880004,-4.572910612599992],[103.17615148120004,-4.572910612599992],[103.17615148120004,-4.493059511799993],[102.93659817880004,-4.493059511799993],[102.93659817880004,-4.572910612599992]]],[[[103.89481138840003,-4.572910612599992],[104.05451359000003,-4.572910612599992],[104.05451359000003,-4.493059511799993],[103.89481138840003,-4.493059511799993],[103.89481138840003,-4.572910612599992]]],[[[104.13436469080003,-4.572910612599992],[104.21421579160004,-4.572910612599992],[104.21421579160004,-4.493059511799993],[104.13436469080003,-4.493059511799993],[104.13436469080003,-4.572910612599992]]],[[[104.93287569880003,-4.572910612599992],[105.09257790040003,-4.572910612599992],[105.09257790040003,-4.493059511799993],[104.93287569880003,-4.493059511799993],[104.93287569880003,-4.572910612599992]]],[[[105.17242900120003,-4.572910612599992],[105.33213120280004,-4.572910612599992],[105.33213120280004,-4.493059511799993],[105.17242900120003,-4.493059511799993],[105.17242900120003,-4.572910612599992]]],[[[105.49183340440004,-4.572910612599992],[105.97094000920004,-4.572910612599992],[105.97094000920004,-4.493059511799993],[105.49183340440004,-4.493059511799993],[105.49183340440004,-4.572910612599992]]],[[[119.54562714520003,-4.572910612599992],[119.70532934680003,-4.572910612599992],[119.70532934680003,-4.493059511799993],[119.54562714520003,-4.493059511799993],[119.54562714520003,-4.572910612599992]]],[[[119.78518044760003,-4.572910612599992],[119.86503154840004,-4.572910612599992],[119.86503154840004,-4.493059511799993],[119.78518044760003,-4.493059511799993],[119.78518044760003,-4.572910612599992]]],[[[120.18443595160004,-4.572910612599992],[120.42398925400003,-4.572910612599992],[120.42398925400003,-4.493059511799993],[120.18443595160004,-4.493059511799993],[120.18443595160004,-4.572910612599992]]],[[[121.46205356440004,-4.572910612599992],[121.54190466520004,-4.572910612599992],[121.54190466520004,-4.493059511799993],[121.46205356440004,-4.493059511799993],[121.46205356440004,-4.572910612599992]]],[[[122.02101127000003,-4.572910612599992],[122.26056457240003,-4.572910612599992],[122.26056457240003,-4.493059511799993],[122.02101127000003,-4.493059511799993],[122.02101127000003,-4.572910612599992]]],[[[122.65982007640004,-4.572910612599992],[122.89937337880004,-4.572910612599992],[122.89937337880004,-4.493059511799993],[122.65982007640004,-4.493059511799993],[122.65982007640004,-4.572910612599992]]],[[[135.91510280920005,-4.572910612599992],[138.55018913560002,-4.572910612599992],[138.55018913560002,-4.493059511799993],[135.91510280920005,-4.493059511799993],[135.91510280920005,-4.572910612599992]]],[[[141.50467986520005,-4.572910612599992],[142.06363757080004,-4.572910612599992],[142.06363757080004,-4.493059511799993],[141.50467986520005,-4.493059511799993],[141.50467986520005,-4.572910612599992]]],[[[103.09630038040004,-4.652761713399993],[103.33585368280004,-4.652761713399993],[103.33585368280004,-4.572910612599992],[103.09630038040004,-4.572910612599992],[103.09630038040004,-4.652761713399993]]],[[[103.97466248920003,-4.652761713399993],[104.21421579160004,-4.652761713399993],[104.21421579160004,-4.572910612599992],[103.97466248920003,-4.572910612599992],[103.97466248920003,-4.652761713399993]]],[[[104.85302459800003,-4.652761713399993],[105.09257790040003,-4.652761713399993],[105.09257790040003,-4.572910612599992],[104.85302459800003,-4.572910612599992],[104.85302459800003,-4.652761713399993]]],[[[105.41198230360004,-4.652761713399993],[105.97094000920004,-4.652761713399993],[105.97094000920004,-4.572910612599992],[105.41198230360004,-4.572910612599992],[105.41198230360004,-4.652761713399993]]],[[[119.54562714520003,-4.652761713399993],[119.62547824600003,-4.652761713399993],[119.62547824600003,-4.572910612599992],[119.54562714520003,-4.572910612599992],[119.54562714520003,-4.652761713399993]]],[[[120.18443595160004,-4.652761713399993],[120.50384035480003,-4.652761713399993],[120.50384035480003,-4.572910612599992],[120.18443595160004,-4.572910612599992],[120.18443595160004,-4.652761713399993]]],[[[121.38220246360004,-4.652761713399993],[121.54190466520004,-4.652761713399993],[121.54190466520004,-4.572910612599992],[121.38220246360004,-4.572910612599992],[121.38220246360004,-4.652761713399993]]],[[[121.94116016920003,-4.652761713399993],[122.10086237080003,-4.652761713399993],[122.10086237080003,-4.572910612599992],[121.94116016920003,-4.572910612599992],[121.94116016920003,-4.652761713399993]]],[[[122.57996897560004,-4.652761713399993],[122.89937337880004,-4.652761713399993],[122.89937337880004,-4.572910612599992],[122.57996897560004,-4.572910612599992],[122.57996897560004,-4.652761713399993]]],[[[123.13892668120003,-4.652761713399993],[123.21877778200003,-4.652761713399993],[123.21877778200003,-4.572910612599992],[123.13892668120003,-4.572910612599992],[123.13892668120003,-4.652761713399993]]],[[[135.99495391000005,-4.652761713399993],[137.99123143000003,-4.652761713399993],[137.99123143000003,-4.572910612599992],[135.99495391000005,-4.572910612599992],[135.99495391000005,-4.652761713399993]]],[[[138.07108253080003,-4.652761713399993],[138.23078473240002,-4.652761713399993],[138.23078473240002,-4.572910612599992],[138.07108253080003,-4.572910612599992],[138.07108253080003,-4.652761713399993]]],[[[138.31063583320002,-4.652761713399993],[138.70989133720002,-4.652761713399993],[138.70989133720002,-4.572910612599992],[138.31063583320002,-4.572910612599992],[138.31063583320002,-4.652761713399993]]],[[[139.26884904280004,-4.652761713399993],[139.34870014360004,-4.652761713399993],[139.34870014360004,-4.572910612599992],[139.26884904280004,-4.572910612599992],[139.26884904280004,-4.652761713399993]]],[[[141.90393536920004,-4.652761713399993],[141.98378647000004,-4.652761713399993],[141.98378647000004,-4.572910612599992],[141.90393536920004,-4.572910612599992],[141.90393536920004,-4.652761713399993]]],[[[103.17615148120004,-4.732612814199992],[103.33585368280004,-4.732612814199992],[103.33585368280004,-4.652761713399993],[103.17615148120004,-4.652761713399993],[103.17615148120004,-4.732612814199992]]],[[[105.41198230360004,-4.732612814199992],[105.97094000920004,-4.732612814199992],[105.97094000920004,-4.652761713399993],[105.41198230360004,-4.652761713399993],[105.41198230360004,-4.732612814199992]]],[[[119.46577604440003,-4.732612814199992],[119.62547824600003,-4.732612814199992],[119.62547824600003,-4.652761713399993],[119.46577604440003,-4.652761713399993],[119.46577604440003,-4.732612814199992]]],[[[120.26428705240004,-4.732612814199992],[120.42398925400003,-4.732612814199992],[120.42398925400003,-4.652761713399993],[120.26428705240004,-4.652761713399993],[120.26428705240004,-4.732612814199992]]],[[[121.46205356440004,-4.732612814199992],[121.54190466520004,-4.732612814199992],[121.54190466520004,-4.652761713399993],[121.46205356440004,-4.652761713399993],[121.46205356440004,-4.732612814199992]]],[[[121.62175576600004,-4.732612814199992],[121.78145796760003,-4.732612814199992],[121.78145796760003,-4.652761713399993],[121.62175576600004,-4.652761713399993],[121.62175576600004,-4.732612814199992]]],[[[121.94116016920003,-4.732612814199992],[122.10086237080003,-4.732612814199992],[122.10086237080003,-4.652761713399993],[121.94116016920003,-4.652761713399993],[121.94116016920003,-4.732612814199992]]],[[[122.42026677400004,-4.732612814199992],[122.73967117720004,-4.732612814199992],[122.73967117720004,-4.652761713399993],[122.42026677400004,-4.652761713399993],[122.42026677400004,-4.732612814199992]]],[[[122.81952227800004,-4.732612814199992],[122.89937337880004,-4.732612814199992],[122.89937337880004,-4.652761713399993],[122.81952227800004,-4.652761713399993],[122.81952227800004,-4.732612814199992]]],[[[122.97922447960003,-4.732612814199992],[123.21877778200003,-4.732612814199992],[123.21877778200003,-4.652761713399993],[122.97922447960003,-4.652761713399993],[122.97922447960003,-4.732612814199992]]],[[[136.23450721240005,-4.732612814199992],[139.50840234520004,-4.732612814199992],[139.50840234520004,-4.652761713399993],[136.23450721240005,-4.652761713399993],[136.23450721240005,-4.732612814199992]]],[[[139.58825344600004,-4.732612814199992],[139.66810454680004,-4.732612814199992],[139.66810454680004,-4.652761713399993],[139.58825344600004,-4.652761713399993],[139.58825344600004,-4.732612814199992]]],[[[103.25600258200004,-4.812463914999993],[103.41570478360003,-4.812463914999993],[103.41570478360003,-4.732612814199992],[103.25600258200004,-4.732612814199992],[103.25600258200004,-4.812463914999993]]],[[[105.33213120280004,-4.812463914999993],[105.89108890840004,-4.812463914999993],[105.89108890840004,-4.732612814199992],[105.33213120280004,-4.732612814199992],[105.33213120280004,-4.812463914999993]]],[[[119.46577604440003,-4.812463914999993],[119.70532934680003,-4.812463914999993],[119.70532934680003,-4.732612814199992],[119.46577604440003,-4.732612814199992],[119.46577604440003,-4.812463914999993]]],[[[120.26428705240004,-4.812463914999993],[120.42398925400003,-4.812463914999993],[120.42398925400003,-4.732612814199992],[120.26428705240004,-4.732612814199992],[120.26428705240004,-4.812463914999993]]],[[[121.46205356440004,-4.812463914999993],[121.78145796760003,-4.812463914999993],[121.78145796760003,-4.732612814199992],[121.46205356440004,-4.732612814199992],[121.46205356440004,-4.812463914999993]]],[[[122.02101127000003,-4.812463914999993],[122.10086237080003,-4.812463914999993],[122.10086237080003,-4.732612814199992],[122.02101127000003,-4.732612814199992],[122.02101127000003,-4.812463914999993]]],[[[122.34041567320003,-4.812463914999993],[122.50011787480004,-4.812463914999993],[122.50011787480004,-4.732612814199992],[122.34041567320003,-4.732612814199992],[122.34041567320003,-4.812463914999993]]],[[[122.65982007640004,-4.812463914999993],[122.89937337880004,-4.812463914999993],[122.89937337880004,-4.732612814199992],[122.65982007640004,-4.732612814199992],[122.65982007640004,-4.812463914999993]]],[[[122.97922447960003,-4.812463914999993],[123.21877778200003,-4.812463914999993],[123.21877778200003,-4.732612814199992],[122.97922447960003,-4.732612814199992],[122.97922447960003,-4.812463914999993]]],[[[136.47406051480004,-4.812463914999993],[139.50840234520004,-4.812463914999993],[139.50840234520004,-4.732612814199992],[136.47406051480004,-4.732612814199992],[136.47406051480004,-4.812463914999993]]],[[[139.58825344600004,-4.812463914999993],[139.82780674840004,-4.812463914999993],[139.82780674840004,-4.732612814199992],[139.58825344600004,-4.732612814199992],[139.58825344600004,-4.812463914999993]]],[[[103.33585368280004,-4.892315015799992],[103.57540698520003,-4.892315015799992],[103.57540698520003,-4.812463914999993],[103.33585368280004,-4.812463914999993],[103.33585368280004,-4.892315015799992]]],[[[105.25228010200003,-4.892315015799992],[105.65153560600004,-4.892315015799992],[105.65153560600004,-4.812463914999993],[105.25228010200003,-4.812463914999993],[105.25228010200003,-4.892315015799992]]],[[[105.73138670680004,-4.892315015799992],[105.89108890840004,-4.892315015799992],[105.89108890840004,-4.812463914999993],[105.73138670680004,-4.812463914999993],[105.73138670680004,-4.892315015799992]]],[[[119.46577604440003,-4.892315015799992],[119.70532934680003,-4.892315015799992],[119.70532934680003,-4.812463914999993],[119.46577604440003,-4.812463914999993],[119.46577604440003,-4.892315015799992]]],[[[120.26428705240004,-4.892315015799992],[120.34413815320003,-4.892315015799992],[120.34413815320003,-4.812463914999993],[120.26428705240004,-4.812463914999993],[120.26428705240004,-4.892315015799992]]],[[[121.70160686680003,-4.892315015799992],[121.78145796760003,-4.892315015799992],[121.78145796760003,-4.812463914999993],[121.70160686680003,-4.812463914999993],[121.70160686680003,-4.892315015799992]]],[[[121.86130906840003,-4.892315015799992],[122.10086237080003,-4.892315015799992],[122.10086237080003,-4.812463914999993],[121.86130906840003,-4.812463914999993],[121.86130906840003,-4.892315015799992]]],[[[122.73967117720004,-4.892315015799992],[122.89937337880004,-4.892315015799992],[122.89937337880004,-4.812463914999993],[122.73967117720004,-4.812463914999993],[122.73967117720004,-4.892315015799992]]],[[[122.97922447960003,-4.892315015799992],[123.13892668120003,-4.892315015799992],[123.13892668120003,-4.812463914999993],[122.97922447960003,-4.812463914999993],[122.97922447960003,-4.892315015799992]]],[[[136.63376271640004,-4.892315015799992],[139.42855124440004,-4.892315015799992],[139.42855124440004,-4.812463914999993],[136.63376271640004,-4.812463914999993],[136.63376271640004,-4.892315015799992]]],[[[139.58825344600004,-4.892315015799992],[139.90765784920004,-4.892315015799992],[139.90765784920004,-4.812463914999993],[139.58825344600004,-4.812463914999993],[139.58825344600004,-4.892315015799992]]],[[[105.25228010200003,-4.972166116599993],[105.33213120280004,-4.972166116599993],[105.33213120280004,-4.892315015799992],[105.25228010200003,-4.892315015799992],[105.25228010200003,-4.972166116599993]]],[[[105.41198230360004,-4.972166116599993],[105.65153560600004,-4.972166116599993],[105.65153560600004,-4.892315015799992],[105.41198230360004,-4.892315015799992],[105.41198230360004,-4.972166116599993]]],[[[105.73138670680004,-4.972166116599993],[105.97094000920004,-4.972166116599993],[105.97094000920004,-4.892315015799992],[105.73138670680004,-4.892315015799992],[105.73138670680004,-4.972166116599993]]],[[[119.46577604440003,-4.972166116599993],[119.70532934680003,-4.972166116599993],[119.70532934680003,-4.892315015799992],[119.46577604440003,-4.892315015799992],[119.46577604440003,-4.972166116599993]]],[[[119.86503154840004,-4.972166116599993],[120.02473375000004,-4.972166116599993],[120.02473375000004,-4.892315015799992],[119.86503154840004,-4.892315015799992],[119.86503154840004,-4.972166116599993]]],[[[120.26428705240004,-4.972166116599993],[120.34413815320003,-4.972166116599993],[120.34413815320003,-4.892315015799992],[120.26428705240004,-4.892315015799992],[120.26428705240004,-4.972166116599993]]],[[[122.34041567320003,-4.972166116599993],[122.42026677400004,-4.972166116599993],[122.42026677400004,-4.892315015799992],[122.34041567320003,-4.892315015799992],[122.34041567320003,-4.972166116599993]]],[[[122.81952227800004,-4.972166116599993],[122.97922447960003,-4.972166116599993],[122.97922447960003,-4.892315015799992],[122.81952227800004,-4.892315015799992],[122.81952227800004,-4.972166116599993]]],[[[136.79346491800004,-4.972166116599993],[139.42855124440004,-4.972166116599993],[139.42855124440004,-4.892315015799992],[136.79346491800004,-4.892315015799992],[136.79346491800004,-4.972166116599993]]],[[[139.74795564760004,-4.972166116599993],[139.90765784920004,-4.972166116599993],[139.90765784920004,-4.892315015799992],[139.74795564760004,-4.892315015799992],[139.74795564760004,-4.972166116599993]]],[[[139.98750895000003,-4.972166116599993],[140.14721115160003,-4.972166116599993],[140.14721115160003,-4.892315015799992],[139.98750895000003,-4.892315015799992],[139.98750895000003,-4.972166116599993]]],[[[105.73138670680004,-5.052017217399992],[105.89108890840004,-5.052017217399992],[105.89108890840004,-4.972166116599993],[105.73138670680004,-4.972166116599993],[105.73138670680004,-5.052017217399992]]],[[[119.46577604440003,-5.052017217399992],[119.70532934680003,-5.052017217399992],[119.70532934680003,-4.972166116599993],[119.46577604440003,-4.972166116599993],[119.46577604440003,-5.052017217399992]]],[[[119.86503154840004,-5.052017217399992],[119.94488264920004,-5.052017217399992],[119.94488264920004,-4.972166116599993],[119.86503154840004,-4.972166116599993],[119.86503154840004,-5.052017217399992]]],[[[122.34041567320003,-5.052017217399992],[122.42026677400004,-5.052017217399992],[122.42026677400004,-4.972166116599993],[122.34041567320003,-4.972166116599993],[122.34041567320003,-5.052017217399992]]],[[[122.89937337880004,-5.052017217399992],[122.97922447960003,-5.052017217399992],[122.97922447960003,-4.972166116599993],[122.89937337880004,-4.972166116599993],[122.89937337880004,-5.052017217399992]]],[[[137.11286932120004,-5.052017217399992],[139.50840234520004,-5.052017217399992],[139.50840234520004,-4.972166116599993],[137.11286932120004,-4.972166116599993],[137.11286932120004,-5.052017217399992]]],[[[139.66810454680004,-5.052017217399992],[140.22706225240003,-5.052017217399992],[140.22706225240003,-4.972166116599993],[139.66810454680004,-4.972166116599993],[139.66810454680004,-5.052017217399992]]],[[[105.33213120280004,-5.131868318199993],[105.49183340440004,-5.131868318199993],[105.49183340440004,-5.052017217399992],[105.33213120280004,-5.052017217399992],[105.33213120280004,-5.131868318199993]]],[[[105.73138670680004,-5.131868318199993],[105.89108890840004,-5.131868318199993],[105.89108890840004,-5.052017217399992],[105.73138670680004,-5.052017217399992],[105.73138670680004,-5.131868318199993]]],[[[119.38592494360003,-5.131868318199993],[119.70532934680003,-5.131868318199993],[119.70532934680003,-5.052017217399992],[119.38592494360003,-5.052017217399992],[119.38592494360003,-5.131868318199993]]],[[[121.78145796760003,-5.131868318199993],[121.86130906840003,-5.131868318199993],[121.86130906840003,-5.052017217399992],[121.78145796760003,-5.052017217399992],[121.78145796760003,-5.131868318199993]]],[[[122.26056457240003,-5.131868318199993],[122.42026677400004,-5.131868318199993],[122.42026677400004,-5.052017217399992],[122.26056457240003,-5.052017217399992],[122.26056457240003,-5.131868318199993]]],[[[122.73967117720004,-5.131868318199993],[122.81952227800004,-5.131868318199993],[122.81952227800004,-5.052017217399992],[122.73967117720004,-5.052017217399992],[122.73967117720004,-5.131868318199993]]],[[[137.27257152280004,-5.131868318199993],[139.74795564760004,-5.131868318199993],[139.74795564760004,-5.052017217399992],[137.27257152280004,-5.052017217399992],[137.27257152280004,-5.131868318199993]]],[[[139.82780674840004,-5.131868318199993],[140.30691335320003,-5.131868318199993],[140.30691335320003,-5.052017217399992],[139.82780674840004,-5.052017217399992],[139.82780674840004,-5.131868318199993]]],[[[103.89481138840003,-5.2117194189999925],[104.05451359000003,-5.2117194189999925],[104.05451359000003,-5.131868318199993],[103.89481138840003,-5.131868318199993],[103.89481138840003,-5.2117194189999925]]],[[[105.41198230360004,-5.2117194189999925],[105.49183340440004,-5.2117194189999925],[105.49183340440004,-5.131868318199993],[105.41198230360004,-5.131868318199993],[105.41198230360004,-5.2117194189999925]]],[[[105.65153560600004,-5.2117194189999925],[105.89108890840004,-5.2117194189999925],[105.89108890840004,-5.131868318199993],[105.65153560600004,-5.131868318199993],[105.65153560600004,-5.2117194189999925]]],[[[119.30607384280003,-5.2117194189999925],[119.70532934680003,-5.2117194189999925],[119.70532934680003,-5.131868318199993],[119.30607384280003,-5.131868318199993],[119.30607384280003,-5.2117194189999925]]],[[[120.18443595160004,-5.2117194189999925],[120.26428705240004,-5.2117194189999925],[120.26428705240004,-5.131868318199993],[120.18443595160004,-5.131868318199993],[120.18443595160004,-5.2117194189999925]]],[[[121.78145796760003,-5.2117194189999925],[121.94116016920003,-5.2117194189999925],[121.94116016920003,-5.131868318199993],[121.78145796760003,-5.131868318199993],[121.78145796760003,-5.2117194189999925]]],[[[122.26056457240003,-5.2117194189999925],[122.42026677400004,-5.2117194189999925],[122.42026677400004,-5.131868318199993],[122.26056457240003,-5.131868318199993],[122.26056457240003,-5.2117194189999925]]],[[[122.89937337880004,-5.2117194189999925],[123.13892668120003,-5.2117194189999925],[123.13892668120003,-5.131868318199993],[122.89937337880004,-5.131868318199993],[122.89937337880004,-5.2117194189999925]]],[[[137.51212482520003,-5.2117194189999925],[139.66810454680004,-5.2117194189999925],[139.66810454680004,-5.131868318199993],[137.51212482520003,-5.131868318199993],[137.51212482520003,-5.2117194189999925]]],[[[139.82780674840004,-5.2117194189999925],[139.90765784920004,-5.2117194189999925],[139.90765784920004,-5.131868318199993],[139.82780674840004,-5.131868318199993],[139.82780674840004,-5.2117194189999925]]],[[[139.98750895000003,-5.2117194189999925],[140.38676445400003,-5.2117194189999925],[140.38676445400003,-5.131868318199993],[139.98750895000003,-5.131868318199993],[139.98750895000003,-5.2117194189999925]]],[[[141.90393536920004,-5.2117194189999925],[142.06363757080004,-5.2117194189999925],[142.06363757080004,-5.131868318199993],[141.90393536920004,-5.131868318199993],[141.90393536920004,-5.2117194189999925]]],[[[103.97466248920003,-5.291570519799993],[104.05451359000003,-5.291570519799993],[104.05451359000003,-5.2117194189999925],[103.97466248920003,-5.2117194189999925],[103.97466248920003,-5.291570519799993]]],[[[104.21421579160004,-5.291570519799993],[104.45376909400004,-5.291570519799993],[104.45376909400004,-5.2117194189999925],[104.21421579160004,-5.2117194189999925],[104.21421579160004,-5.291570519799993]]],[[[105.41198230360004,-5.291570519799993],[105.89108890840004,-5.291570519799993],[105.89108890840004,-5.2117194189999925],[105.41198230360004,-5.2117194189999925],[105.41198230360004,-5.291570519799993]]],[[[119.30607384280003,-5.291570519799993],[119.86503154840004,-5.291570519799993],[119.86503154840004,-5.2117194189999925],[119.30607384280003,-5.2117194189999925],[119.30607384280003,-5.291570519799993]]],[[[120.18443595160004,-5.291570519799993],[120.26428705240004,-5.291570519799993],[120.26428705240004,-5.2117194189999925],[120.18443595160004,-5.2117194189999925],[120.18443595160004,-5.291570519799993]]],[[[121.78145796760003,-5.291570519799993],[121.86130906840003,-5.291570519799993],[121.86130906840003,-5.2117194189999925],[121.78145796760003,-5.2117194189999925],[121.78145796760003,-5.291570519799993]]],[[[122.02101127000003,-5.291570519799993],[122.10086237080003,-5.291570519799993],[122.10086237080003,-5.2117194189999925],[122.02101127000003,-5.2117194189999925],[122.02101127000003,-5.291570519799993]]],[[[122.26056457240003,-5.291570519799993],[122.34041567320003,-5.291570519799993],[122.34041567320003,-5.2117194189999925],[122.26056457240003,-5.2117194189999925],[122.26056457240003,-5.291570519799993]]],[[[122.73967117720004,-5.291570519799993],[122.81952227800004,-5.291570519799993],[122.81952227800004,-5.2117194189999925],[122.73967117720004,-5.2117194189999925],[122.73967117720004,-5.291570519799993]]],[[[122.89937337880004,-5.291570519799993],[122.97922447960003,-5.291570519799993],[122.97922447960003,-5.2117194189999925],[122.89937337880004,-5.2117194189999925],[122.89937337880004,-5.291570519799993]]],[[[123.13892668120003,-5.291570519799993],[123.21877778200003,-5.291570519799993],[123.21877778200003,-5.2117194189999925],[123.13892668120003,-5.2117194189999925],[123.13892668120003,-5.291570519799993]]],[[[137.67182702680003,-5.291570519799993],[139.66810454680004,-5.291570519799993],[139.66810454680004,-5.2117194189999925],[137.67182702680003,-5.2117194189999925],[137.67182702680003,-5.291570519799993]]],[[[139.90765784920004,-5.291570519799993],[140.06736005080003,-5.291570519799993],[140.06736005080003,-5.2117194189999925],[139.90765784920004,-5.2117194189999925],[139.90765784920004,-5.291570519799993]]],[[[140.22706225240003,-5.291570519799993],[140.38676445400003,-5.291570519799993],[140.38676445400003,-5.2117194189999925],[140.22706225240003,-5.2117194189999925],[140.22706225240003,-5.291570519799993]]],[[[103.97466248920003,-5.3714216205999925],[104.13436469080003,-5.3714216205999925],[104.13436469080003,-5.291570519799993],[103.97466248920003,-5.291570519799993],[103.97466248920003,-5.3714216205999925]]],[[[104.29406689240004,-5.3714216205999925],[104.45376909400004,-5.3714216205999925],[104.45376909400004,-5.291570519799993],[104.29406689240004,-5.291570519799993],[104.29406689240004,-5.3714216205999925]]],[[[105.41198230360004,-5.3714216205999925],[105.57168450520004,-5.3714216205999925],[105.57168450520004,-5.291570519799993],[105.41198230360004,-5.291570519799993],[105.41198230360004,-5.3714216205999925]]],[[[105.65153560600004,-5.3714216205999925],[105.89108890840004,-5.3714216205999925],[105.89108890840004,-5.291570519799993],[105.65153560600004,-5.291570519799993],[105.65153560600004,-5.3714216205999925]]],[[[119.30607384280003,-5.3714216205999925],[119.70532934680003,-5.3714216205999925],[119.70532934680003,-5.291570519799993],[119.30607384280003,-5.291570519799993],[119.30607384280003,-5.3714216205999925]]],[[[120.26428705240004,-5.3714216205999925],[120.42398925400003,-5.3714216205999925],[120.42398925400003,-5.291570519799993],[120.26428705240004,-5.291570519799993],[120.26428705240004,-5.3714216205999925]]],[[[122.57996897560004,-5.3714216205999925],[122.73967117720004,-5.3714216205999925],[122.73967117720004,-5.291570519799993],[122.57996897560004,-5.291570519799993],[122.57996897560004,-5.3714216205999925]]],[[[123.05907558040003,-5.3714216205999925],[123.21877778200003,-5.3714216205999925],[123.21877778200003,-5.291570519799993],[123.05907558040003,-5.291570519799993],[123.05907558040003,-5.3714216205999925]]],[[[134.47778299480004,-5.3714216205999925],[134.63748519640004,-5.3714216205999925],[134.63748519640004,-5.291570519799993],[134.47778299480004,-5.291570519799993],[134.47778299480004,-5.3714216205999925]]],[[[137.67182702680003,-5.3714216205999925],[139.74795564760004,-5.3714216205999925],[139.74795564760004,-5.291570519799993],[137.67182702680003,-5.291570519799993],[137.67182702680003,-5.3714216205999925]]],[[[139.82780674840004,-5.3714216205999925],[140.06736005080003,-5.3714216205999925],[140.06736005080003,-5.291570519799993],[139.82780674840004,-5.291570519799993],[139.82780674840004,-5.3714216205999925]]],[[[140.22706225240003,-5.3714216205999925],[140.46661555480003,-5.3714216205999925],[140.46661555480003,-5.291570519799993],[140.22706225240003,-5.291570519799993],[140.22706225240003,-5.3714216205999925]]],[[[104.05451359000003,-5.451272721399993],[104.21421579160004,-5.451272721399993],[104.21421579160004,-5.3714216205999925],[104.05451359000003,-5.3714216205999925],[104.05451359000003,-5.451272721399993]]],[[[105.25228010200003,-5.451272721399993],[105.33213120280004,-5.451272721399993],[105.33213120280004,-5.3714216205999925],[105.25228010200003,-5.3714216205999925],[105.25228010200003,-5.451272721399993]]],[[[105.73138670680004,-5.451272721399993],[105.89108890840004,-5.451272721399993],[105.89108890840004,-5.3714216205999925],[105.73138670680004,-5.3714216205999925],[105.73138670680004,-5.451272721399993]]],[[[119.30607384280003,-5.451272721399993],[119.54562714520003,-5.451272721399993],[119.54562714520003,-5.3714216205999925],[119.30607384280003,-5.3714216205999925],[119.30607384280003,-5.451272721399993]]],[[[122.57996897560004,-5.451272721399993],[122.73967117720004,-5.451272721399993],[122.73967117720004,-5.3714216205999925],[122.57996897560004,-5.3714216205999925],[122.57996897560004,-5.451272721399993]]],[[[123.13892668120003,-5.451272721399993],[123.21877778200003,-5.451272721399993],[123.21877778200003,-5.3714216205999925],[123.13892668120003,-5.3714216205999925],[123.13892668120003,-5.451272721399993]]],[[[134.47778299480004,-5.451272721399993],[134.71733629720003,-5.451272721399993],[134.71733629720003,-5.3714216205999925],[134.47778299480004,-5.3714216205999925],[134.47778299480004,-5.451272721399993]]],[[[137.83152922840003,-5.451272721399993],[139.98750895000003,-5.451272721399993],[139.98750895000003,-5.3714216205999925],[137.83152922840003,-5.3714216205999925],[137.83152922840003,-5.451272721399993]]],[[[140.22706225240003,-5.451272721399993],[140.46661555480003,-5.451272721399993],[140.46661555480003,-5.3714216205999925],[140.22706225240003,-5.3714216205999925],[140.22706225240003,-5.451272721399993]]],[[[104.13436469080003,-5.5311238221999925],[104.21421579160004,-5.5311238221999925],[104.21421579160004,-5.451272721399993],[104.13436469080003,-5.451272721399993],[104.13436469080003,-5.5311238221999925]]],[[[104.45376909400004,-5.5311238221999925],[104.61347129560004,-5.5311238221999925],[104.61347129560004,-5.451272721399993],[104.45376909400004,-5.451272721399993],[104.45376909400004,-5.5311238221999925]]],[[[105.17242900120003,-5.5311238221999925],[105.33213120280004,-5.5311238221999925],[105.33213120280004,-5.451272721399993],[105.17242900120003,-5.451272721399993],[105.17242900120003,-5.5311238221999925]]],[[[105.57168450520004,-5.5311238221999925],[105.89108890840004,-5.5311238221999925],[105.89108890840004,-5.451272721399993],[105.57168450520004,-5.451272721399993],[105.57168450520004,-5.5311238221999925]]],[[[119.38592494360003,-5.5311238221999925],[119.54562714520003,-5.5311238221999925],[119.54562714520003,-5.451272721399993],[119.38592494360003,-5.451272721399993],[119.38592494360003,-5.5311238221999925]]],[[[134.47778299480004,-5.5311238221999925],[134.55763409560004,-5.5311238221999925],[134.55763409560004,-5.451272721399993],[134.47778299480004,-5.451272721399993],[134.47778299480004,-5.5311238221999925]]],[[[134.63748519640004,-5.5311238221999925],[134.71733629720003,-5.5311238221999925],[134.71733629720003,-5.451272721399993],[134.63748519640004,-5.451272721399993],[134.63748519640004,-5.5311238221999925]]],[[[137.91138032920003,-5.5311238221999925],[139.98750895000003,-5.5311238221999925],[139.98750895000003,-5.451272721399993],[137.91138032920003,-5.451272721399993],[137.91138032920003,-5.5311238221999925]]],[[[140.06736005080003,-5.5311238221999925],[140.38676445400003,-5.5311238221999925],[140.38676445400003,-5.451272721399993],[140.06736005080003,-5.451272721399993],[140.06736005080003,-5.5311238221999925]]],[[[104.29406689240004,-5.6109749229999935],[104.53362019480004,-5.6109749229999935],[104.53362019480004,-5.5311238221999925],[104.29406689240004,-5.5311238221999925],[104.29406689240004,-5.6109749229999935]]],[[[105.09257790040003,-5.6109749229999935],[105.25228010200003,-5.6109749229999935],[105.25228010200003,-5.5311238221999925],[105.09257790040003,-5.5311238221999925],[105.09257790040003,-5.6109749229999935]]],[[[105.57168450520004,-5.6109749229999935],[105.89108890840004,-5.6109749229999935],[105.89108890840004,-5.5311238221999925],[105.57168450520004,-5.5311238221999925],[105.57168450520004,-5.6109749229999935]]],[[[122.65982007640004,-5.6109749229999935],[122.81952227800004,-5.6109749229999935],[122.81952227800004,-5.5311238221999925],[122.65982007640004,-5.5311238221999925],[122.65982007640004,-5.6109749229999935]]],[[[134.31808079320004,-5.6109749229999935],[134.55763409560004,-5.6109749229999935],[134.55763409560004,-5.5311238221999925],[134.31808079320004,-5.5311238221999925],[134.31808079320004,-5.6109749229999935]]],[[[134.63748519640004,-5.6109749229999935],[134.71733629720003,-5.6109749229999935],[134.71733629720003,-5.5311238221999925],[134.63748519640004,-5.5311238221999925],[134.63748519640004,-5.6109749229999935]]],[[[137.99123143000003,-5.6109749229999935],[139.82780674840004,-5.6109749229999935],[139.82780674840004,-5.5311238221999925],[137.99123143000003,-5.5311238221999925],[137.99123143000003,-5.6109749229999935]]],[[[139.98750895000003,-5.6109749229999935],[140.30691335320003,-5.6109749229999935],[140.30691335320003,-5.5311238221999925],[139.98750895000003,-5.5311238221999925],[139.98750895000003,-5.6109749229999935]]],[[[140.94572215960005,-5.6109749229999935],[141.02557326040005,-5.6109749229999935],[141.02557326040005,-5.5311238221999925],[140.94572215960005,-5.5311238221999925],[140.94572215960005,-5.6109749229999935]]],[[[104.29406689240004,-5.690826023799993],[104.45376909400004,-5.690826023799993],[104.45376909400004,-5.6109749229999935],[104.29406689240004,-5.6109749229999935],[104.29406689240004,-5.690826023799993]]],[[[104.85302459800003,-5.690826023799993],[105.01272679960003,-5.690826023799993],[105.01272679960003,-5.6109749229999935],[104.85302459800003,-5.6109749229999935],[104.85302459800003,-5.690826023799993]]],[[[105.17242900120003,-5.690826023799993],[105.25228010200003,-5.690826023799993],[105.25228010200003,-5.6109749229999935],[105.17242900120003,-5.6109749229999935],[105.17242900120003,-5.690826023799993]]],[[[105.41198230360004,-5.690826023799993],[105.57168450520004,-5.690826023799993],[105.57168450520004,-5.6109749229999935],[105.41198230360004,-5.6109749229999935],[105.41198230360004,-5.690826023799993]]],[[[105.73138670680004,-5.690826023799993],[105.89108890840004,-5.690826023799993],[105.89108890840004,-5.6109749229999935],[105.73138670680004,-5.6109749229999935],[105.73138670680004,-5.690826023799993]]],[[[134.23822969240004,-5.690826023799993],[134.31808079320004,-5.690826023799993],[134.31808079320004,-5.6109749229999935],[134.23822969240004,-5.6109749229999935],[134.23822969240004,-5.690826023799993]]],[[[134.63748519640004,-5.690826023799993],[134.79718739800003,-5.690826023799993],[134.79718739800003,-5.6109749229999935],[134.63748519640004,-5.6109749229999935],[134.63748519640004,-5.690826023799993]]],[[[137.99123143000003,-5.690826023799993],[139.82780674840004,-5.690826023799993],[139.82780674840004,-5.6109749229999935],[137.99123143000003,-5.6109749229999935],[137.99123143000003,-5.690826023799993]]],[[[139.98750895000003,-5.690826023799993],[140.30691335320003,-5.690826023799993],[140.30691335320003,-5.6109749229999935],[139.98750895000003,-5.6109749229999935],[139.98750895000003,-5.690826023799993]]],[[[141.10542436120005,-5.690826023799993],[141.18527546200005,-5.690826023799993],[141.18527546200005,-5.6109749229999935],[141.10542436120005,-5.6109749229999935],[141.10542436120005,-5.690826023799993]]],[[[141.42482876440005,-5.690826023799993],[141.50467986520005,-5.690826023799993],[141.50467986520005,-5.6109749229999935],[141.42482876440005,-5.6109749229999935],[141.42482876440005,-5.690826023799993]]],[[[141.74423316760004,-5.690826023799993],[141.82408426840004,-5.690826023799993],[141.82408426840004,-5.6109749229999935],[141.74423316760004,-5.6109749229999935],[141.74423316760004,-5.690826023799993]]],[[[104.37391799320004,-5.7706771245999935],[104.53362019480004,-5.7706771245999935],[104.53362019480004,-5.690826023799993],[104.37391799320004,-5.690826023799993],[104.37391799320004,-5.7706771245999935]]],[[[104.93287569880003,-5.7706771245999935],[105.01272679960003,-5.7706771245999935],[105.01272679960003,-5.690826023799993],[104.93287569880003,-5.690826023799993],[104.93287569880003,-5.7706771245999935]]],[[[105.09257790040003,-5.7706771245999935],[105.25228010200003,-5.7706771245999935],[105.25228010200003,-5.690826023799993],[105.09257790040003,-5.690826023799993],[105.09257790040003,-5.7706771245999935]]],[[[105.73138670680004,-5.7706771245999935],[105.81123780760004,-5.7706771245999935],[105.81123780760004,-5.690826023799993],[105.73138670680004,-5.690826023799993],[105.73138670680004,-5.7706771245999935]]],[[[134.15837859160004,-5.7706771245999935],[134.47778299480004,-5.7706771245999935],[134.47778299480004,-5.690826023799993],[134.15837859160004,-5.690826023799993],[134.15837859160004,-5.7706771245999935]]],[[[134.63748519640004,-5.7706771245999935],[134.79718739800003,-5.7706771245999935],[134.79718739800003,-5.690826023799993],[134.63748519640004,-5.690826023799993],[134.63748519640004,-5.7706771245999935]]],[[[138.07108253080003,-5.7706771245999935],[139.82780674840004,-5.7706771245999935],[139.82780674840004,-5.690826023799993],[138.07108253080003,-5.690826023799993],[138.07108253080003,-5.7706771245999935]]],[[[140.06736005080003,-5.7706771245999935],[140.30691335320003,-5.7706771245999935],[140.30691335320003,-5.690826023799993],[140.06736005080003,-5.690826023799993],[140.06736005080003,-5.7706771245999935]]],[[[141.02557326040005,-5.7706771245999935],[141.34497766360005,-5.7706771245999935],[141.34497766360005,-5.690826023799993],[141.02557326040005,-5.690826023799993],[141.02557326040005,-5.7706771245999935]]],[[[141.42482876440005,-5.7706771245999935],[141.50467986520005,-5.7706771245999935],[141.50467986520005,-5.690826023799993],[141.42482876440005,-5.690826023799993],[141.42482876440005,-5.7706771245999935]]],[[[141.58453096600005,-5.7706771245999935],[141.82408426840004,-5.7706771245999935],[141.82408426840004,-5.690826023799993],[141.58453096600005,-5.690826023799993],[141.58453096600005,-5.7706771245999935]]],[[[104.45376909400004,-5.850528225399993],[104.53362019480004,-5.850528225399993],[104.53362019480004,-5.7706771245999935],[104.45376909400004,-5.7706771245999935],[104.45376909400004,-5.850528225399993]]],[[[105.65153560600004,-5.850528225399993],[105.81123780760004,-5.850528225399993],[105.81123780760004,-5.7706771245999935],[105.65153560600004,-5.7706771245999935],[105.65153560600004,-5.850528225399993]]],[[[132.64120767640003,-5.850528225399993],[132.80090987800003,-5.850528225399993],[132.80090987800003,-5.7706771245999935],[132.64120767640003,-5.7706771245999935],[132.64120767640003,-5.850528225399993]]],[[[134.23822969240004,-5.850528225399993],[134.47778299480004,-5.850528225399993],[134.47778299480004,-5.7706771245999935],[134.23822969240004,-5.7706771245999935],[134.23822969240004,-5.850528225399993]]],[[[134.63748519640004,-5.850528225399993],[134.87703849880003,-5.850528225399993],[134.87703849880003,-5.7706771245999935],[134.63748519640004,-5.7706771245999935],[134.63748519640004,-5.850528225399993]]],[[[138.15093363160003,-5.850528225399993],[139.82780674840004,-5.850528225399993],[139.82780674840004,-5.7706771245999935],[138.15093363160003,-5.7706771245999935],[138.15093363160003,-5.850528225399993]]],[[[139.98750895000003,-5.850528225399993],[140.30691335320003,-5.850528225399993],[140.30691335320003,-5.7706771245999935],[139.98750895000003,-5.7706771245999935],[139.98750895000003,-5.850528225399993]]],[[[141.02557326040005,-5.850528225399993],[141.34497766360005,-5.850528225399993],[141.34497766360005,-5.7706771245999935],[141.02557326040005,-5.7706771245999935],[141.02557326040005,-5.850528225399993]]],[[[141.42482876440005,-5.850528225399993],[141.66438206680004,-5.850528225399993],[141.66438206680004,-5.7706771245999935],[141.42482876440005,-5.7706771245999935],[141.42482876440005,-5.850528225399993]]],[[[141.82408426840004,-5.850528225399993],[142.06363757080004,-5.850528225399993],[142.06363757080004,-5.7706771245999935],[141.82408426840004,-5.7706771245999935],[141.82408426840004,-5.850528225399993]]],[[[104.53362019480004,-5.9303793261999935],[104.69332239640003,-5.9303793261999935],[104.69332239640003,-5.850528225399993],[104.53362019480004,-5.850528225399993],[104.53362019480004,-5.9303793261999935]]],[[[105.49183340440004,-5.9303793261999935],[105.57168450520004,-5.9303793261999935],[105.57168450520004,-5.850528225399993],[105.49183340440004,-5.850528225399993],[105.49183340440004,-5.9303793261999935]]],[[[105.73138670680004,-5.9303793261999935],[105.81123780760004,-5.9303793261999935],[105.81123780760004,-5.850528225399993],[105.73138670680004,-5.850528225399993],[105.73138670680004,-5.9303793261999935]]],[[[132.64120767640003,-5.9303793261999935],[132.72105877720003,-5.9303793261999935],[132.72105877720003,-5.850528225399993],[132.64120767640003,-5.850528225399993],[132.64120767640003,-5.9303793261999935]]],[[[134.31808079320004,-5.9303793261999935],[134.39793189400004,-5.9303793261999935],[134.39793189400004,-5.850528225399993],[134.31808079320004,-5.850528225399993],[134.31808079320004,-5.9303793261999935]]],[[[134.55763409560004,-5.9303793261999935],[134.79718739800003,-5.9303793261999935],[134.79718739800003,-5.850528225399993],[134.55763409560004,-5.850528225399993],[134.55763409560004,-5.9303793261999935]]],[[[138.23078473240002,-5.9303793261999935],[139.74795564760004,-5.9303793261999935],[139.74795564760004,-5.850528225399993],[138.23078473240002,-5.850528225399993],[138.23078473240002,-5.9303793261999935]]],[[[139.98750895000003,-5.9303793261999935],[140.38676445400003,-5.9303793261999935],[140.38676445400003,-5.850528225399993],[139.98750895000003,-5.850528225399993],[139.98750895000003,-5.9303793261999935]]],[[[141.02557326040005,-5.9303793261999935],[141.34497766360005,-5.9303793261999935],[141.34497766360005,-5.850528225399993],[141.02557326040005,-5.850528225399993],[141.02557326040005,-5.9303793261999935]]],[[[141.42482876440005,-5.9303793261999935],[141.58453096600005,-5.9303793261999935],[141.58453096600005,-5.850528225399993],[141.42482876440005,-5.850528225399993],[141.42482876440005,-5.9303793261999935]]],[[[141.82408426840004,-5.9303793261999935],[142.06363757080004,-5.9303793261999935],[142.06363757080004,-5.850528225399993],[141.82408426840004,-5.850528225399993],[141.82408426840004,-5.9303793261999935]]],[[[104.53362019480004,-6.010230426999993],[104.61347129560004,-6.010230426999993],[104.61347129560004,-5.9303793261999935],[104.53362019480004,-5.9303793261999935],[104.53362019480004,-6.010230426999993]]],[[[134.31808079320004,-6.010230426999993],[134.39793189400004,-6.010230426999993],[134.39793189400004,-5.9303793261999935],[134.31808079320004,-5.9303793261999935],[134.31808079320004,-6.010230426999993]]],[[[134.55763409560004,-6.010230426999993],[134.79718739800003,-6.010230426999993],[134.79718739800003,-5.9303793261999935],[134.55763409560004,-5.9303793261999935],[134.55763409560004,-6.010230426999993]]],[[[138.23078473240002,-6.010230426999993],[139.50840234520004,-6.010230426999993],[139.50840234520004,-5.9303793261999935],[138.23078473240002,-5.9303793261999935],[138.23078473240002,-6.010230426999993]]],[[[139.82780674840004,-6.010230426999993],[139.90765784920004,-6.010230426999993],[139.90765784920004,-5.9303793261999935],[139.82780674840004,-5.9303793261999935],[139.82780674840004,-6.010230426999993]]],[[[140.22706225240003,-6.010230426999993],[140.38676445400003,-6.010230426999993],[140.38676445400003,-5.9303793261999935],[140.22706225240003,-5.9303793261999935],[140.22706225240003,-6.010230426999993]]],[[[141.02557326040005,-6.010230426999993],[141.26512656280005,-6.010230426999993],[141.26512656280005,-5.9303793261999935],[141.02557326040005,-5.9303793261999935],[141.02557326040005,-6.010230426999993]]],[[[141.42482876440005,-6.010230426999993],[141.50467986520005,-6.010230426999993],[141.50467986520005,-5.9303793261999935],[141.42482876440005,-5.9303793261999935],[141.42482876440005,-6.010230426999993]]],[[[141.90393536920004,-6.010230426999993],[142.06363757080004,-6.010230426999993],[142.06363757080004,-5.9303793261999935],[141.90393536920004,-5.9303793261999935],[141.90393536920004,-6.010230426999993]]],[[[134.07852749080004,-6.090081527799994],[134.23822969240004,-6.090081527799994],[134.23822969240004,-6.010230426999993],[134.07852749080004,-6.010230426999993],[134.07852749080004,-6.090081527799994]]],[[[134.31808079320004,-6.090081527799994],[134.39793189400004,-6.090081527799994],[134.39793189400004,-6.010230426999993],[134.31808079320004,-6.010230426999993],[134.31808079320004,-6.090081527799994]]],[[[134.63748519640004,-6.090081527799994],[134.79718739800003,-6.090081527799994],[134.79718739800003,-6.010230426999993],[134.63748519640004,-6.010230426999993],[134.63748519640004,-6.090081527799994]]],[[[138.31063583320002,-6.090081527799994],[139.98750895000003,-6.090081527799994],[139.98750895000003,-6.010230426999993],[138.31063583320002,-6.010230426999993],[138.31063583320002,-6.090081527799994]]],[[[140.06736005080003,-6.090081527799994],[140.30691335320003,-6.090081527799994],[140.30691335320003,-6.010230426999993],[140.06736005080003,-6.010230426999993],[140.06736005080003,-6.090081527799994]]],[[[140.94572215960005,-6.090081527799994],[141.18527546200005,-6.090081527799994],[141.18527546200005,-6.010230426999993],[140.94572215960005,-6.010230426999993],[140.94572215960005,-6.090081527799994]]],[[[141.34497766360005,-6.090081527799994],[141.58453096600005,-6.090081527799994],[141.58453096600005,-6.010230426999993],[141.34497766360005,-6.010230426999993],[141.34497766360005,-6.090081527799994]]],[[[134.07852749080004,-6.169932628599993],[134.31808079320004,-6.169932628599993],[134.31808079320004,-6.090081527799994],[134.07852749080004,-6.090081527799994],[134.07852749080004,-6.169932628599993]]],[[[134.63748519640004,-6.169932628599993],[134.79718739800003,-6.169932628599993],[134.79718739800003,-6.090081527799994],[134.63748519640004,-6.090081527799994],[134.63748519640004,-6.169932628599993]]],[[[138.31063583320002,-6.169932628599993],[140.38676445400003,-6.169932628599993],[140.38676445400003,-6.090081527799994],[138.31063583320002,-6.090081527799994],[138.31063583320002,-6.169932628599993]]],[[[140.94572215960005,-6.169932628599993],[141.58453096600005,-6.169932628599993],[141.58453096600005,-6.090081527799994],[140.94572215960005,-6.090081527799994],[140.94572215960005,-6.169932628599993]]],[[[134.07852749080004,-6.249783729399994],[134.47778299480004,-6.249783729399994],[134.47778299480004,-6.169932628599993],[134.07852749080004,-6.169932628599993],[134.07852749080004,-6.249783729399994]]],[[[134.63748519640004,-6.249783729399994],[134.79718739800003,-6.249783729399994],[134.79718739800003,-6.169932628599993],[134.63748519640004,-6.169932628599993],[134.63748519640004,-6.249783729399994]]],[[[138.39048693400002,-6.249783729399994],[139.74795564760004,-6.249783729399994],[139.74795564760004,-6.169932628599993],[138.39048693400002,-6.169932628599993],[138.39048693400002,-6.249783729399994]]],[[[139.82780674840004,-6.249783729399994],[140.06736005080003,-6.249783729399994],[140.06736005080003,-6.169932628599993],[139.82780674840004,-6.169932628599993],[139.82780674840004,-6.249783729399994]]],[[[140.14721115160003,-6.249783729399994],[140.46661555480003,-6.249783729399994],[140.46661555480003,-6.169932628599993],[140.14721115160003,-6.169932628599993],[140.14721115160003,-6.249783729399994]]],[[[140.70616885720003,-6.249783729399994],[140.78601995800005,-6.249783729399994],[140.78601995800005,-6.169932628599993],[140.70616885720003,-6.169932628599993],[140.70616885720003,-6.249783729399994]]],[[[140.94572215960005,-6.249783729399994],[141.26512656280005,-6.249783729399994],[141.26512656280005,-6.169932628599993],[140.94572215960005,-6.169932628599993],[140.94572215960005,-6.249783729399994]]],[[[141.98378647000004,-6.249783729399994],[142.06363757080004,-6.249783729399994],[142.06363757080004,-6.169932628599993],[141.98378647000004,-6.169932628599993],[141.98378647000004,-6.249783729399994]]],[[[134.07852749080004,-6.329634830199993],[134.47778299480004,-6.329634830199993],[134.47778299480004,-6.249783729399994],[134.07852749080004,-6.249783729399994],[134.07852749080004,-6.329634830199993]]],[[[134.55763409560004,-6.329634830199993],[134.95688959960003,-6.329634830199993],[134.95688959960003,-6.249783729399994],[134.55763409560004,-6.249783729399994],[134.55763409560004,-6.329634830199993]]],[[[138.39048693400002,-6.329634830199993],[140.06736005080003,-6.329634830199993],[140.06736005080003,-6.249783729399994],[138.39048693400002,-6.249783729399994],[138.39048693400002,-6.329634830199993]]],[[[140.22706225240003,-6.329634830199993],[140.38676445400003,-6.329634830199993],[140.38676445400003,-6.249783729399994],[140.22706225240003,-6.249783729399994],[140.22706225240003,-6.329634830199993]]],[[[140.62631775640003,-6.329634830199993],[141.18527546200005,-6.329634830199993],[141.18527546200005,-6.249783729399994],[140.62631775640003,-6.249783729399994],[140.62631775640003,-6.329634830199993]]],[[[141.90393536920004,-6.329634830199993],[142.06363757080004,-6.329634830199993],[142.06363757080004,-6.249783729399994],[141.90393536920004,-6.249783729399994],[141.90393536920004,-6.329634830199993]]],[[[134.23822969240004,-6.409485930999994],[134.95688959960003,-6.409485930999994],[134.95688959960003,-6.329634830199993],[134.23822969240004,-6.329634830199993],[134.23822969240004,-6.409485930999994]]],[[[138.39048693400002,-6.409485930999994],[140.14721115160003,-6.409485930999994],[140.14721115160003,-6.329634830199993],[138.39048693400002,-6.329634830199993],[138.39048693400002,-6.409485930999994]]],[[[140.22706225240003,-6.409485930999994],[140.38676445400003,-6.409485930999994],[140.38676445400003,-6.329634830199993],[140.22706225240003,-6.329634830199993],[140.22706225240003,-6.409485930999994]]],[[[140.54646665560003,-6.409485930999994],[140.78601995800005,-6.409485930999994],[140.78601995800005,-6.329634830199993],[140.54646665560003,-6.329634830199993],[140.54646665560003,-6.409485930999994]]],[[[140.86587105880005,-6.409485930999994],[141.10542436120005,-6.409485930999994],[141.10542436120005,-6.329634830199993],[140.86587105880005,-6.329634830199993],[140.86587105880005,-6.409485930999994]]],[[[141.90393536920004,-6.409485930999994],[142.06363757080004,-6.409485930999994],[142.06363757080004,-6.329634830199993],[141.90393536920004,-6.329634830199993],[141.90393536920004,-6.409485930999994]]],[[[134.07852749080004,-6.489337031799993],[134.31808079320004,-6.489337031799993],[134.31808079320004,-6.409485930999994],[134.07852749080004,-6.409485930999994],[134.07852749080004,-6.489337031799993]]],[[[134.55763409560004,-6.489337031799993],[134.87703849880003,-6.489337031799993],[134.87703849880003,-6.409485930999994],[134.55763409560004,-6.409485930999994],[134.55763409560004,-6.489337031799993]]],[[[138.47033803480002,-6.489337031799993],[139.98750895000003,-6.489337031799993],[139.98750895000003,-6.409485930999994],[138.47033803480002,-6.409485930999994],[138.47033803480002,-6.489337031799993]]],[[[140.06736005080003,-6.489337031799993],[140.14721115160003,-6.489337031799993],[140.14721115160003,-6.409485930999994],[140.06736005080003,-6.409485930999994],[140.06736005080003,-6.489337031799993]]],[[[140.22706225240003,-6.489337031799993],[140.38676445400003,-6.489337031799993],[140.38676445400003,-6.409485930999994],[140.22706225240003,-6.409485930999994],[140.22706225240003,-6.489337031799993]]],[[[140.46661555480003,-6.489337031799993],[140.70616885720003,-6.489337031799993],[140.70616885720003,-6.409485930999994],[140.46661555480003,-6.409485930999994],[140.46661555480003,-6.489337031799993]]],[[[140.78601995800005,-6.489337031799993],[141.10542436120005,-6.489337031799993],[141.10542436120005,-6.409485930999994],[140.78601995800005,-6.409485930999994],[140.78601995800005,-6.489337031799993]]],[[[141.66438206680004,-6.489337031799993],[141.74423316760004,-6.489337031799993],[141.74423316760004,-6.409485930999994],[141.66438206680004,-6.409485930999994],[141.66438206680004,-6.489337031799993]]],[[[141.82408426840004,-6.489337031799993],[142.06363757080004,-6.489337031799993],[142.06363757080004,-6.409485930999994],[141.82408426840004,-6.409485930999994],[141.82408426840004,-6.489337031799993]]],[[[134.07852749080004,-6.569188132599994],[134.31808079320004,-6.569188132599994],[134.31808079320004,-6.489337031799993],[134.07852749080004,-6.489337031799993],[134.07852749080004,-6.569188132599994]]],[[[134.39793189400004,-6.569188132599994],[134.87703849880003,-6.569188132599994],[134.87703849880003,-6.489337031799993],[134.39793189400004,-6.489337031799993],[134.39793189400004,-6.569188132599994]]],[[[138.55018913560002,-6.569188132599994],[140.62631775640003,-6.569188132599994],[140.62631775640003,-6.489337031799993],[138.55018913560002,-6.489337031799993],[138.55018913560002,-6.569188132599994]]],[[[140.78601995800005,-6.569188132599994],[141.10542436120005,-6.569188132599994],[141.10542436120005,-6.489337031799993],[140.78601995800005,-6.489337031799993],[140.78601995800005,-6.569188132599994]]],[[[141.26512656280005,-6.569188132599994],[141.34497766360005,-6.569188132599994],[141.34497766360005,-6.489337031799993],[141.26512656280005,-6.489337031799993],[141.26512656280005,-6.569188132599994]]],[[[141.42482876440005,-6.569188132599994],[141.50467986520005,-6.569188132599994],[141.50467986520005,-6.489337031799993],[141.42482876440005,-6.489337031799993],[141.42482876440005,-6.569188132599994]]],[[[141.66438206680004,-6.569188132599994],[141.74423316760004,-6.569188132599994],[141.74423316760004,-6.489337031799993],[141.66438206680004,-6.489337031799993],[141.66438206680004,-6.569188132599994]]],[[[141.82408426840004,-6.569188132599994],[142.06363757080004,-6.569188132599994],[142.06363757080004,-6.489337031799993],[141.82408426840004,-6.489337031799993],[141.82408426840004,-6.569188132599994]]],[[[120.34413815320003,-6.649039233399993],[120.42398925400003,-6.649039233399993],[120.42398925400003,-6.569188132599994],[120.34413815320003,-6.569188132599994],[120.34413815320003,-6.649039233399993]]],[[[134.15837859160004,-6.649039233399993],[134.31808079320004,-6.649039233399993],[134.31808079320004,-6.569188132599994],[134.15837859160004,-6.569188132599994],[134.15837859160004,-6.649039233399993]]],[[[134.39793189400004,-6.649039233399993],[134.63748519640004,-6.649039233399993],[134.63748519640004,-6.569188132599994],[134.39793189400004,-6.569188132599994],[134.39793189400004,-6.649039233399993]]],[[[134.71733629720003,-6.649039233399993],[134.79718739800003,-6.649039233399993],[134.79718739800003,-6.569188132599994],[134.71733629720003,-6.569188132599994],[134.71733629720003,-6.649039233399993]]],[[[138.63004023640002,-6.649039233399993],[140.22706225240003,-6.649039233399993],[140.22706225240003,-6.569188132599994],[138.63004023640002,-6.569188132599994],[138.63004023640002,-6.649039233399993]]],[[[140.30691335320003,-6.649039233399993],[140.54646665560003,-6.649039233399993],[140.54646665560003,-6.569188132599994],[140.30691335320003,-6.569188132599994],[140.30691335320003,-6.649039233399993]]],[[[140.70616885720003,-6.649039233399993],[140.94572215960005,-6.649039233399993],[140.94572215960005,-6.569188132599994],[140.70616885720003,-6.569188132599994],[140.70616885720003,-6.649039233399993]]],[[[141.18527546200005,-6.649039233399993],[141.34497766360005,-6.649039233399993],[141.34497766360005,-6.569188132599994],[141.18527546200005,-6.569188132599994],[141.18527546200005,-6.649039233399993]]],[[[141.42482876440005,-6.649039233399993],[141.50467986520005,-6.649039233399993],[141.50467986520005,-6.569188132599994],[141.42482876440005,-6.569188132599994],[141.42482876440005,-6.649039233399993]]],[[[141.66438206680004,-6.649039233399993],[142.06363757080004,-6.649039233399993],[142.06363757080004,-6.569188132599994],[141.66438206680004,-6.569188132599994],[141.66438206680004,-6.649039233399993]]],[[[134.07852749080004,-6.728890334199994],[134.15837859160004,-6.728890334199994],[134.15837859160004,-6.649039233399993],[134.07852749080004,-6.649039233399993],[134.07852749080004,-6.728890334199994]]],[[[134.31808079320004,-6.728890334199994],[134.55763409560004,-6.728890334199994],[134.55763409560004,-6.649039233399993],[134.31808079320004,-6.649039233399993],[134.31808079320004,-6.728890334199994]]],[[[134.63748519640004,-6.728890334199994],[134.79718739800003,-6.728890334199994],[134.79718739800003,-6.649039233399993],[134.63748519640004,-6.649039233399993],[134.63748519640004,-6.728890334199994]]],[[[138.63004023640002,-6.728890334199994],[140.46661555480003,-6.728890334199994],[140.46661555480003,-6.649039233399993],[138.63004023640002,-6.649039233399993],[138.63004023640002,-6.728890334199994]]],[[[140.62631775640003,-6.728890334199994],[140.94572215960005,-6.728890334199994],[140.94572215960005,-6.649039233399993],[140.62631775640003,-6.649039233399993],[140.62631775640003,-6.728890334199994]]],[[[141.02557326040005,-6.728890334199994],[141.10542436120005,-6.728890334199994],[141.10542436120005,-6.649039233399993],[141.02557326040005,-6.649039233399993],[141.02557326040005,-6.728890334199994]]],[[[141.18527546200005,-6.728890334199994],[141.58453096600005,-6.728890334199994],[141.58453096600005,-6.649039233399993],[141.18527546200005,-6.649039233399993],[141.18527546200005,-6.728890334199994]]],[[[141.66438206680004,-6.728890334199994],[141.82408426840004,-6.728890334199994],[141.82408426840004,-6.649039233399993],[141.66438206680004,-6.649039233399993],[141.66438206680004,-6.728890334199994]]],[[[141.90393536920004,-6.728890334199994],[142.06363757080004,-6.728890334199994],[142.06363757080004,-6.649039233399993],[141.90393536920004,-6.649039233399993],[141.90393536920004,-6.728890334199994]]],[[[133.99867639000004,-6.808741434999993],[134.15837859160004,-6.808741434999993],[134.15837859160004,-6.728890334199994],[133.99867639000004,-6.728890334199994],[133.99867639000004,-6.808741434999993]]],[[[134.31808079320004,-6.808741434999993],[134.39793189400004,-6.808741434999993],[134.39793189400004,-6.728890334199994],[134.31808079320004,-6.728890334199994],[134.31808079320004,-6.808741434999993]]],[[[134.47778299480004,-6.808741434999993],[134.71733629720003,-6.808741434999993],[134.71733629720003,-6.728890334199994],[134.47778299480004,-6.728890334199994],[134.47778299480004,-6.808741434999993]]],[[[138.55018913560002,-6.808741434999993],[140.38676445400003,-6.808741434999993],[140.38676445400003,-6.728890334199994],[138.55018913560002,-6.728890334199994],[138.55018913560002,-6.808741434999993]]],[[[140.70616885720003,-6.808741434999993],[141.10542436120005,-6.808741434999993],[141.10542436120005,-6.728890334199994],[140.70616885720003,-6.728890334199994],[140.70616885720003,-6.808741434999993]]],[[[141.42482876440005,-6.808741434999993],[141.58453096600005,-6.808741434999993],[141.58453096600005,-6.728890334199994],[141.42482876440005,-6.728890334199994],[141.42482876440005,-6.808741434999993]]],[[[141.66438206680004,-6.808741434999993],[141.82408426840004,-6.808741434999993],[141.82408426840004,-6.728890334199994],[141.66438206680004,-6.728890334199994],[141.66438206680004,-6.808741434999993]]],[[[141.90393536920004,-6.808741434999993],[142.06363757080004,-6.808741434999993],[142.06363757080004,-6.728890334199994],[141.90393536920004,-6.728890334199994],[141.90393536920004,-6.808741434999993]]],[[[134.07852749080004,-6.888592535799994],[134.23822969240004,-6.888592535799994],[134.23822969240004,-6.808741434999993],[134.07852749080004,-6.808741434999993],[134.07852749080004,-6.888592535799994]]],[[[134.31808079320004,-6.888592535799994],[134.39793189400004,-6.888592535799994],[134.39793189400004,-6.808741434999993],[134.31808079320004,-6.808741434999993],[134.31808079320004,-6.888592535799994]]],[[[134.63748519640004,-6.888592535799994],[134.79718739800003,-6.888592535799994],[134.79718739800003,-6.808741434999993],[134.63748519640004,-6.808741434999993],[134.63748519640004,-6.888592535799994]]],[[[138.55018913560002,-6.888592535799994],[140.30691335320003,-6.888592535799994],[140.30691335320003,-6.808741434999993],[138.55018913560002,-6.808741434999993],[138.55018913560002,-6.888592535799994]]],[[[140.78601995800005,-6.888592535799994],[141.10542436120005,-6.888592535799994],[141.10542436120005,-6.808741434999993],[140.78601995800005,-6.808741434999993],[140.78601995800005,-6.888592535799994]]],[[[141.50467986520005,-6.888592535799994],[141.74423316760004,-6.888592535799994],[141.74423316760004,-6.808741434999993],[141.50467986520005,-6.808741434999993],[141.50467986520005,-6.888592535799994]]],[[[141.90393536920004,-6.888592535799994],[142.06363757080004,-6.888592535799994],[142.06363757080004,-6.808741434999993],[141.90393536920004,-6.808741434999993],[141.90393536920004,-6.888592535799994]]],[[[134.15837859160004,-6.968443636599993],[134.23822969240004,-6.968443636599993],[134.23822969240004,-6.888592535799994],[134.15837859160004,-6.888592535799994],[134.15837859160004,-6.968443636599993]]],[[[134.47778299480004,-6.968443636599993],[134.55763409560004,-6.968443636599993],[134.55763409560004,-6.888592535799994],[134.47778299480004,-6.888592535799994],[134.47778299480004,-6.968443636599993]]],[[[138.55018913560002,-6.968443636599993],[140.30691335320003,-6.968443636599993],[140.30691335320003,-6.888592535799994],[138.55018913560002,-6.888592535799994],[138.55018913560002,-6.968443636599993]]],[[[140.94572215960005,-6.968443636599993],[141.18527546200005,-6.968443636599993],[141.18527546200005,-6.888592535799994],[140.94572215960005,-6.888592535799994],[140.94572215960005,-6.968443636599993]]],[[[141.58453096600005,-6.968443636599993],[141.74423316760004,-6.968443636599993],[141.74423316760004,-6.888592535799994],[141.58453096600005,-6.888592535799994],[141.58453096600005,-6.968443636599993]]],[[[141.90393536920004,-6.968443636599993],[142.06363757080004,-6.968443636599993],[142.06363757080004,-6.888592535799994],[141.90393536920004,-6.888592535799994],[141.90393536920004,-6.968443636599993]]],[[[138.55018913560002,-7.048294737399994],[140.30691335320003,-7.048294737399994],[140.30691335320003,-6.968443636599993],[138.55018913560002,-6.968443636599993],[138.55018913560002,-7.048294737399994]]],[[[140.38676445400003,-7.048294737399994],[140.62631775640003,-7.048294737399994],[140.62631775640003,-6.968443636599993],[140.38676445400003,-6.968443636599993],[140.38676445400003,-7.048294737399994]]],[[[140.94572215960005,-7.048294737399994],[141.34497766360005,-7.048294737399994],[141.34497766360005,-6.968443636599993],[140.94572215960005,-6.968443636599993],[140.94572215960005,-7.048294737399994]]],[[[141.58453096600005,-7.048294737399994],[141.82408426840004,-7.048294737399994],[141.82408426840004,-6.968443636599993],[141.58453096600005,-6.968443636599993],[141.58453096600005,-7.048294737399994]]],[[[141.90393536920004,-7.048294737399994],[142.06363757080004,-7.048294737399994],[142.06363757080004,-6.968443636599993],[141.90393536920004,-6.968443636599993],[141.90393536920004,-7.048294737399994]]],[[[131.60314336600004,-7.128145838199993],[131.68299446680004,-7.128145838199993],[131.68299446680004,-7.048294737399994],[131.60314336600004,-7.048294737399994],[131.60314336600004,-7.128145838199993]]],[[[131.84269666840004,-7.128145838199993],[132.00239887000004,-7.128145838199993],[132.00239887000004,-7.048294737399994],[131.84269666840004,-7.048294737399994],[131.84269666840004,-7.128145838199993]]],[[[134.47778299480004,-7.128145838199993],[134.55763409560004,-7.128145838199993],[134.55763409560004,-7.048294737399994],[134.47778299480004,-7.048294737399994],[134.47778299480004,-7.128145838199993]]],[[[138.63004023640002,-7.128145838199993],[140.22706225240003,-7.128145838199993],[140.22706225240003,-7.048294737399994],[138.63004023640002,-7.048294737399994],[138.63004023640002,-7.128145838199993]]],[[[140.46661555480003,-7.128145838199993],[140.62631775640003,-7.128145838199993],[140.62631775640003,-7.048294737399994],[140.46661555480003,-7.048294737399994],[140.46661555480003,-7.128145838199993]]],[[[140.94572215960005,-7.128145838199993],[141.34497766360005,-7.128145838199993],[141.34497766360005,-7.048294737399994],[140.94572215960005,-7.048294737399994],[140.94572215960005,-7.128145838199993]]],[[[141.66438206680004,-7.128145838199993],[142.06363757080004,-7.128145838199993],[142.06363757080004,-7.048294737399994],[141.66438206680004,-7.048294737399994],[141.66438206680004,-7.128145838199993]]],[[[131.52329226520004,-7.207996938999994],[131.84269666840004,-7.207996938999994],[131.84269666840004,-7.128145838199993],[131.52329226520004,-7.128145838199993],[131.52329226520004,-7.207996938999994]]],[[[138.63004023640002,-7.207996938999994],[140.14721115160003,-7.207996938999994],[140.14721115160003,-7.128145838199993],[138.63004023640002,-7.128145838199993],[138.63004023640002,-7.207996938999994]]],[[[140.38676445400003,-7.207996938999994],[140.70616885720003,-7.207996938999994],[140.70616885720003,-7.128145838199993],[140.38676445400003,-7.128145838199993],[140.38676445400003,-7.207996938999994]]],[[[140.94572215960005,-7.207996938999994],[141.34497766360005,-7.207996938999994],[141.34497766360005,-7.128145838199993],[140.94572215960005,-7.128145838199993],[140.94572215960005,-7.207996938999994]]],[[[141.42482876440005,-7.207996938999994],[142.06363757080004,-7.207996938999994],[142.06363757080004,-7.128145838199993],[141.42482876440005,-7.128145838199993],[141.42482876440005,-7.207996938999994]]],[[[131.44344116440004,-7.287848039799993],[131.68299446680004,-7.287848039799993],[131.68299446680004,-7.207996938999994],[131.44344116440004,-7.207996938999994],[131.44344116440004,-7.287848039799993]]],[[[138.63004023640002,-7.287848039799993],[140.06736005080003,-7.287848039799993],[140.06736005080003,-7.207996938999994],[138.63004023640002,-7.207996938999994],[138.63004023640002,-7.287848039799993]]],[[[140.30691335320003,-7.287848039799993],[140.70616885720003,-7.287848039799993],[140.70616885720003,-7.207996938999994],[140.30691335320003,-7.207996938999994],[140.30691335320003,-7.287848039799993]]],[[[141.02557326040005,-7.287848039799993],[141.98378647000004,-7.287848039799993],[141.98378647000004,-7.207996938999994],[141.02557326040005,-7.207996938999994],[141.02557326040005,-7.287848039799993]]],[[[131.36359006360004,-7.367699140599994],[131.52329226520004,-7.367699140599994],[131.52329226520004,-7.287848039799993],[131.36359006360004,-7.287848039799993],[131.36359006360004,-7.367699140599994]]],[[[131.60314336600004,-7.367699140599994],[131.68299446680004,-7.367699140599994],[131.68299446680004,-7.287848039799993],[131.60314336600004,-7.287848039799993],[131.60314336600004,-7.367699140599994]]],[[[138.63004023640002,-7.367699140599994],[138.70989133720002,-7.367699140599994],[138.70989133720002,-7.287848039799993],[138.63004023640002,-7.287848039799993],[138.63004023640002,-7.367699140599994]]],[[[138.78974243800005,-7.367699140599994],[139.74795564760004,-7.367699140599994],[139.74795564760004,-7.287848039799993],[138.78974243800005,-7.287848039799993],[138.78974243800005,-7.367699140599994]]],[[[140.22706225240003,-7.367699140599994],[140.62631775640003,-7.367699140599994],[140.62631775640003,-7.287848039799993],[140.22706225240003,-7.287848039799993],[140.22706225240003,-7.367699140599994]]],[[[141.10542436120005,-7.367699140599994],[141.90393536920004,-7.367699140599994],[141.90393536920004,-7.287848039799993],[141.10542436120005,-7.287848039799993],[141.10542436120005,-7.367699140599994]]],[[[131.20388786200004,-7.447550241399993],[131.44344116440004,-7.447550241399993],[131.44344116440004,-7.367699140599994],[131.20388786200004,-7.367699140599994],[131.20388786200004,-7.447550241399993]]],[[[138.23078473240002,-7.447550241399993],[139.74795564760004,-7.447550241399993],[139.74795564760004,-7.367699140599994],[138.23078473240002,-7.367699140599994],[138.23078473240002,-7.447550241399993]]],[[[140.14721115160003,-7.447550241399993],[140.54646665560003,-7.447550241399993],[140.54646665560003,-7.367699140599994],[140.14721115160003,-7.367699140599994],[140.14721115160003,-7.447550241399993]]],[[[141.10542436120005,-7.447550241399993],[141.74423316760004,-7.447550241399993],[141.74423316760004,-7.367699140599994],[141.10542436120005,-7.367699140599994],[141.10542436120005,-7.447550241399993]]],[[[130.80463235800005,-7.527401342199994],[130.88448345880005,-7.527401342199994],[130.88448345880005,-7.447550241399993],[130.80463235800005,-7.447550241399993],[130.80463235800005,-7.527401342199994]]],[[[131.20388786200004,-7.527401342199994],[131.36359006360004,-7.527401342199994],[131.36359006360004,-7.447550241399993],[131.20388786200004,-7.447550241399993],[131.20388786200004,-7.527401342199994]]],[[[138.07108253080003,-7.527401342199994],[139.66810454680004,-7.527401342199994],[139.66810454680004,-7.447550241399993],[138.07108253080003,-7.447550241399993],[138.07108253080003,-7.527401342199994]]],[[[139.90765784920004,-7.527401342199994],[140.06736005080003,-7.527401342199994],[140.06736005080003,-7.447550241399993],[139.90765784920004,-7.447550241399993],[139.90765784920004,-7.527401342199994]]],[[[140.22706225240003,-7.527401342199994],[140.62631775640003,-7.527401342199994],[140.62631775640003,-7.447550241399993],[140.22706225240003,-7.447550241399993],[140.22706225240003,-7.527401342199994]]],[[[141.02557326040005,-7.527401342199994],[141.74423316760004,-7.527401342199994],[141.74423316760004,-7.447550241399993],[141.02557326040005,-7.447550241399993],[141.02557326040005,-7.527401342199994]]],[[[130.80463235800005,-7.607252442999993],[130.96433455960005,-7.607252442999993],[130.96433455960005,-7.527401342199994],[130.80463235800005,-7.527401342199994],[130.80463235800005,-7.607252442999993]]],[[[131.20388786200004,-7.607252442999993],[131.28373896280004,-7.607252442999993],[131.28373896280004,-7.527401342199994],[131.20388786200004,-7.527401342199994],[131.20388786200004,-7.607252442999993]]],[[[137.99123143000003,-7.607252442999993],[139.66810454680004,-7.607252442999993],[139.66810454680004,-7.527401342199994],[137.99123143000003,-7.527401342199994],[137.99123143000003,-7.607252442999993]]],[[[139.90765784920004,-7.607252442999993],[140.06736005080003,-7.607252442999993],[140.06736005080003,-7.527401342199994],[139.90765784920004,-7.527401342199994],[139.90765784920004,-7.607252442999993]]],[[[140.14721115160003,-7.607252442999993],[140.62631775640003,-7.607252442999993],[140.62631775640003,-7.527401342199994],[140.14721115160003,-7.527401342199994],[140.14721115160003,-7.607252442999993]]],[[[141.02557326040005,-7.607252442999993],[141.82408426840004,-7.607252442999993],[141.82408426840004,-7.527401342199994],[141.02557326040005,-7.527401342199994],[141.02557326040005,-7.607252442999993]]],[[[130.96433455960005,-7.687103543799994],[131.28373896280004,-7.687103543799994],[131.28373896280004,-7.607252442999993],[130.96433455960005,-7.607252442999993],[130.96433455960005,-7.687103543799994]]],[[[137.99123143000003,-7.687103543799994],[139.74795564760004,-7.687103543799994],[139.74795564760004,-7.607252442999993],[137.99123143000003,-7.607252442999993],[137.99123143000003,-7.687103543799994]]],[[[139.90765784920004,-7.687103543799994],[140.62631775640003,-7.687103543799994],[140.62631775640003,-7.607252442999993],[139.90765784920004,-7.607252442999993],[139.90765784920004,-7.687103543799994]]],[[[140.78601995800005,-7.687103543799994],[140.94572215960005,-7.687103543799994],[140.94572215960005,-7.607252442999993],[140.78601995800005,-7.607252442999993],[140.78601995800005,-7.687103543799994]]],[[[141.18527546200005,-7.687103543799994],[141.90393536920004,-7.687103543799994],[141.90393536920004,-7.607252442999993],[141.18527546200005,-7.607252442999993],[141.18527546200005,-7.687103543799994]]],[[[130.96433455960005,-7.766954644599993],[131.28373896280004,-7.766954644599993],[131.28373896280004,-7.687103543799994],[130.96433455960005,-7.687103543799994],[130.96433455960005,-7.766954644599993]]],[[[137.91138032920003,-7.766954644599993],[139.82780674840004,-7.766954644599993],[139.82780674840004,-7.687103543799994],[137.91138032920003,-7.687103543799994],[137.91138032920003,-7.766954644599993]]],[[[139.90765784920004,-7.766954644599993],[140.62631775640003,-7.766954644599993],[140.62631775640003,-7.687103543799994],[139.90765784920004,-7.687103543799994],[139.90765784920004,-7.766954644599993]]],[[[140.78601995800005,-7.766954644599993],[141.02557326040005,-7.766954644599993],[141.02557326040005,-7.687103543799994],[140.78601995800005,-7.687103543799994],[140.78601995800005,-7.766954644599993]]],[[[141.18527546200005,-7.766954644599993],[141.90393536920004,-7.766954644599993],[141.90393536920004,-7.687103543799994],[141.18527546200005,-7.687103543799994],[141.18527546200005,-7.766954644599993]]],[[[131.04418566040005,-7.846805745399994],[131.20388786200004,-7.846805745399994],[131.20388786200004,-7.766954644599993],[131.04418566040005,-7.766954644599993],[131.04418566040005,-7.846805745399994]]],[[[137.83152922840003,-7.846805745399994],[140.70616885720003,-7.846805745399994],[140.70616885720003,-7.766954644599993],[137.83152922840003,-7.766954644599993],[137.83152922840003,-7.846805745399994]]],[[[140.78601995800005,-7.846805745399994],[141.02557326040005,-7.846805745399994],[141.02557326040005,-7.766954644599993],[140.78601995800005,-7.766954644599993],[140.78601995800005,-7.846805745399994]]],[[[141.18527546200005,-7.846805745399994],[141.98378647000004,-7.846805745399994],[141.98378647000004,-7.766954644599993],[141.18527546200005,-7.766954644599993],[141.18527546200005,-7.846805745399994]]],[[[125.77401300760003,-7.926656846199993],[125.85386410840003,-7.926656846199993],[125.85386410840003,-7.846805745399994],[125.77401300760003,-7.846805745399994],[125.77401300760003,-7.926656846199993]]],[[[129.60686584600003,-7.926656846199993],[129.68671694680003,-7.926656846199993],[129.68671694680003,-7.846805745399994],[129.60686584600003,-7.846805745399994],[129.60686584600003,-7.926656846199993]]],[[[131.04418566040005,-7.926656846199993],[131.12403676120005,-7.926656846199993],[131.12403676120005,-7.846805745399994],[131.04418566040005,-7.846805745399994],[131.04418566040005,-7.926656846199993]]],[[[131.20388786200004,-7.926656846199993],[131.36359006360004,-7.926656846199993],[131.36359006360004,-7.846805745399994],[131.20388786200004,-7.846805745399994],[131.20388786200004,-7.926656846199993]]],[[[137.83152922840003,-7.926656846199993],[141.02557326040005,-7.926656846199993],[141.02557326040005,-7.846805745399994],[137.83152922840003,-7.846805745399994],[137.83152922840003,-7.926656846199993]]],[[[141.26512656280005,-7.926656846199993],[142.06363757080004,-7.926656846199993],[142.06363757080004,-7.846805745399994],[141.26512656280005,-7.846805745399994],[141.26512656280005,-7.926656846199993]]],[[[131.20388786200004,-8.006507946999994],[131.28373896280004,-8.006507946999994],[131.28373896280004,-7.926656846199993],[131.20388786200004,-7.926656846199993],[131.20388786200004,-8.006507946999994]]],[[[137.75167812760003,-8.006507946999994],[141.02557326040005,-8.006507946999994],[141.02557326040005,-7.926656846199993],[137.75167812760003,-7.926656846199993],[137.75167812760003,-8.006507946999994]]],[[[141.10542436120005,-8.006507946999994],[141.18527546200005,-8.006507946999994],[141.18527546200005,-7.926656846199993],[141.10542436120005,-7.926656846199993],[141.10542436120005,-8.006507946999994]]],[[[141.34497766360005,-8.006507946999994],[142.06363757080004,-8.006507946999994],[142.06363757080004,-7.926656846199993],[141.34497766360005,-7.926656846199993],[141.34497766360005,-8.006507946999994]]],[[[129.68671694680003,-8.086359047799993],[129.76656804760003,-8.086359047799993],[129.76656804760003,-8.006507946999994],[129.68671694680003,-8.006507946999994],[129.68671694680003,-8.086359047799993]]],[[[137.75167812760003,-8.086359047799993],[141.26512656280005,-8.086359047799993],[141.26512656280005,-8.006507946999994],[137.75167812760003,-8.006507946999994],[137.75167812760003,-8.086359047799993]]],[[[141.42482876440005,-8.086359047799993],[142.06363757080004,-8.086359047799993],[142.06363757080004,-8.006507946999994],[141.42482876440005,-8.006507946999994],[141.42482876440005,-8.086359047799993]]],[[[124.73594869720003,-8.166210148599992],[124.81579979800003,-8.166210148599992],[124.81579979800003,-8.086359047799993],[124.73594869720003,-8.086359047799993],[124.73594869720003,-8.166210148599992]]],[[[137.67182702680003,-8.166210148599992],[139.66810454680004,-8.166210148599992],[139.66810454680004,-8.086359047799993],[137.67182702680003,-8.086359047799993],[137.67182702680003,-8.166210148599992]]],[[[139.82780674840004,-8.166210148599992],[141.10542436120005,-8.166210148599992],[141.10542436120005,-8.086359047799993],[139.82780674840004,-8.086359047799993],[139.82780674840004,-8.166210148599992]]],[[[141.50467986520005,-8.166210148599992],[141.58453096600005,-8.166210148599992],[141.58453096600005,-8.086359047799993],[141.50467986520005,-8.086359047799993],[141.50467986520005,-8.166210148599992]]],[[[141.66438206680004,-8.166210148599992],[142.06363757080004,-8.166210148599992],[142.06363757080004,-8.086359047799993],[141.66438206680004,-8.086359047799993],[141.66438206680004,-8.166210148599992]]],[[[124.17699099160004,-8.246061249399993],[124.25684209240003,-8.246061249399993],[124.25684209240003,-8.166210148599992],[124.17699099160004,-8.166210148599992],[124.17699099160004,-8.246061249399993]]],[[[124.73594869720003,-8.246061249399993],[124.81579979800003,-8.246061249399993],[124.81579979800003,-8.166210148599992],[124.73594869720003,-8.166210148599992],[124.73594869720003,-8.246061249399993]]],[[[137.67182702680003,-8.246061249399993],[139.02929574040004,-8.246061249399993],[139.02929574040004,-8.166210148599992],[137.67182702680003,-8.166210148599992],[137.67182702680003,-8.246061249399993]]],[[[139.26884904280004,-8.246061249399993],[139.58825344600004,-8.246061249399993],[139.58825344600004,-8.166210148599992],[139.26884904280004,-8.166210148599992],[139.26884904280004,-8.246061249399993]]],[[[139.90765784920004,-8.246061249399993],[140.86587105880005,-8.246061249399993],[140.86587105880005,-8.166210148599992],[139.90765784920004,-8.166210148599992],[139.90765784920004,-8.246061249399993]]],[[[141.74423316760004,-8.246061249399993],[141.82408426840004,-8.246061249399993],[141.82408426840004,-8.166210148599992],[141.74423316760004,-8.166210148599992],[141.74423316760004,-8.246061249399993]]],[[[141.90393536920004,-8.246061249399993],[142.06363757080004,-8.246061249399993],[142.06363757080004,-8.166210148599992],[141.90393536920004,-8.166210148599992],[141.90393536920004,-8.246061249399993]]],[[[114.51500779480003,-8.325912350199992],[114.59485889560003,-8.325912350199992],[114.59485889560003,-8.246061249399993],[114.51500779480003,-8.246061249399993],[114.51500779480003,-8.325912350199992]]],[[[116.67098751640003,-8.325912350199992],[116.75083861720003,-8.325912350199992],[116.75083861720003,-8.246061249399993],[116.67098751640003,-8.246061249399993],[116.67098751640003,-8.325912350199992]]],[[[118.34786063320004,-8.325912350199992],[118.42771173400004,-8.325912350199992],[118.42771173400004,-8.246061249399993],[118.34786063320004,-8.246061249399993],[118.34786063320004,-8.325912350199992]]],[[[118.74711613720004,-8.325912350199992],[119.06652054040003,-8.325912350199992],[119.06652054040003,-8.246061249399993],[118.74711613720004,-8.246061249399993],[118.74711613720004,-8.325912350199992]]],[[[120.42398925400003,-8.325912350199992],[120.50384035480003,-8.325912350199992],[120.50384035480003,-8.246061249399993],[120.42398925400003,-8.246061249399993],[120.42398925400003,-8.325912350199992]]],[[[120.58369145560003,-8.325912350199992],[120.74339365720003,-8.325912350199992],[120.74339365720003,-8.246061249399993],[120.58369145560003,-8.246061249399993],[120.58369145560003,-8.325912350199992]]],[[[122.97922447960003,-8.325912350199992],[123.05907558040003,-8.325912350199992],[123.05907558040003,-8.246061249399993],[122.97922447960003,-8.246061249399993],[122.97922447960003,-8.325912350199992]]],[[[123.13892668120003,-8.325912350199992],[123.21877778200003,-8.325912350199992],[123.21877778200003,-8.246061249399993],[123.13892668120003,-8.246061249399993],[123.13892668120003,-8.325912350199992]]],[[[123.37847998360004,-8.325912350199992],[123.45833108440004,-8.325912350199992],[123.45833108440004,-8.246061249399993],[123.37847998360004,-8.246061249399993],[123.37847998360004,-8.325912350199992]]],[[[124.17699099160004,-8.325912350199992],[124.25684209240003,-8.325912350199992],[124.25684209240003,-8.246061249399993],[124.17699099160004,-8.246061249399993],[124.17699099160004,-8.325912350199992]]],[[[137.67182702680003,-8.325912350199992],[139.02929574040004,-8.325912350199992],[139.02929574040004,-8.246061249399993],[137.67182702680003,-8.246061249399993],[137.67182702680003,-8.325912350199992]]],[[[139.98750895000003,-8.325912350199992],[140.94572215960005,-8.325912350199992],[140.94572215960005,-8.246061249399993],[139.98750895000003,-8.246061249399993],[139.98750895000003,-8.325912350199992]]],[[[141.50467986520005,-8.325912350199992],[141.58453096600005,-8.325912350199992],[141.58453096600005,-8.246061249399993],[141.50467986520005,-8.246061249399993],[141.50467986520005,-8.325912350199992]]],[[[141.74423316760004,-8.325912350199992],[142.06363757080004,-8.325912350199992],[142.06363757080004,-8.246061249399993],[141.74423316760004,-8.246061249399993],[141.74423316760004,-8.325912350199992]]],[[[114.51500779480003,-8.405763450999993],[114.75456109720004,-8.405763450999993],[114.75456109720004,-8.325912350199992],[114.51500779480003,-8.325912350199992],[114.51500779480003,-8.405763450999993]]],[[[116.67098751640003,-8.405763450999993],[116.75083861720003,-8.405763450999993],[116.75083861720003,-8.325912350199992],[116.67098751640003,-8.325912350199992],[116.67098751640003,-8.405763450999993]]],[[[117.07024302040003,-8.405763450999993],[117.30979632280004,-8.405763450999993],[117.30979632280004,-8.325912350199992],[117.07024302040003,-8.325912350199992],[117.07024302040003,-8.405763450999993]]],[[[118.18815843160004,-8.405763450999993],[118.42771173400004,-8.405763450999993],[118.42771173400004,-8.325912350199992],[118.18815843160004,-8.325912350199992],[118.18815843160004,-8.405763450999993]]],[[[118.74711613720004,-8.405763450999993],[118.82696723800004,-8.405763450999993],[118.82696723800004,-8.325912350199992],[118.74711613720004,-8.325912350199992],[118.74711613720004,-8.405763450999993]]],[[[118.90681833880004,-8.405763450999993],[119.06652054040003,-8.405763450999993],[119.06652054040003,-8.325912350199992],[118.90681833880004,-8.325912350199992],[118.90681833880004,-8.405763450999993]]],[[[120.02473375000004,-8.405763450999993],[120.26428705240004,-8.405763450999993],[120.26428705240004,-8.325912350199992],[120.02473375000004,-8.325912350199992],[120.02473375000004,-8.405763450999993]]],[[[120.66354255640003,-8.405763450999993],[120.98294695960004,-8.405763450999993],[120.98294695960004,-8.325912350199992],[120.66354255640003,-8.325912350199992],[120.66354255640003,-8.405763450999993]]],[[[123.37847998360004,-8.405763450999993],[123.45833108440004,-8.405763450999993],[123.45833108440004,-8.325912350199992],[123.37847998360004,-8.325912350199992],[123.37847998360004,-8.405763450999993]]],[[[124.01728879000004,-8.405763450999993],[124.17699099160004,-8.405763450999993],[124.17699099160004,-8.325912350199992],[124.01728879000004,-8.325912350199992],[124.01728879000004,-8.405763450999993]]],[[[124.49639539480003,-8.405763450999993],[124.57624649560003,-8.405763450999993],[124.57624649560003,-8.325912350199992],[124.49639539480003,-8.325912350199992],[124.49639539480003,-8.405763450999993]]],[[[137.59197592600003,-8.405763450999993],[139.02929574040004,-8.405763450999993],[139.02929574040004,-8.325912350199992],[137.59197592600003,-8.325912350199992],[137.59197592600003,-8.405763450999993]]],[[[140.14721115160003,-8.405763450999993],[140.78601995800005,-8.405763450999993],[140.78601995800005,-8.325912350199992],[140.14721115160003,-8.325912350199992],[140.14721115160003,-8.405763450999993]]],[[[140.86587105880005,-8.405763450999993],[140.94572215960005,-8.405763450999993],[140.94572215960005,-8.325912350199992],[140.86587105880005,-8.325912350199992],[140.86587105880005,-8.405763450999993]]],[[[141.74423316760004,-8.405763450999993],[142.06363757080004,-8.405763450999993],[142.06363757080004,-8.325912350199992],[141.74423316760004,-8.325912350199992],[141.74423316760004,-8.405763450999993]]],[[[116.03217871000004,-8.485614551799992],[116.11202981080004,-8.485614551799992],[116.11202981080004,-8.405763450999993],[116.03217871000004,-8.405763450999993],[116.03217871000004,-8.485614551799992]]],[[[116.75083861720003,-8.485614551799992],[116.83068971800003,-8.485614551799992],[116.83068971800003,-8.405763450999993],[116.75083861720003,-8.405763450999993],[116.75083861720003,-8.485614551799992]]],[[[116.99039191960003,-8.485614551799992],[117.62920072600004,-8.485614551799992],[117.62920072600004,-8.405763450999993],[116.99039191960003,-8.405763450999993],[116.99039191960003,-8.485614551799992]]],[[[118.26800953240004,-8.485614551799992],[118.34786063320004,-8.485614551799992],[118.34786063320004,-8.405763450999993],[118.26800953240004,-8.405763450999993],[118.26800953240004,-8.485614551799992]]],[[[118.66726503640004,-8.485614551799992],[118.82696723800004,-8.485614551799992],[118.82696723800004,-8.405763450999993],[118.66726503640004,-8.405763450999993],[118.66726503640004,-8.485614551799992]]],[[[118.90681833880004,-8.485614551799992],[118.98666943960004,-8.485614551799992],[118.98666943960004,-8.405763450999993],[118.90681833880004,-8.405763450999993],[118.90681833880004,-8.485614551799992]]],[[[119.94488264920004,-8.485614551799992],[120.18443595160004,-8.485614551799992],[120.18443595160004,-8.405763450999993],[119.94488264920004,-8.405763450999993],[119.94488264920004,-8.485614551799992]]],[[[120.98294695960004,-8.485614551799992],[121.30235136280004,-8.485614551799992],[121.30235136280004,-8.405763450999993],[120.98294695960004,-8.405763450999993],[120.98294695960004,-8.485614551799992]]],[[[122.42026677400004,-8.485614551799992],[122.65982007640004,-8.485614551799992],[122.65982007640004,-8.405763450999993],[122.42026677400004,-8.405763450999993],[122.42026677400004,-8.485614551799992]]],[[[122.73967117720004,-8.485614551799992],[122.81952227800004,-8.485614551799992],[122.81952227800004,-8.405763450999993],[122.73967117720004,-8.405763450999993],[122.73967117720004,-8.485614551799992]]],[[[123.21877778200003,-8.485614551799992],[123.37847998360004,-8.485614551799992],[123.37847998360004,-8.405763450999993],[123.21877778200003,-8.405763450999993],[123.21877778200003,-8.485614551799992]]],[[[124.49639539480003,-8.485614551799992],[124.57624649560003,-8.485614551799992],[124.57624649560003,-8.405763450999993],[124.49639539480003,-8.405763450999993],[124.49639539480003,-8.485614551799992]]],[[[137.59197592600003,-8.485614551799992],[137.75167812760003,-8.485614551799992],[137.75167812760003,-8.405763450999993],[137.59197592600003,-8.405763450999993],[137.59197592600003,-8.485614551799992]]],[[[138.23078473240002,-8.485614551799992],[138.39048693400002,-8.485614551799992],[138.39048693400002,-8.405763450999993],[138.23078473240002,-8.405763450999993],[138.23078473240002,-8.485614551799992]]],[[[140.22706225240003,-8.485614551799992],[140.86587105880005,-8.485614551799992],[140.86587105880005,-8.405763450999993],[140.22706225240003,-8.405763450999993],[140.22706225240003,-8.485614551799992]]],[[[141.82408426840004,-8.485614551799992],[142.06363757080004,-8.485614551799992],[142.06363757080004,-8.405763450999993],[141.82408426840004,-8.405763450999993],[141.82408426840004,-8.485614551799992]]],[[[116.03217871000004,-8.565465652599993],[116.19188091160004,-8.565465652599993],[116.19188091160004,-8.485614551799992],[116.03217871000004,-8.485614551799992],[116.03217871000004,-8.565465652599993]]],[[[116.83068971800003,-8.565465652599993],[117.07024302040003,-8.565465652599993],[117.07024302040003,-8.485614551799992],[116.83068971800003,-8.485614551799992],[116.83068971800003,-8.565465652599993]]],[[[117.38964742360004,-8.565465652599993],[117.70905182680004,-8.565465652599993],[117.70905182680004,-8.485614551799992],[117.38964742360004,-8.485614551799992],[117.38964742360004,-8.565465652599993]]],[[[118.26800953240004,-8.565465652599993],[118.82696723800004,-8.565465652599993],[118.82696723800004,-8.485614551799992],[118.26800953240004,-8.485614551799992],[118.26800953240004,-8.565465652599993]]],[[[118.90681833880004,-8.565465652599993],[119.06652054040003,-8.565465652599993],[119.06652054040003,-8.485614551799992],[118.90681833880004,-8.485614551799992],[118.90681833880004,-8.565465652599993]]],[[[119.46577604440003,-8.565465652599993],[119.62547824600003,-8.565465652599993],[119.62547824600003,-8.485614551799992],[119.46577604440003,-8.485614551799992],[119.46577604440003,-8.565465652599993]]],[[[119.78518044760003,-8.565465652599993],[119.94488264920004,-8.565465652599993],[119.94488264920004,-8.485614551799992],[119.78518044760003,-8.485614551799992],[119.78518044760003,-8.565465652599993]]],[[[120.02473375000004,-8.565465652599993],[120.18443595160004,-8.565465652599993],[120.18443595160004,-8.485614551799992],[120.02473375000004,-8.485614551799992],[120.02473375000004,-8.565465652599993]]],[[[121.06279806040004,-8.565465652599993],[121.38220246360004,-8.565465652599993],[121.38220246360004,-8.485614551799992],[121.06279806040004,-8.485614551799992],[121.06279806040004,-8.565465652599993]]],[[[121.54190466520004,-8.565465652599993],[121.78145796760003,-8.565465652599993],[121.78145796760003,-8.485614551799992],[121.54190466520004,-8.485614551799992],[121.54190466520004,-8.565465652599993]]],[[[121.86130906840003,-8.565465652599993],[122.10086237080003,-8.565465652599993],[122.10086237080003,-8.485614551799992],[121.86130906840003,-8.485614551799992],[121.86130906840003,-8.565465652599993]]],[[[122.50011787480004,-8.565465652599993],[122.57996897560004,-8.565465652599993],[122.57996897560004,-8.485614551799992],[122.50011787480004,-8.485614551799992],[122.50011787480004,-8.565465652599993]]],[[[140.38676445400003,-8.565465652599993],[140.78601995800005,-8.565465652599993],[140.78601995800005,-8.485614551799992],[140.38676445400003,-8.485614551799992],[140.38676445400003,-8.565465652599993]]],[[[116.03217871000004,-8.645316753399992],[116.19188091160004,-8.645316753399992],[116.19188091160004,-8.565465652599993],[116.03217871000004,-8.565465652599993],[116.03217871000004,-8.645316753399992]]],[[[116.75083861720003,-8.645316753399992],[116.99039191960003,-8.645316753399992],[116.99039191960003,-8.565465652599993],[116.75083861720003,-8.565465652599993],[116.75083861720003,-8.645316753399992]]],[[[117.38964742360004,-8.645316753399992],[117.78890292760003,-8.645316753399992],[117.78890292760003,-8.565465652599993],[117.38964742360004,-8.565465652599993],[117.38964742360004,-8.645316753399992]]],[[[118.26800953240004,-8.645316753399992],[119.22622274200003,-8.645316753399992],[119.22622274200003,-8.565465652599993],[118.26800953240004,-8.565465652599993],[118.26800953240004,-8.645316753399992]]],[[[119.38592494360003,-8.645316753399992],[119.46577604440003,-8.645316753399992],[119.46577604440003,-8.565465652599993],[119.38592494360003,-8.565465652599993],[119.38592494360003,-8.645316753399992]]],[[[119.78518044760003,-8.645316753399992],[119.86503154840004,-8.645316753399992],[119.86503154840004,-8.565465652599993],[119.78518044760003,-8.565465652599993],[119.78518044760003,-8.645316753399992]]],[[[120.10458485080004,-8.645316753399992],[120.18443595160004,-8.645316753399992],[120.18443595160004,-8.565465652599993],[120.10458485080004,-8.565465652599993],[120.10458485080004,-8.645316753399992]]],[[[120.82324475800004,-8.645316753399992],[120.90309585880004,-8.645316753399992],[120.90309585880004,-8.565465652599993],[120.82324475800004,-8.565465652599993],[120.82324475800004,-8.645316753399992]]],[[[121.22250026200004,-8.645316753399992],[121.78145796760003,-8.645316753399992],[121.78145796760003,-8.565465652599993],[121.22250026200004,-8.565465652599993],[121.22250026200004,-8.645316753399992]]],[[[121.86130906840003,-8.645316753399992],[121.94116016920003,-8.645316753399992],[121.94116016920003,-8.565465652599993],[121.86130906840003,-8.565465652599993],[121.86130906840003,-8.645316753399992]]],[[[122.18071347160003,-8.645316753399992],[122.26056457240003,-8.645316753399992],[122.26056457240003,-8.565465652599993],[122.18071347160003,-8.565465652599993],[122.18071347160003,-8.645316753399992]]],[[[122.50011787480004,-8.645316753399992],[122.57996897560004,-8.645316753399992],[122.57996897560004,-8.565465652599993],[122.50011787480004,-8.565465652599993],[122.50011787480004,-8.645316753399992]]],[[[140.38676445400003,-8.645316753399992],[140.70616885720003,-8.645316753399992],[140.70616885720003,-8.565465652599993],[140.38676445400003,-8.565465652599993],[140.38676445400003,-8.645316753399992]]],[[[140.78601995800005,-8.645316753399992],[141.02557326040005,-8.645316753399992],[141.02557326040005,-8.565465652599993],[140.78601995800005,-8.565465652599993],[140.78601995800005,-8.645316753399992]]],[[[115.15381660120003,-8.725167854199993],[115.31351880280003,-8.725167854199993],[115.31351880280003,-8.645316753399992],[115.15381660120003,-8.645316753399992],[115.15381660120003,-8.725167854199993]]],[[[116.03217871000004,-8.725167854199993],[116.19188091160004,-8.725167854199993],[116.19188091160004,-8.645316753399992],[116.03217871000004,-8.645316753399992],[116.03217871000004,-8.725167854199993]]],[[[116.75083861720003,-8.725167854199993],[116.99039191960003,-8.725167854199993],[116.99039191960003,-8.645316753399992],[116.75083861720003,-8.645316753399992],[116.75083861720003,-8.725167854199993]]],[[[117.38964742360004,-8.725167854199993],[117.86875402840003,-8.725167854199993],[117.86875402840003,-8.645316753399992],[117.38964742360004,-8.645316753399992],[117.38964742360004,-8.725167854199993]]],[[[117.94860512920003,-8.725167854199993],[118.02845623000003,-8.725167854199993],[118.02845623000003,-8.645316753399992],[117.94860512920003,-8.645316753399992],[117.94860512920003,-8.725167854199993]]],[[[118.18815843160004,-8.725167854199993],[118.50756283480004,-8.725167854199993],[118.50756283480004,-8.645316753399992],[118.18815843160004,-8.645316753399992],[118.18815843160004,-8.725167854199993]]],[[[118.58741393560004,-8.725167854199993],[119.14637164120003,-8.725167854199993],[119.14637164120003,-8.645316753399992],[118.58741393560004,-8.645316753399992],[118.58741393560004,-8.725167854199993]]],[[[119.78518044760003,-8.725167854199993],[119.86503154840004,-8.725167854199993],[119.86503154840004,-8.645316753399992],[119.78518044760003,-8.645316753399992],[119.78518044760003,-8.725167854199993]]],[[[121.46205356440004,-8.725167854199993],[121.62175576600004,-8.725167854199993],[121.62175576600004,-8.645316753399992],[121.46205356440004,-8.645316753399992],[121.46205356440004,-8.725167854199993]]],[[[121.70160686680003,-8.725167854199993],[121.78145796760003,-8.725167854199993],[121.78145796760003,-8.645316753399992],[121.70160686680003,-8.645316753399992],[121.70160686680003,-8.725167854199993]]],[[[140.46661555480003,-8.725167854199993],[140.94572215960005,-8.725167854199993],[140.94572215960005,-8.645316753399992],[140.46661555480003,-8.645316753399992],[140.46661555480003,-8.725167854199993]]],[[[115.15381660120003,-8.805018954999992],[115.23366770200003,-8.805018954999992],[115.23366770200003,-8.725167854199993],[115.15381660120003,-8.725167854199993],[115.15381660120003,-8.805018954999992]]],[[[115.79262540760004,-8.805018954999992],[116.11202981080004,-8.805018954999992],[116.11202981080004,-8.725167854199993],[115.79262540760004,-8.725167854199993],[115.79262540760004,-8.805018954999992]]],[[[116.43143421400003,-8.805018954999992],[116.51128531480003,-8.805018954999992],[116.51128531480003,-8.725167854199993],[116.43143421400003,-8.725167854199993],[116.43143421400003,-8.805018954999992]]],[[[116.75083861720003,-8.805018954999992],[116.99039191960003,-8.805018954999992],[116.99039191960003,-8.725167854199993],[116.75083861720003,-8.725167854199993],[116.75083861720003,-8.805018954999992]]],[[[117.70905182680004,-8.805018954999992],[118.10830733080003,-8.805018954999992],[118.10830733080003,-8.725167854199993],[117.70905182680004,-8.725167854199993],[117.70905182680004,-8.805018954999992]]],[[[118.18815843160004,-8.805018954999992],[118.50756283480004,-8.805018954999992],[118.50756283480004,-8.725167854199993],[118.18815843160004,-8.725167854199993],[118.18815843160004,-8.805018954999992]]],[[[118.58741393560004,-8.805018954999992],[118.82696723800004,-8.805018954999992],[118.82696723800004,-8.725167854199993],[118.58741393560004,-8.725167854199993],[118.58741393560004,-8.805018954999992]]],[[[120.10458485080004,-8.805018954999992],[120.18443595160004,-8.805018954999992],[120.18443595160004,-8.725167854199993],[120.10458485080004,-8.725167854199993],[120.10458485080004,-8.805018954999992]]],[[[120.34413815320003,-8.805018954999992],[120.42398925400003,-8.805018954999992],[120.42398925400003,-8.725167854199993],[120.34413815320003,-8.725167854199993],[120.34413815320003,-8.805018954999992]]],[[[120.50384035480003,-8.805018954999992],[120.66354255640003,-8.805018954999992],[120.66354255640003,-8.725167854199993],[120.50384035480003,-8.725167854199993],[120.50384035480003,-8.805018954999992]]],[[[121.86130906840003,-8.805018954999992],[121.94116016920003,-8.805018954999992],[121.94116016920003,-8.725167854199993],[121.86130906840003,-8.725167854199993],[121.86130906840003,-8.805018954999992]]],[[[140.54646665560003,-8.805018954999992],[140.86587105880005,-8.805018954999992],[140.86587105880005,-8.725167854199993],[140.54646665560003,-8.725167854199993],[140.54646665560003,-8.805018954999992]]],[[[141.02557326040005,-8.805018954999992],[141.10542436120005,-8.805018954999992],[141.10542436120005,-8.725167854199993],[141.02557326040005,-8.725167854199993],[141.02557326040005,-8.805018954999992]]],[[[141.18527546200005,-8.805018954999992],[141.26512656280005,-8.805018954999992],[141.26512656280005,-8.725167854199993],[141.18527546200005,-8.725167854199993],[141.18527546200005,-8.805018954999992]]],[[[141.34497766360005,-8.805018954999992],[141.58453096600005,-8.805018954999992],[141.58453096600005,-8.725167854199993],[141.34497766360005,-8.725167854199993],[141.34497766360005,-8.805018954999992]]],[[[115.95232760920004,-8.884870055799993],[116.19188091160004,-8.884870055799993],[116.19188091160004,-8.805018954999992],[115.95232760920004,-8.805018954999992],[115.95232760920004,-8.884870055799993]]],[[[116.27173201240004,-8.884870055799993],[116.51128531480003,-8.884870055799993],[116.51128531480003,-8.805018954999992],[116.27173201240004,-8.805018954999992],[116.27173201240004,-8.884870055799993]]],[[[116.75083861720003,-8.884870055799993],[116.91054081880003,-8.884870055799993],[116.91054081880003,-8.805018954999992],[116.75083861720003,-8.805018954999992],[116.75083861720003,-8.884870055799993]]],[[[117.70905182680004,-8.884870055799993],[117.86875402840003,-8.884870055799993],[117.86875402840003,-8.805018954999992],[117.70905182680004,-8.805018954999992],[117.70905182680004,-8.884870055799993]]],[[[121.62175576600004,-8.884870055799993],[121.70160686680003,-8.884870055799993],[121.70160686680003,-8.805018954999992],[121.62175576600004,-8.805018954999992],[121.62175576600004,-8.884870055799993]]],[[[140.54646665560003,-8.884870055799993],[141.66438206680004,-8.884870055799993],[141.66438206680004,-8.805018954999992],[140.54646665560003,-8.805018954999992],[140.54646665560003,-8.884870055799993]]],[[[116.27173201240004,-8.964721156599992],[116.35158311320004,-8.964721156599992],[116.35158311320004,-8.884870055799993],[116.27173201240004,-8.884870055799993],[116.27173201240004,-8.964721156599992]]],[[[116.43143421400003,-8.964721156599992],[116.51128531480003,-8.964721156599992],[116.51128531480003,-8.884870055799993],[116.43143421400003,-8.884870055799993],[116.43143421400003,-8.964721156599992]]],[[[116.75083861720003,-8.964721156599992],[116.83068971800003,-8.964721156599992],[116.83068971800003,-8.884870055799993],[116.75083861720003,-8.884870055799993],[116.75083861720003,-8.964721156599992]]],[[[117.15009412120003,-8.964721156599992],[117.30979632280004,-8.964721156599992],[117.30979632280004,-8.884870055799993],[117.15009412120003,-8.884870055799993],[117.15009412120003,-8.964721156599992]]],[[[121.14264916120004,-8.964721156599992],[121.30235136280004,-8.964721156599992],[121.30235136280004,-8.884870055799993],[121.14264916120004,-8.884870055799993],[121.14264916120004,-8.964721156599992]]],[[[140.62631775640003,-8.964721156599992],[141.66438206680004,-8.964721156599992],[141.66438206680004,-8.884870055799993],[140.62631775640003,-8.884870055799993],[140.62631775640003,-8.964721156599992]]],[[[116.67098751640003,-9.044572257399992],[116.91054081880003,-9.044572257399992],[116.91054081880003,-8.964721156599992],[116.67098751640003,-8.964721156599992],[116.67098751640003,-9.044572257399992]]],[[[117.15009412120003,-9.044572257399992],[117.30979632280004,-9.044572257399992],[117.30979632280004,-8.964721156599992],[117.15009412120003,-8.964721156599992],[117.15009412120003,-9.044572257399992]]],[[[124.73594869720003,-9.044572257399992],[124.97550199960003,-9.044572257399992],[124.97550199960003,-8.964721156599992],[124.73594869720003,-8.964721156599992],[124.73594869720003,-9.044572257399992]]],[[[140.70616885720003,-9.044572257399992],[141.66438206680004,-9.044572257399992],[141.66438206680004,-8.964721156599992],[140.70616885720003,-8.964721156599992],[140.70616885720003,-9.044572257399992]]],[[[124.65609759640003,-9.124423358199994],[124.89565089880003,-9.124423358199994],[124.89565089880003,-9.044572257399992],[124.65609759640003,-9.044572257399992],[124.65609759640003,-9.124423358199994]]],[[[124.97550199960003,-9.124423358199994],[125.05535310040004,-9.124423358199994],[125.05535310040004,-9.044572257399992],[124.97550199960003,-9.044572257399992],[124.97550199960003,-9.124423358199994]]],[[[140.78601995800005,-9.124423358199994],[141.74423316760004,-9.124423358199994],[141.74423316760004,-9.044572257399992],[140.78601995800005,-9.044572257399992],[140.78601995800005,-9.124423358199994]]],[[[124.41654429400003,-9.204274458999993],[124.81579979800003,-9.204274458999993],[124.81579979800003,-9.124423358199994],[124.41654429400003,-9.124423358199994],[124.41654429400003,-9.204274458999993]]],[[[124.97550199960003,-9.204274458999993],[125.05535310040004,-9.204274458999993],[125.05535310040004,-9.124423358199994],[124.97550199960003,-9.124423358199994],[124.97550199960003,-9.204274458999993]]],[[[140.94572215960005,-9.204274458999993],[142.06363757080004,-9.204274458999993],[142.06363757080004,-9.124423358199994],[140.94572215960005,-9.124423358199994],[140.94572215960005,-9.204274458999993]]],[[[124.49639539480003,-9.284125559799993],[124.65609759640003,-9.284125559799993],[124.65609759640003,-9.204274458999993],[124.49639539480003,-9.204274458999993],[124.49639539480003,-9.284125559799993]]],[[[141.10542436120005,-9.284125559799993],[141.26512656280005,-9.284125559799993],[141.26512656280005,-9.204274458999993],[141.10542436120005,-9.204274458999993],[141.10542436120005,-9.284125559799993]]],[[[123.93743768920004,-9.363976660599992],[124.09713989080004,-9.363976660599992],[124.09713989080004,-9.284125559799993],[123.93743768920004,-9.284125559799993],[123.93743768920004,-9.363976660599992]]],[[[119.54562714520003,-9.443827761399994],[119.62547824600003,-9.443827761399994],[119.62547824600003,-9.363976660599992],[119.54562714520003,-9.363976660599992],[119.54562714520003,-9.443827761399994]]],[[[119.70532934680003,-9.443827761399994],[119.78518044760003,-9.443827761399994],[119.78518044760003,-9.363976660599992],[119.70532934680003,-9.363976660599992],[119.70532934680003,-9.443827761399994]]],[[[123.85758658840004,-9.443827761399994],[124.09713989080004,-9.443827761399994],[124.09713989080004,-9.363976660599992],[123.85758658840004,-9.363976660599992],[123.85758658840004,-9.443827761399994]]],[[[124.81579979800003,-9.443827761399994],[125.05535310040004,-9.443827761399994],[125.05535310040004,-9.363976660599992],[124.81579979800003,-9.363976660599992],[124.81579979800003,-9.443827761399994]]],[[[119.46577604440003,-9.523678862199993],[119.54562714520003,-9.523678862199993],[119.54562714520003,-9.443827761399994],[119.46577604440003,-9.443827761399994],[119.46577604440003,-9.523678862199993]]],[[[123.77773548760004,-9.523678862199993],[123.93743768920004,-9.523678862199993],[123.93743768920004,-9.443827761399994],[123.77773548760004,-9.443827761399994],[123.77773548760004,-9.523678862199993]]],[[[124.01728879000004,-9.523678862199993],[124.09713989080004,-9.523678862199993],[124.09713989080004,-9.443827761399994],[124.01728879000004,-9.443827761399994],[124.01728879000004,-9.523678862199993]]],[[[124.89565089880003,-9.523678862199993],[125.13520420120004,-9.523678862199993],[125.13520420120004,-9.443827761399994],[124.89565089880003,-9.443827761399994],[124.89565089880003,-9.523678862199993]]],[[[119.46577604440003,-9.603529962999993],[119.54562714520003,-9.603529962999993],[119.54562714520003,-9.523678862199993],[119.46577604440003,-9.523678862199993],[119.46577604440003,-9.603529962999993]]],[[[119.62547824600003,-9.603529962999993],[119.70532934680003,-9.603529962999993],[119.70532934680003,-9.523678862199993],[119.62547824600003,-9.523678862199993],[119.62547824600003,-9.603529962999993]]],[[[123.69788438680004,-9.603529962999993],[123.85758658840004,-9.603529962999993],[123.85758658840004,-9.523678862199993],[123.69788438680004,-9.523678862199993],[123.69788438680004,-9.603529962999993]]],[[[124.33669319320003,-9.603529962999993],[124.49639539480003,-9.603529962999993],[124.49639539480003,-9.523678862199993],[124.33669319320003,-9.523678862199993],[124.33669319320003,-9.603529962999993]]],[[[124.57624649560003,-9.603529962999993],[125.05535310040004,-9.603529962999993],[125.05535310040004,-9.523678862199993],[124.57624649560003,-9.523678862199993],[124.57624649560003,-9.603529962999993]]],[[[119.38592494360003,-9.683381063799992],[119.54562714520003,-9.683381063799992],[119.54562714520003,-9.603529962999993],[119.38592494360003,-9.603529962999993],[119.38592494360003,-9.683381063799992]]],[[[119.78518044760003,-9.683381063799992],[120.02473375000004,-9.683381063799992],[120.02473375000004,-9.603529962999993],[119.78518044760003,-9.603529962999993],[119.78518044760003,-9.683381063799992]]],[[[120.26428705240004,-9.683381063799992],[120.50384035480003,-9.683381063799992],[120.50384035480003,-9.603529962999993],[120.26428705240004,-9.603529962999993],[120.26428705240004,-9.683381063799992]]],[[[123.61803328600004,-9.683381063799992],[123.69788438680004,-9.683381063799992],[123.69788438680004,-9.603529962999993],[123.61803328600004,-9.603529962999993],[123.61803328600004,-9.683381063799992]]],[[[124.49639539480003,-9.683381063799992],[124.65609759640003,-9.683381063799992],[124.65609759640003,-9.603529962999993],[124.49639539480003,-9.603529962999993],[124.49639539480003,-9.683381063799992]]],[[[124.73594869720003,-9.683381063799992],[125.05535310040004,-9.683381063799992],[125.05535310040004,-9.603529962999993],[124.73594869720003,-9.603529962999993],[124.73594869720003,-9.683381063799992]]],[[[119.06652054040003,-9.763232164599994],[119.14637164120003,-9.763232164599994],[119.14637164120003,-9.683381063799992],[119.06652054040003,-9.683381063799992],[119.06652054040003,-9.763232164599994]]],[[[119.30607384280003,-9.763232164599994],[119.70532934680003,-9.763232164599994],[119.70532934680003,-9.683381063799992],[119.30607384280003,-9.683381063799992],[119.30607384280003,-9.763232164599994]]],[[[120.26428705240004,-9.763232164599994],[120.34413815320003,-9.763232164599994],[120.34413815320003,-9.683381063799992],[120.26428705240004,-9.683381063799992],[120.26428705240004,-9.763232164599994]]],[[[120.42398925400003,-9.763232164599994],[120.66354255640003,-9.763232164599994],[120.66354255640003,-9.683381063799992],[120.42398925400003,-9.683381063799992],[120.42398925400003,-9.763232164599994]]],[[[123.61803328600004,-9.763232164599994],[123.77773548760004,-9.763232164599994],[123.77773548760004,-9.683381063799992],[123.61803328600004,-9.683381063799992],[123.61803328600004,-9.763232164599994]]],[[[124.01728879000004,-9.763232164599994],[124.17699099160004,-9.763232164599994],[124.17699099160004,-9.683381063799992],[124.01728879000004,-9.683381063799992],[124.01728879000004,-9.763232164599994]]],[[[124.41654429400003,-9.763232164599994],[124.49639539480003,-9.763232164599994],[124.49639539480003,-9.683381063799992],[124.41654429400003,-9.683381063799992],[124.41654429400003,-9.763232164599994]]],[[[124.73594869720003,-9.763232164599994],[124.97550199960003,-9.763232164599994],[124.97550199960003,-9.683381063799992],[124.73594869720003,-9.683381063799992],[124.73594869720003,-9.763232164599994]]],[[[119.62547824600003,-9.843083265399994],[119.86503154840004,-9.843083265399994],[119.86503154840004,-9.763232164599994],[119.62547824600003,-9.763232164599994],[119.62547824600003,-9.843083265399994]]],[[[120.58369145560003,-9.843083265399994],[120.66354255640003,-9.843083265399994],[120.66354255640003,-9.763232164599994],[120.58369145560003,-9.763232164599994],[120.58369145560003,-9.843083265399994]]],[[[123.61803328600004,-9.843083265399994],[123.77773548760004,-9.843083265399994],[123.77773548760004,-9.763232164599994],[123.61803328600004,-9.763232164599994],[123.61803328600004,-9.843083265399994]]],[[[123.93743768920004,-9.843083265399994],[124.17699099160004,-9.843083265399994],[124.17699099160004,-9.763232164599994],[123.93743768920004,-9.763232164599994],[123.93743768920004,-9.843083265399994]]],[[[124.73594869720003,-9.843083265399994],[124.89565089880003,-9.843083265399994],[124.89565089880003,-9.763232164599994],[124.73594869720003,-9.763232164599994],[124.73594869720003,-9.843083265399994]]],[[[119.70532934680003,-9.922934366199993],[119.86503154840004,-9.922934366199993],[119.86503154840004,-9.843083265399994],[119.70532934680003,-9.843083265399994],[119.70532934680003,-9.922934366199993]]],[[[120.02473375000004,-9.922934366199993],[120.18443595160004,-9.922934366199993],[120.18443595160004,-9.843083265399994],[120.02473375000004,-9.843083265399994],[120.02473375000004,-9.922934366199993]]],[[[120.58369145560003,-9.922934366199993],[120.74339365720003,-9.922934366199993],[120.74339365720003,-9.843083265399994],[120.58369145560003,-9.843083265399994],[120.58369145560003,-9.922934366199993]]],[[[123.61803328600004,-9.922934366199993],[123.77773548760004,-9.922934366199993],[123.77773548760004,-9.843083265399994],[123.61803328600004,-9.843083265399994],[123.61803328600004,-9.922934366199993]]],[[[123.93743768920004,-9.922934366199993],[124.17699099160004,-9.922934366199993],[124.17699099160004,-9.843083265399994],[123.93743768920004,-9.843083265399994],[123.93743768920004,-9.922934366199993]]],[[[119.94488264920004,-10.002785466999992],[120.18443595160004,-10.002785466999992],[120.18443595160004,-9.922934366199993],[119.94488264920004,-9.922934366199993],[119.94488264920004,-10.002785466999992]]],[[[120.58369145560003,-10.002785466999992],[120.74339365720003,-10.002785466999992],[120.74339365720003,-9.922934366199993],[120.58369145560003,-9.922934366199993],[120.58369145560003,-10.002785466999992]]],[[[123.53818218520004,-10.002785466999992],[123.77773548760004,-10.002785466999992],[123.77773548760004,-9.922934366199993],[123.53818218520004,-9.922934366199993],[123.53818218520004,-10.002785466999992]]],[[[124.01728879000004,-10.002785466999992],[124.17699099160004,-10.002785466999992],[124.17699099160004,-9.922934366199993],[124.01728879000004,-9.922934366199993],[124.01728879000004,-10.002785466999992]]],[[[124.33669319320003,-10.002785466999992],[124.41654429400003,-10.002785466999992],[124.41654429400003,-9.922934366199993],[124.33669319320003,-9.922934366199993],[124.33669319320003,-10.002785466999992]]],[[[119.94488264920004,-10.082636567799995],[120.10458485080004,-10.082636567799995],[120.10458485080004,-10.002785466999992],[119.94488264920004,-10.002785466999992],[119.94488264920004,-10.082636567799995]]],[[[120.74339365720003,-10.082636567799995],[120.82324475800004,-10.082636567799995],[120.82324475800004,-10.002785466999992],[120.74339365720003,-10.002785466999992],[120.74339365720003,-10.082636567799995]]],[[[123.61803328600004,-10.082636567799995],[123.93743768920004,-10.082636567799995],[123.93743768920004,-10.002785466999992],[123.61803328600004,-10.002785466999992],[123.61803328600004,-10.082636567799995]]],[[[124.09713989080004,-10.082636567799995],[124.33669319320003,-10.082636567799995],[124.33669319320003,-10.002785466999992],[124.09713989080004,-10.002785466999992],[124.09713989080004,-10.082636567799995]]],[[[120.10458485080004,-10.162487668599994],[120.18443595160004,-10.162487668599994],[120.18443595160004,-10.082636567799995],[120.10458485080004,-10.082636567799995],[120.10458485080004,-10.162487668599994]]],[[[120.26428705240004,-10.162487668599994],[120.42398925400003,-10.162487668599994],[120.42398925400003,-10.082636567799995],[120.26428705240004,-10.082636567799995],[120.26428705240004,-10.162487668599994]]],[[[120.74339365720003,-10.162487668599994],[120.82324475800004,-10.162487668599994],[120.82324475800004,-10.082636567799995],[120.74339365720003,-10.082636567799995],[120.74339365720003,-10.162487668599994]]],[[[123.61803328600004,-10.162487668599994],[124.41654429400003,-10.162487668599994],[124.41654429400003,-10.082636567799995],[123.61803328600004,-10.082636567799995],[123.61803328600004,-10.162487668599994]]],[[[120.02473375000004,-10.242338769399993],[120.42398925400003,-10.242338769399993],[120.42398925400003,-10.162487668599994],[120.02473375000004,-10.162487668599994],[120.02473375000004,-10.242338769399993]]],[[[123.69788438680004,-10.242338769399993],[123.85758658840004,-10.242338769399993],[123.85758658840004,-10.162487668599994],[123.69788438680004,-10.162487668599994],[123.69788438680004,-10.242338769399993]]],[[[123.93743768920004,-10.242338769399993],[124.17699099160004,-10.242338769399993],[124.17699099160004,-10.162487668599994],[123.93743768920004,-10.162487668599994],[123.93743768920004,-10.242338769399993]]],[[[124.25684209240003,-10.242338769399993],[124.33669319320003,-10.242338769399993],[124.33669319320003,-10.162487668599994],[124.25684209240003,-10.162487668599994],[124.25684209240003,-10.242338769399993]]],[[[120.18443595160004,-10.322189870199992],[120.26428705240004,-10.322189870199992],[120.26428705240004,-10.242338769399993],[120.18443595160004,-10.242338769399993],[120.18443595160004,-10.322189870199992]]],[[[120.34413815320003,-10.322189870199992],[120.42398925400003,-10.322189870199992],[120.42398925400003,-10.242338769399993],[120.34413815320003,-10.242338769399993],[120.34413815320003,-10.322189870199992]]],[[[123.53818218520004,-10.322189870199992],[123.61803328600004,-10.322189870199992],[123.61803328600004,-10.242338769399993],[123.53818218520004,-10.242338769399993],[123.53818218520004,-10.322189870199992]]],[[[123.69788438680004,-10.322189870199992],[123.77773548760004,-10.322189870199992],[123.77773548760004,-10.242338769399993],[123.69788438680004,-10.242338769399993],[123.69788438680004,-10.322189870199992]]],[[[123.93743768920004,-10.322189870199992],[124.09713989080004,-10.322189870199992],[124.09713989080004,-10.242338769399993],[123.93743768920004,-10.242338769399993],[123.93743768920004,-10.322189870199992]]],[[[123.45833108440004,-10.402040970999995],[123.77773548760004,-10.402040970999995],[123.77773548760004,-10.322189870199992],[123.45833108440004,-10.322189870199992],[123.45833108440004,-10.402040970999995]]],[[[123.21877778200003,-10.561743172599993],[123.29862888280003,-10.561743172599993],[123.29862888280003,-10.481892071799994],[123.21877778200003,-10.481892071799994],[123.21877778200003,-10.561743172599993]]],[[[121.54190466520004,-10.641594273399992],[121.70160686680003,-10.641594273399992],[121.70160686680003,-10.561743172599993],[121.54190466520004,-10.561743172599993],[121.54190466520004,-10.641594273399992]]],[[[123.13892668120003,-10.641594273399992],[123.37847998360004,-10.641594273399992],[123.37847998360004,-10.561743172599993],[123.13892668120003,-10.561743172599993],[123.13892668120003,-10.641594273399992]]],[[[123.29862888280003,-10.721445374199995],[123.37847998360004,-10.721445374199995],[123.37847998360004,-10.641594273399992],[123.29862888280003,-10.641594273399992],[123.29862888280003,-10.721445374199995]]],[[[122.73967117720004,-10.801296474999994],[122.89937337880004,-10.801296474999994],[122.89937337880004,-10.721445374199995],[122.73967117720004,-10.721445374199995],[122.73967117720004,-10.801296474999994]]],[[[122.73967117720004,-10.881147575799993],[122.89937337880004,-10.881147575799993],[122.89937337880004,-10.801296474999994],[122.73967117720004,-10.801296474999994],[122.73967117720004,-10.881147575799993]]],[[[122.81952227800004,-10.960998676599992],[122.89937337880004,-10.960998676599992],[122.89937337880004,-10.881147575799993],[122.81952227800004,-10.881147575799993],[122.81952227800004,-10.960998676599992]]]]}}]}