date,temperature_2m,relative_humidity_2m,precipitation,wind_speed_10m,wind_direction_10m,soil_moisture_0_to_7cm
2019-06-02 17:00:00+00:00,24.75,98.22198,0.0,6.87779,83.99109,0.419
2019-06-02 18:00:00+00:00,24.7,97.9276,0.0,4.6800003,112.61991,0.418
2019-06-02 19:00:00+00:00,24.65,97.63376,0.0,4.452954,194.03627,0.417
2019-06-02 20:00:00+00:00,24.25,97.33354,1.1,5.771239,183.57626,0.427
2019-06-02 21:00:00+00:00,23.75,100.0,0.1,4.5536795,161.56496,0.424
2019-06-02 22:00:00+00:00,23.55,100.0,0.0,4.3498964,155.55606,0.422
2019-06-02 23:00:00+00:00,23.4,100.0,0.0,4.3498964,155.55606,0.421
2019-06-03 00:00:00+00:00,24.3,97.921455,0.0,6.12,180.0,0.416
2019-06-03 01:00:00+00:00,25.6,92.816864,0.0,6.489992,176.82024,0.415
2019-06-03 02:00:00+00:00,26.5,90.40514,0.1,7.072878,194.7436,0.415
2019-06-03 03:00:00+00:00,27.55,88.88039,0.1,6.193674,215.53777,0.414
2019-06-03 04:00:00+00:00,27.85,88.3783,0.1,4.198285,210.96368,0.414
2019-06-03 05:00:00+00:00,28.65,84.859055,0.1,2.968636,165.96373,0.413
2019-06-03 06:00:00+00:00,29.65,74.7948,0.0,3.7064266,119.05451,0.411
2019-06-03 07:00:00+00:00,30.0,73.085014,0.0,4.6938252,94.39862,0.41
2019-06-03 08:00:00+00:00,28.7,79.96645,0.9,5.904439,52.431335,0.414
2019-06-03 09:00:00+00:00,26.95,93.16187,2.6,3.6,323.13,0.425
2019-06-03 10:00:00+00:00,26.1,90.37792,1.6,7.2,53.13002,0.426
2019-06-03 11:00:00+00:00,25.5,96.7793,0.1,2.8116899,50.194473,0.422
2019-06-03 12:00:00+00:00,25.8,98.52786,0.0,4.6938257,57.528828,0.415
2019-06-03 13:00:00+00:00,25.35,99.99999,0.6,4.8965297,53.972538,0.42
2019-06-03 14:00:00+00:00,25.05,100.0,0.6,4.3498964,65.55606,0.423
2019-06-03 15:00:00+00:00,24.8,100.0,0.2,5.0911684,81.86999,0.422
2019-06-03 16:00:00+00:00,25.0,97.639854,0.0,6.379216,106.38962,0.419
2019-06-03 17:00:00+00:00,24.9,97.34636,0.0,5.154415,114.775116,0.417
2019-06-03 18:00:00+00:00,24.3,97.921455,0.0,4.8965297,143.97253,0.416
2019-06-03 19:00:00+00:00,25.15,94.76404,0.0,2.8799999,180.0,0.414
2019-06-03 20:00:00+00:00,25.15,94.197334,0.0,2.1897945,189.46225,0.413
2019-06-03 21:00:00+00:00,23.25,100.0,0.0,3.5455887,156.0375,0.413
2019-06-03 22:00:00+00:00,23.5,100.0,0.0,3.396233,212.00534,0.412
2019-06-03 23:00:00+00:00,23.85,100.0,0.0,5.00128,210.25635,0.411
2019-06-04 00:00:00+00:00,24.6,99.40356,0.1,5.00128,210.25635,0.409
2019-06-04 01:00:00+00:00,25.7,94.2204,0.1,5.0528407,184.08554,0.409
2019-06-04 02:00:00+00:00,26.6,93.4219,0.1,5.1919937,146.3099,0.409
2019-06-04 03:00:00+00:00,27.8,92.11072,0.4,3.7585104,106.699326,0.41
2019-06-04 04:00:00+00:00,26.4,98.82601,2.2,5.8603754,79.380394,0.425
2019-06-04 05:00:00+00:00,26.15,96.79459,0.8,3.5455887,113.962494,0.426
2019-06-04 06:00:00+00:00,27.8,94.03023,0.4,5.0142193,68.96242,0.423
2019-06-04 07:00:00+00:00,27.65,95.137405,0.5,5.154415,65.22488,0.422
2019-06-04 08:00:00+00:00,27.7,95.13916,0.4,3.0758414,69.44387,0.422
2019-06-04 09:00:00+00:00,26.65,99.41257,1.2,3.9763298,95.19434,0.427
2019-06-04 10:00:00+00:00,26.0,99.40972,0.9,5.0911684,135.0001,0.428
2019-06-04 11:00:00+00:00,25.5,95.061066,0.9,6.489992,123.6901,0.425
2019-06-04 12:00:00+00:00,25.75,95.63878,0.0,5.0911684,44.999897,0.413
2019-06-04 13:00:00+00:00,25.6,95.064674,0.0,4.32,90.0,0.412
2019-06-04 14:00:00+00:00,25.45,95.91532,0.0,6.2145634,100.00792,0.411
2019-06-04 15:00:00+00:00,25.2,97.061806,0.0,6.151683,110.55613,0.41
2019-06-04 16:00:00+00:00,25.2,97.35219,0.0,5.0528407,94.08554,0.41
2019-06-04 17:00:00+00:00,25.05,97.64073,0.0,3.8939953,123.6901,0.409
2019-06-04 18:00:00+00:00,24.75,98.51639,0.0,5.0911684,188.13002,0.408
2019-06-04 19:00:00+00:00,24.5,98.21868,0.1,5.8048253,187.12492,0.409
2019-06-04 20:00:00+00:00,24.3,98.21607,0.0,5.1165614,219.28938,0.408
2019-06-04 21:00:00+00:00,24.05,98.80537,0.0,6.297428,210.96368,0.408
2019-06-04 22:00:00+00:00,24.0,98.80488,0.0,6.151683,200.55612,0.407
2019-06-04 23:00:00+00:00,24.0,98.80488,0.0,5.0528407,184.08554,0.407
2019-06-05 00:00:00+00:00,24.85,98.223274,0.0,6.9527545,201.25058,0.406
2019-06-05 01:00:00+00:00,25.35,96.19938,0.0,7.628263,199.29015,0.405
2019-06-05 02:00:00+00:00,26.75,89.08355,0.0,7.8625183,164.05453,0.405
2019-06-05 03:00:00+00:00,28.3,80.39289,0.0,8.699793,155.55606,0.404
2019-06-05 04:00:00+00:00,29.5,73.659676,0.1,7.968939,161.56496,0.403
2019-06-05 05:00:00+00:00,30.2,70.96499,0.1,5.4833565,156.80138,0.402
2019-06-05 06:00:00+00:00,30.65,71.68473,0.1,4.8965297,143.97253,0.401
2019-06-05 07:00:00+00:00,30.2,74.43849,0.1,3.8268526,138.81418,0.4
2019-06-05 08:00:00+00:00,30.1,75.76339,0.1,2.1897945,99.46225,0.4
2019-06-05 09:00:00+00:00,27.1,95.399315,2.3,7.928178,87.3975,0.415
2019-06-05 10:00:00+00:00,26.8,97.09607,2.4,4.1046314,254.74483,0.428
2019-06-05 11:00:00+00:00,26.1,97.08115,0.9,5.1544156,257.90524,0.425
2019-06-05 12:00:00+00:00,26.55,97.666626,0.0,2.5959969,236.3099,0.422
2019-06-05 13:00:00+00:00,26.25,99.70503,0.0,4.39436,304.9921,0.419
2019-06-05 14:00:00+00:00,25.2,100.0,0.0,4.072935,315.0001,0.418
2019-06-05 15:00:00+00:00,26.7,93.1496,0.0,0.8049845,116.56499,0.416
2019-06-05 16:00:00+00:00,24.8,100.0,2.2,5.5887027,165.06853,0.43
2019-06-05 17:00:00+00:00,24.5,100.0,0.2,4.3498964,204.44394,0.426
2019-06-05 18:00:00+00:00,24.4,100.0,2.5,2.5959969,236.3099,0.43
2019-06-05 19:00:00+00:00,24.3,100.0,0.8,4.6938252,184.39862,0.429
2019-06-05 20:00:00+00:00,24.0,100.0,0.2,5.1544156,192.09474,0.428
2019-06-05 21:00:00+00:00,24.2,98.21469,0.1,8.12197,167.19574,0.426
2019-06-05 22:00:00+00:00,23.65,100.0,1.0,3.6,180.0,0.428
2019-06-05 23:00:00+00:00,23.85,97.9145,0.0,6.489992,176.82024,0.425
2019-06-06 00:00:00+00:00,24.9,98.22398,0.0,6.439876,153.43501,0.423
2019-06-06 01:00:00+00:00,25.5,95.9168,0.1,9.360001,157.3801,0.423
2019-06-06 02:00:00+00:00,26.15,91.74299,0.0,8.891343,148.24057,0.422
2019-06-06 03:00:00+00:00,27.65,83.49894,0.1,8.209263,142.12495,0.421
2019-06-06 04:00:00+00:00,28.3,85.07515,0.2,5.1165614,129.28938,0.421
2019-06-06 05:00:00+00:00,28.45,86.10504,0.4,4.3349743,131.63345,0.421
2019-06-06 06:00:00+00:00,28.35,87.63827,0.3,4.8433046,138.01286,0.421
2019-06-06 07:00:00+00:00,28.35,84.82804,0.2,3.219938,63.435013,0.42
2019-06-06 08:00:00+00:00,28.65,81.40292,0.1,2.2768397,71.564964,0.419
2019-06-06 09:00:00+00:00,27.8,85.7872,0.4,4.6938257,212.47118,0.419
2019-06-06 10:00:00+00:00,26.75,91.50557,0.1,3.5455887,246.0375,0.418
2019-06-06 11:00:00+00:00,26.2,96.222885,0.0,2.2768397,251.56496,0.417
2019-06-06 12:00:00+00:00,26.0,98.822495,0.0,4.32,270.0,0.421
2019-06-06 13:00:00+00:00,25.5,100.0,0.0,2.5455842,278.13,0.419
2019-06-06 14:00:00+00:00,25.4,99.4071,0.0,1.2979984,123.690094,0.418
2019-06-06 15:00:00+00:00,25.4,98.523506,0.1,3.096837,234.46223,0.418
2019-06-06 16:00:00+00:00,25.1,99.40577,0.0,2.9024127,262.8751,0.417
2019-06-06 17:00:00+00:00,24.5,100.0,0.8,2.16,180.0,0.424
2019-06-06 18:00:00+00:00,24.6,100.0,0.8,3.4152596,198.43504,0.428
2019-06-06 19:00:00+00:00,24.1,100.0,0.4,6.1094027,224.9999,0.428
2019-06-06 20:00:00+00:00,23.85,100.0,0.5,5.6233797,219.80553,0.427
2019-06-06 21:00:00+00:00,23.6,100.0,0.1,4.8965297,216.02747,0.425
2019-06-06 22:00:00+00:00,23.55,100.0,0.0,3.8773184,201.80147,0.423
2019-06-06 23:00:00+00:00,23.3,100.0,0.0,4.3349743,221.63345,0.422
2019-06-07 00:00:00+00:00,24.1,98.21336,0.0,4.6938257,212.47118,0.422
2019-06-07 01:00:00+00:00,24.95,93.624374,0.0,5.154415,204.77512,0.421
2019-06-07 02:00:00+00:00,25.95,89.022026,0.0,5.771239,183.57626,0.42
2019-06-07 03:00:00+00:00,26.65,88.2806,0.0,3.671294,168.69011,0.419
2019-06-07 04:00:00+00:00,26.95,89.6315,0.1,2.5959969,123.690094,0.419
2019-06-07 05:00:00+00:00,28.1,84.80217,0.1,2.968636,104.03627,0.418
2019-06-07 06:00:00+00:00,27.0,87.26088,0.4,4.896529,107.10281,0.419
2019-06-07 07:00:00+00:00,26.9,87.513275,0.1,4.3349743,138.36655,0.418
2019-06-07 08:00:00+00:00,27.8,82.03079,0.0,3.396233,147.99466,0.416
2019-06-07 09:00:00+00:00,28.0,80.11326,0.0,2.4149535,153.43501,0.415
2019-06-07 10:00:00+00:00,27.65,84.75545,0.0,2.0991426,210.96368,0.414
2019-06-07 11:00:00+00:00,26.1,95.36582,0.0,4.5536795,251.56496,0.413
2019-06-07 12:00:00+00:00,25.85,97.3648,0.0,3.9763298,264.80566,0.413
2019-06-07 13:00:00+00:00,25.2,97.64332,0.0,5.506941,281.3099,0.413
2019-06-07 14:00:00+00:00,25.95,95.36076,0.0,1.4399999,180.0,0.412
2019-06-07 15:00:00+00:00,24.7,98.81113,0.0,3.563818,135.0001,0.412
2019-06-07 16:00:00+00:00,24.4,99.70097,0.0,4.6938257,147.52882,0.411
2019-06-07 17:00:00+00:00,24.3,99.70074,0.0,4.73506,188.74608,0.411
2019-06-07 18:00:00+00:00,24.25,99.70061,0.0,3.7585104,163.30067,0.41
2019-06-07 19:00:00+00:00,24.4,99.70097,0.0,2.1897945,170.53775,0.41
2019-06-07 20:00:00+00:00,24.3,99.402245,0.4,5.3517847,160.34608,0.412
2019-06-07 21:00:00+00:00,24.2,98.21469,0.1,6.28713,156.3706,0.412
2019-06-07 22:00:00+00:00,24.1,97.91836,0.1,4.73506,188.74608,0.412
2019-06-07 23:00:00+00:00,24.0,98.21206,0.0,4.6938252,184.39862,0.411
2019-06-08 00:00:00+00:00,24.3,97.62761,0.0,4.1046314,164.74483,0.414
2019-06-08 01:00:00+00:00,25.2,93.35523,0.0,7.4128532,150.9455,0.413
2019-06-08 02:00:00+00:00,26.05,90.64562,0.1,8.217153,151.1893,0.412
2019-06-08 03:00:00+00:00,27.05,85.45747,0.1,7.5685663,154.65387,0.412
2019-06-08 04:00:00+00:00,28.35,79.44316,0.1,7.289445,147.09476,0.411
2019-06-08 05:00:00+00:00,29.4,74.53106,0.1,7.2,143.13002,0.41
2019-06-08 06:00:00+00:00,30.1,73.53977,0.1,6.618519,135.0001,0.408
2019-06-08 07:00:00+00:00,30.25,74.44663,0.0,6.1094027,135.0001,0.406
2019-06-08 08:00:00+00:00,28.9,79.28089,1.1,8.311245,94.96966,0.413
2019-06-08 09:00:00+00:00,26.85,93.4337,1.8,6.763786,115.20109,0.425
2019-06-08 10:00:00+00:00,26.65,95.667244,0.1,5.1165614,140.71062,0.42
2019-06-08 11:00:00+00:00,26.15,96.22154,0.0,4.198285,149.03632,0.417
2019-06-08 12:00:00+00:00,26.2,94.24126,0.1,4.6102495,141.34016,0.417
2019-06-08 13:00:00+00:00,26.1,94.799995,0.0,4.6938257,122.471176,0.415
2019-06-08 14:00:00+00:00,25.65,95.35067,0.0,4.896529,107.10281,0.414
2019-06-08 15:00:00+00:00,25.5,95.34557,0.0,5.0142193,111.03758,0.413
2019-06-08 16:00:00+00:00,25.25,95.90932,0.0,4.8965297,126.027466,0.412
2019-06-08 17:00:00+00:00,25.55,95.34729,0.0,4.8433046,138.01286,0.412
2019-06-08 18:00:00+00:00,25.2,96.19518,0.0,6.12,151.92761,0.411
2019-06-08 19:00:00+00:00,24.9,96.7651,0.0,6.12,151.92761,0.411
2019-06-08 20:00:00+00:00,24.7,97.34242,0.0,6.830519,161.56496,0.41
2019-06-08 21:00:00+00:00,24.5,98.21868,0.0,6.9899354,168.11136,0.41
2019-06-08 22:00:00+00:00,24.45,98.51308,0.0,5.7599998,180.0,0.409
2019-06-08 23:00:00+00:00,24.2,98.806694,0.0,6.0347,197.35411,0.409
2019-06-09 00:00:00+00:00,25.05,97.34929,0.0,4.802999,192.99461,0.408
2019-06-09 01:00:00+00:00,26.2,93.96107,0.0,6.130579,183.3664,0.408
2019-06-09 02:00:00+00:00,27.45,92.09105,0.0,3.2399998,180.0,0.408
2019-06-09 03:00:00+00:00,28.4,89.47236,0.2,2.8116899,140.19447,0.408
2019-06-09 04:00:00+00:00,28.6,80.91304,2.6,8.225035,113.198616,0.43
2019-06-09 05:00:00+00:00,27.1,89.909485,1.0,3.319036,102.5288,0.422
2019-06-09 06:00:00+00:00,29.4,80.53538,0.1,2.1897945,9.462248,0.419
2019-06-09 07:00:00+00:00,27.85,85.029205,3.2,8.049845,100.30479,0.43
2019-06-09 08:00:00+00:00,27.05,93.443115,0.9,2.2768397,71.564964,0.424
2019-06-09 09:00:00+00:00,27.85,87.33571,0.2,6.379216,106.38962,0.422
2019-06-09 10:00:00+00:00,27.55,89.67514,0.1,5.6233797,129.80553,0.42
2019-06-09 11:00:00+00:00,26.5,94.25371,0.0,4.198285,149.03632,0.419
2019-06-09 12:00:00+00:00,25.9,97.36579,0.1,5.154415,155.22488,0.413
2019-06-09 13:00:00+00:00,26.15,95.936134,0.0,4.1046314,105.25517,0.412
2019-06-09 14:00:00+00:00,26.3,94.52613,0.0,4.3349743,94.76356,0.411
2019-06-09 15:00:00+00:00,26.05,95.08079,0.0,6.6185193,112.38018,0.41
2019-06-09 16:00:00+00:00,25.65,95.9213,0.0,7.289445,122.90524,0.409
2019-06-09 17:00:00+00:00,25.35,95.62604,0.0,5.1165614,129.28938,0.409
2019-06-09 18:00:00+00:00,24.6,96.75789,0.0,5.95906,154.98314,0.408
2019-06-09 19:00:00+00:00,24.5,97.04663,0.0,5.0142193,158.96242,0.407
2019-06-09 20:00:00+00:00,24.8,97.05314,0.0,5.04,180.0,0.407
2019-06-09 21:00:00+00:00,24.45,97.33751,0.0,4.1046314,195.25517,0.407
2019-06-09 22:00:00+00:00,23.6,100.0,0.7,4.1046314,217.87505,0.415
2019-06-09 23:00:00+00:00,24.3,95.88081,0.0,5.495161,211.60745,0.413
2019-06-10 00:00:00+00:00,24.7,96.7603,0.0,6.439876,206.56499,0.419
2019-06-10 01:00:00+00:00,25.95,92.83488,0.1,7.928178,182.60251,0.418
2019-06-10 02:00:00+00:00,26.8,89.62057,0.3,7.5170207,163.30067,0.419
2019-06-10 03:00:00+00:00,27.9,88.120804,0.1,5.154415,155.22488,0.418
2019-06-10 04:00:00+00:00,29.2,83.91867,0.1,4.39436,145.0079,0.417
2019-06-10 05:00:00+00:00,30.2,78.98892,0.0,4.8433046,138.01286,0.415
2019-06-10 06:00:00+00:00,30.65,75.848625,0.2,5.3517847,137.72638,0.414
2019-06-10 07:00:00+00:00,31.0,75.45543,0.1,3.0547013,135.0001,0.412
2019-06-10 08:00:00+00:00,29.6,80.79998,1.1,6.439876,153.43501,0.418
2019-06-10 09:00:00+00:00,27.95,94.036606,1.2,4.3498964,245.55606,0.422
2019-06-10 10:00:00+00:00,28.05,93.76505,0.0,1.8,216.86998,0.419
2019-06-10 11:00:00+00:00,27.35,99.41558,0.0,2.968636,104.03627,0.418
2019-06-10 12:00:00+00:00,27.1,97.10243,0.0,4.73506,98.74608,0.418
2019-06-10 13:00:00+00:00,26.9,90.97203,0.0,6.87779,96.00892,0.417
2019-06-10 14:00:00+00:00,26.35,91.208694,0.0,6.9527545,111.25058,0.416
2019-06-10 15:00:00+00:00,26.05,93.395836,0.0,5.8048253,119.74479,0.415
2019-06-10 16:00:00+00:00,25.95,94.512215,0.0,5.3999996,143.13002,0.414
2019-06-10 17:00:00+00:00,25.85,95.64197,0.0,5.8048253,150.2552,0.413
2019-06-10 18:00:00+00:00,25.65,96.207726,0.0,6.489992,146.3099,0.413
2019-06-10 19:00:00+00:00,25.45,97.06721,0.0,6.9153743,141.34016,0.412
2019-06-10 20:00:00+00:00,25.3,97.06397,0.0,5.0911684,135.0001,0.412
2019-06-10 21:00:00+00:00,25.4,96.48848,0.0,5.3999996,143.13002,0.412
2019-06-10 22:00:00+00:00,25.2,97.93523,0.0,7.10031,149.53453,0.411
2019-06-10 23:00:00+00:00,25.05,98.22595,0.0,6.28713,156.3706,0.411
2019-06-11 00:00:00+00:00,25.7,96.49619,0.0,3.4152596,161.56496,0.411
2019-06-11 01:00:00+00:00,26.8,90.15647,0.0,6.725354,164.47583,0.41
2019-06-11 02:00:00+00:00,28.0,88.65253,0.2,5.5887027,165.06853,0.41
2019-06-11 03:00:00+00:00,29.0,81.44629,0.4,4.8433046,138.01286,0.412
2019-06-11 04:00:00+00:00,26.45,92.30915,5.4,5.8603754,137.4896,0.426
2019-06-11 05:00:00+00:00,27.9,89.966125,0.1,4.072935,135.0001,0.423
2019-06-11 06:00:00+00:00,28.65,80.19879,1.1,10.315115,119.24873,0.427
2019-06-11 07:00:00+00:00,27.1,90.71493,0.5,4.5820518,135.0001,0.425
2019-06-11 08:00:00+00:00,28.9,87.427345,0.1,4.379589,170.53775,0.422
2019-06-11 09:00:00+00:00,27.0,90.43899,1.9,10.383987,123.690094,0.428
2019-06-11 10:00:00+00:00,26.85,92.05721,0.1,5.3517847,132.27362,0.424
2019-06-11 11:00:00+00:00,25.8,93.94365,1.3,7.127636,135.0001,0.427
2019-06-11 12:00:00+00:00,25.85,96.50002,0.3,7.9932966,144.16226,0.42
2019-06-11 13:00:00+00:00,25.65,95.35067,0.1,7.0911775,156.0375,0.419
2019-06-11 14:00:00+00:00,25.35,97.06504,0.1,6.763786,154.7989,0.418
2019-06-11 15:00:00+00:00,25.2,97.64332,0.1,5.6002855,135.0001,0.418
2019-06-11 16:00:00+00:00,24.85,100.0,0.2,3.0758414,159.44388,0.418
2019-06-11 17:00:00+00:00,24.8,100.0,0.8,2.3051248,218.65984,0.428
2019-06-11 18:00:00+00:00,24.4,100.0,4.1,3.7585104,196.69933,0.43
2019-06-11 19:00:00+00:00,24.15,100.0,0.6,2.5959969,213.6901,0.428
2019-06-11 20:00:00+00:00,23.8,100.0,2.1,3.7585104,286.6993,0.43
2019-06-11 21:00:00+00:00,23.65,100.0,2.0,4.39436,235.0079,0.429
2019-06-11 22:00:00+00:00,23.6,100.0,0.2,4.3498964,245.55606,0.428
2019-06-11 23:00:00+00:00,23.75,100.0,1.5,1.609969,206.56499,0.43
2019-06-12 00:00:00+00:00,24.2,97.91989,0.1,3.319036,257.4712,0.428
2019-06-12 01:00:00+00:00,25.25,93.35765,0.0,3.7585104,253.30067,0.425
2019-06-12 02:00:00+00:00,26.45,87.73677,0.1,4.896529,197.10281,0.424
2019-06-12 03:00:00+00:00,27.4,87.81766,0.1,3.9763298,174.80566,0.422
2019-06-12 04:00:00+00:00,28.5,83.34557,0.2,4.0249224,190.3048,0.421
2019-06-12 05:00:00+00:00,27.5,90.204926,0.4,6.1094027,135.0001,0.422
2019-06-12 06:00:00+00:00,27.95,90.77047,0.4,4.32,180.0,0.422
2019-06-12 07:00:00+00:00,27.5,91.28014,0.3,8.049845,169.6952,0.422
2019-06-12 08:00:00+00:00,27.65,85.00871,0.1,8.209263,164.74483,0.42
2019-06-12 09:00:00+00:00,27.5,85.24749,0.1,8.12197,167.19574,0.419
2019-06-12 10:00:00+00:00,26.75,90.15299,0.0,6.4799995,180.0,0.418
2019-06-12 11:00:00+00:00,25.85,95.3574,0.2,6.489992,183.17976,0.418
2019-06-12 12:00:00+00:00,25.7,98.234406,0.6,5.1544156,167.90526,0.421
2019-06-12 13:00:00+00:00,25.05,100.0,1.1,5.4477882,172.40544,0.428
2019-06-12 14:00:00+00:00,25.15,97.64248,0.2,7.2359104,185.7105,0.425
2019-06-12 15:00:00+00:00,24.9,97.93064,0.0,6.5693827,189.46225,0.422
2019-06-12 16:00:00+00:00,24.65,97.92681,0.0,6.849467,176.98727,0.421
2019-06-12 17:00:00+00:00,24.45,97.92375,0.2,7.2805495,171.46931,0.422
2019-06-12 18:00:00+00:00,24.35,98.21667,0.2,8.049845,169.6952,0.422
2019-06-12 19:00:00+00:00,24.3,98.51141,0.2,6.5693827,170.53775,0.422
2019-06-12 20:00:00+00:00,24.3,98.51141,0.0,6.489992,176.82024,0.421
2019-06-12 21:00:00+00:00,24.3,98.21607,0.0,7.2,180.0,0.419
2019-06-12 22:00:00+00:00,24.15,98.50975,0.0,7.9526596,185.19434,0.418
2019-06-12 23:00:00+00:00,24.1,98.50919,0.0,5.771239,183.57626,0.417
2019-06-13 00:00:00+00:00,24.65,98.515274,0.0,6.193674,144.46223,0.414
2019-06-13 01:00:00+00:00,25.35,95.05569,0.0,7.5685663,154.65387,0.413
2019-06-13 02:00:00+00:00,25.9,93.66799,0.0,9.19939,149.42085,0.413
2019-06-13 03:00:00+00:00,26.55,92.04021,0.0,8.942214,130.10085,0.412
2019-06-13 04:00:00+00:00,27.0,89.10267,0.1,8.587338,123.02387,0.412
2019-06-13 05:00:00+00:00,28.05,85.55692,0.2,9.504273,114.62355,0.412
2019-06-13 06:00:00+00:00,28.15,85.821266,0.1,10.00256,120.256355,0.412
2019-06-13 07:00:00+00:00,28.5,83.34557,0.1,9.504272,127.30403,0.411
2019-06-13 08:00:00+00:00,27.95,84.03216,0.6,9.793059,126.027466,0.414
2019-06-13 09:00:00+00:00,27.65,88.88815,1.5,7.2,143.13002,0.422
2019-06-13 10:00:00+00:00,26.55,93.97633,4.2,7.42159,165.96373,0.43
2019-06-13 11:00:00+00:00,25.1,100.0,1.2,4.510787,151.38963,0.425
2019-06-13 12:00:00+00:00,26.2,95.08612,0.4,5.937272,165.96373,0.416
2019-06-13 13:00:00+00:00,26.1,95.36582,0.0,6.28713,166.75948,0.414
2019-06-13 14:00:00+00:00,25.85,96.21326,0.0,3.7064266,150.9455,0.413
2019-06-13 15:00:00+00:00,25.4,97.066124,0.0,4.6102495,128.65984,0.412
2019-06-13 16:00:00+00:00,25.55,96.492355,0.0,4.3349743,131.63345,0.411
2019-06-13 17:00:00+00:00,25.5,95.061066,0.0,5.506941,168.69011,0.41
2019-06-13 18:00:00+00:00,25.1,96.19242,0.0,5.0911684,171.86998,0.41
2019-06-13 19:00:00+00:00,24.85,97.054245,0.0,5.634891,206.56499,0.409
2019-06-13 20:00:00+00:00,24.55,97.3395,0.0,4.39436,214.9921,0.409
2019-06-13 21:00:00+00:00,24.4,97.629395,0.0,3.8773184,201.80147,0.408
2019-06-13 22:00:00+00:00,23.6,98.50366,0.0,5.6920996,198.43504,0.408
2019-06-13 23:00:00+00:00,23.6,98.80132,0.0,4.452954,194.03627,0.407
2019-06-14 00:00:00+00:00,24.8,97.92913,0.0,5.8603754,222.5104,0.413
2019-06-14 01:00:00+00:00,26.15,91.74299,0.0,5.315336,208.30066,0.412
2019-06-14 02:00:00+00:00,27.45,87.040985,0.0,5.95906,205.01686,0.411
2019-06-14 03:00:00+00:00,28.8,78.56031,0.0,6.2145634,169.99208,0.41
2019-06-14 04:00:00+00:00,30.05,70.7255,0.0,6.0347,162.64589,0.408
2019-06-14 05:00:00+00:00,30.85,65.16403,0.0,5.0142193,158.96242,0.406
2019-06-14 06:00:00+00:00,31.3,61.25278,0.0,6.763786,154.7989,0.404
2019-06-14 07:00:00+00:00,31.35,60.709915,0.0,7.10031,149.53453,0.402
2019-06-14 08:00:00+00:00,31.05,63.078056,0.0,7.491114,144.78232,0.401
2019-06-14 09:00:00+00:00,30.5,66.88296,0.0,7.2,143.13002,0.399
2019-06-14 10:00:00+00:00,29.55,76.81486,0.0,5.0911684,135.0001,0.399
2019-06-14 11:00:00+00:00,28.05,81.57185,0.0,5.0528407,85.91447,0.399
2019-06-14 12:00:00+00:00,26.6,89.07205,0.0,5.4477882,97.59455,0.389
2019-06-14 13:00:00+00:00,26.75,86.71784,0.0,5.3517847,132.27362,0.389
2019-06-14 14:00:00+00:00,26.3,88.25191,0.0,4.6102495,128.65984,0.39
2019-06-14 15:00:00+00:00,26.05,88.762886,0.0,6.725354,105.52418,0.39
2019-06-14 16:00:00+00:00,25.85,88.214806,0.0,6.1305785,130.23628,0.391
2019-06-14 17:00:00+00:00,25.55,89.2595,0.0,6.4096174,141.84273,0.391
2019-06-14 18:00:00+00:00,25.3,91.142746,0.0,7.386582,136.97493,0.391
2019-06-14 19:00:00+00:00,25.05,93.91072,0.0,5.495161,148.39255,0.391
2019-06-14 20:00:00+00:00,24.9,95.61166,0.0,7.24486,153.43501,0.391
2019-06-14 21:00:00+00:00,24.75,96.18265,0.0,7.928177,140.52757,0.391
2019-06-14 22:00:00+00:00,24.85,95.03766,0.0,7.928177,129.47243,0.392
2019-06-14 23:00:00+00:00,24.7,97.05098,0.0,7.653705,138.81418,0.392
2019-06-15 00:00:00+00:00,25.85,92.55252,0.0,5.8603754,132.5104,0.389
2019-06-15 01:00:00+00:00,27.05,88.31333,0.0,5.1919937,146.3099,0.389
2019-06-15 02:00:00+00:00,28.25,83.81493,0.1,8.435069,140.19447,0.39
2019-06-15 03:00:00+00:00,28.85,80.22501,0.2,7.729527,152.24155,0.39
2019-06-15 04:00:00+00:00,29.05,78.8301,0.2,6.28713,156.3706,0.39
2019-06-15 05:00:00+00:00,28.95,81.92528,0.4,6.489992,123.6901,0.392
2019-06-15 06:00:00+00:00,26.55,90.94963,2.2,2.8799999,90.0,0.408
2019-06-15 07:00:00+00:00,28.6,84.10243,0.1,3.6,323.13,0.406
2019-06-15 08:00:00+00:00,28.55,82.61116,0.2,1.5273507,315.0001,0.405
2019-06-15 09:00:00+00:00,25.6,96.206345,9.9,5.6920996,161.56496,0.43
2019-06-15 10:00:00+00:00,25.35,97.64594,0.9,2.5959969,236.3099,0.423
2019-06-15 11:00:00+00:00,25.15,97.35123,0.1,5.904439,232.43134,0.421
2019-06-15 12:00:00+00:00,26.0,95.36248,0.0,4.3498964,245.55606,0.422
2019-06-15 13:00:00+00:00,25.6,95.91978,0.0,4.3349743,221.63345,0.421
2019-06-15 14:00:00+00:00,25.75,95.63878,0.0,3.8268526,221.18582,0.419
2019-06-15 15:00:00+00:00,25.65,97.360954,0.0,3.8939953,146.3099,0.418
2019-06-15 16:00:00+00:00,25.4,98.230545,0.0,6.489992,123.6901,0.418
2019-06-15 17:00:00+00:00,25.15,98.520775,0.0,6.696387,143.74608,0.417
2019-06-15 18:00:00+00:00,24.85,98.517494,0.0,4.452954,165.96373,0.416
2019-06-15 19:00:00+00:00,24.8,99.107834,0.0,4.5536795,161.56496,0.415
2019-06-15 20:00:00+00:00,24.75,99.107506,0.0,5.8603754,190.6196,0.415
2019-06-15 21:00:00+00:00,24.45,98.8089,0.0,5.7599998,180.0,0.414
2019-06-15 22:00:00+00:00,24.3,98.21607,0.0,7.172949,162.47433,0.414
2019-06-15 23:00:00+00:00,24.0,98.80488,0.0,5.771239,176.42374,0.413
2019-06-16 00:00:00+00:00,24.35,97.92221,0.1,7.2805495,171.46931,0.414
2019-06-16 01:00:00+00:00,25.45,92.53112,0.0,11.298495,157.52052,0.414
2019-06-16 02:00:00+00:00,26.55,88.53701,0.0,12.57426,156.3706,0.413
2019-06-16 03:00:00+00:00,27.7,83.00662,0.0,10.829959,164.57777,0.412
2019-06-16 04:00:00+00:00,28.75,79.02407,0.0,8.049845,169.6952,0.411
2019-06-16 05:00:00+00:00,28.9,78.57434,0.0,6.519877,173.6599,0.41
2019-06-16 06:00:00+00:00,29.55,76.13081,0.2,4.6800003,157.3801,0.41
2019-06-16 07:00:00+00:00,28.25,81.353195,0.2,2.9024127,150.2552,0.409
2019-06-16 08:00:00+00:00,27.85,85.2828,0.0,2.7416782,203.19862,0.409
2019-06-16 09:00:00+00:00,28.25,81.840416,0.1,5.5887027,165.06853,0.408
2019-06-16 10:00:00+00:00,27.65,84.75545,0.0,5.815978,158.19853,0.407
2019-06-16 11:00:00+00:00,26.25,93.40534,0.0,5.4477882,172.40544,0.407
2019-06-16 12:00:00+00:00,26.65,93.14717,0.0,5.3517847,132.27362,0.404
2019-06-16 13:00:00+00:00,26.45,91.487434,0.0,6.696387,143.74608,0.404
2019-06-16 14:00:00+00:00,25.9,92.00319,0.0,6.638072,139.39879,0.404
2019-06-16 15:00:00+00:00,25.15,94.76404,0.0,6.12,151.92761,0.404
2019-06-16 16:00:00+00:00,25.35,94.20574,0.0,4.6938257,147.52882,0.404
2019-06-16 17:00:00+00:00,25.15,95.619644,0.0,7.8625183,164.05453,0.404
2019-06-16 18:00:00+00:00,24.85,96.76386,0.0,7.69592,169.21574,0.404
2019-06-16 19:00:00+00:00,24.65,97.04989,0.0,6.638072,167.4712,0.403
2019-06-16 20:00:00+00:00,24.3,98.21607,0.0,6.3690495,137.29063,0.403
2019-06-16 21:00:00+00:00,24.15,97.91912,0.1,6.12,118.072395,0.403
2019-06-16 22:00:00+00:00,24.1,97.62409,0.0,4.3349743,138.36655,0.403
2019-06-16 23:00:00+00:00,24.0,98.21206,0.0,6.696387,143.74608,0.403
2019-06-17 00:00:00+00:00,25.2,95.621254,0.0,7.628263,160.70985,0.404
2019-06-17 01:00:00+00:00,26.5,89.33114,0.0,9.387651,147.52882,0.404
2019-06-17 02:00:00+00:00,27.5,84.73981,0.1,8.669949,138.36655,0.404
2019-06-17 03:00:00+00:00,28.65,83.61028,0.2,5.3999996,143.13002,0.404
2019-06-17 04:00:00+00:00,29.4,82.71014,0.3,4.6102495,141.34016,0.405
2019-06-17 05:00:00+00:00,30.05,82.54209,0.5,4.3498964,155.55606,0.406
2019-06-17 06:00:00+00:00,26.25,93.40534,5.9,8.891343,121.75944,0.425
2019-06-17 07:00:00+00:00,26.8,91.50859,0.1,5.6920996,161.56496,0.42
2019-06-17 08:00:00+00:00,28.05,89.44655,0.2,3.319036,229.39879,0.419
2019-06-17 09:00:00+00:00,27.5,92.36652,0.4,3.8939953,123.6901,0.418
2019-06-17 10:00:00+00:00,26.0,98.822495,2.3,1.609969,63.435013,0.426
2019-06-17 11:00:00+00:00,25.8,97.07472,0.0,3.2399998,90.0,0.422
2019-06-17 12:00:00+00:00,25.9,96.78872,0.0,5.0142193,201.03758,0.402
2019-06-17 13:00:00+00:00,25.5,97.35801,0.0,4.1046314,127.875046,0.401
2019-06-17 14:00:00+00:00,25.7,97.65198,0.0,6.130579,93.366394,0.4
2019-06-17 15:00:00+00:00,25.75,97.36286,0.0,6.2145634,100.00792,0.4
2019-06-17 16:00:00+00:00,25.6,97.65027,0.0,5.0911684,98.13002,0.399
2019-06-17 17:00:00+00:00,25.35,97.35509,0.5,4.1046314,127.875046,0.403
2019-06-17 18:00:00+00:00,24.75,100.0,2.2,4.3349743,184.76355,0.427
2019-06-17 19:00:00+00:00,24.6,97.92605,0.4,6.2145634,169.99208,0.42
2019-06-17 20:00:00+00:00,24.25,100.0,0.0,3.319036,192.5288,0.416
2019-06-17 21:00:00+00:00,24.15,97.625,0.0,3.8268526,138.81418,0.413
2019-06-17 22:00:00+00:00,24.05,100.0,1.3,2.7416782,156.80138,0.427
2019-06-17 23:00:00+00:00,24.05,100.0,1.3,1.4399999,270.0,0.426
2019-06-18 00:00:00+00:00,24.7,97.6346,1.4,5.00128,149.74365,0.428
2019-06-18 01:00:00+00:00,25.7,95.922775,0.0,5.1165614,140.71062,0.419
2019-06-18 02:00:00+00:00,26.75,87.76237,0.6,3.396233,147.99466,0.421
2019-06-18 03:00:00+00:00,26.25,94.5241,0.9,1.2979984,123.690094,0.424
2019-06-18 04:00:00+00:00,26.9,96.24215,0.6,1.1384199,251.56496,0.422
2019-06-18 05:00:00+00:00,27.75,86.5516,1.7,2.1897945,350.53775,0.425
2019-06-18 06:00:00+00:00,27.4,89.66422,0.5,3.219938,63.435013,0.422
2019-06-18 07:00:00+00:00,27.45,86.26616,0.0,1.4399999,90.0,0.419
2019-06-18 08:00:00+00:00,28.1,77.058754,0.1,0.8049845,153.43501,0.417
2019-06-18 09:00:00+00:00,26.75,87.76237,0.1,1.08,180.0,0.415
2019-06-18 10:00:00+00:00,26.35,89.855995,0.0,2.4149535,153.43501,0.414
2019-06-18 11:00:00+00:00,25.55,96.492355,0.0,2.8116899,140.19447,0.413
2019-06-18 12:00:00+00:00,25.6,98.23311,0.0,3.096837,144.46223,0.415
2019-06-18 13:00:00+00:00,25.7,97.65198,0.0,5.0142193,158.96242,0.415
2019-06-18 14:00:00+00:00,25.4,97.64682,0.1,7.42159,165.96373,0.414
2019-06-18 15:00:00+00:00,25.05,96.76866,0.4,7.10031,149.53453,0.416
2019-06-18 16:00:00+00:00,24.95,97.05639,0.4,5.8048253,187.12492,0.418
2019-06-18 17:00:00+00:00,24.8,97.63635,0.4,4.379589,279.46225,0.419
2019-06-18 18:00:00+00:00,24.6,98.51474,0.1,5.8603754,259.3804,0.418
2019-06-18 19:00:00+00:00,24.25,100.0,0.2,3.396233,212.00534,0.419
2019-06-18 20:00:00+00:00,24.7,98.221306,0.0,6.489992,146.3099,0.417
2019-06-18 21:00:00+00:00,24.6,98.51474,0.0,6.9527545,158.74942,0.416
2019-06-18 22:00:00+00:00,24.45,98.51308,0.0,5.4833565,156.80138,0.415
2019-06-18 23:00:00+00:00,24.2,97.91989,0.0,4.802999,167.00539,0.414
2019-06-19 00:00:00+00:00,24.75,97.92832,0.0,5.904439,142.43134,0.413
2019-06-19 01:00:00+00:00,25.75,94.78678,0.0,5.8048253,150.2552,0.412
2019-06-19 02:00:00+00:00,27.15,89.91306,0.0,5.8048253,150.2552,0.412
2019-06-19 03:00:00+00:00,28.1,86.071594,0.0,5.991594,147.26479,0.411
2019-06-19 04:00:00+00:00,28.4,84.331024,0.0,5.1165614,129.28938,0.41
2019-06-19 05:00:00+00:00,28.5,83.593636,0.0,5.8048253,119.74479,0.409
2019-06-19 06:00:00+00:00,28.75,79.26038,0.0,7.289445,122.90524,0.408
2019-06-19 07:00:00+00:00,29.0,75.591675,0.0,8.404285,133.26433,0.407
2019-06-19 08:00:00+00:00,28.35,79.681274,0.5,7.5599995,90.0,0.409
2019-06-19 09:00:00+00:00,26.45,89.594925,0.9,4.73506,171.25392,0.414
2019-06-19 10:00:00+00:00,25.85,92.00032,0.3,3.6,126.86999,0.414
2019-06-19 11:00:00+00:00,25.15,99.40599,0.0,3.096837,144.46223,0.413
2019-06-19 12:00:00+00:00,25.8,95.64036,0.0,3.671294,191.30989,0.416
2019-06-19 13:00:00+00:00,25.7,95.06825,0.0,5.1919937,146.3099,0.416
2019-06-19 14:00:00+00:00,25.35,95.62604,0.0,5.0911684,135.0001,0.415
2019-06-19 15:00:00+00:00,25.1,95.04668,0.0,4.6800003,157.3801,0.415
2019-06-19 16:00:00+00:00,24.85,96.76386,0.0,7.968939,161.56496,0.415
2019-06-19 17:00:00+00:00,24.8,97.05314,0.0,6.489992,160.55988,0.414
2019-06-19 18:00:00+00:00,24.7,97.6346,0.0,5.8048253,187.12492,0.414
2019-06-19 19:00:00+00:00,24.6,98.219986,0.0,6.924738,171.02745,0.413
2019-06-19 20:00:00+00:00,24.55,98.219376,0.0,7.4128532,150.9455,0.413
2019-06-19 21:00:00+00:00,24.4,99.1052,0.0,8.225035,156.80139,0.412
2019-06-19 22:00:00+00:00,24.25,98.8071,0.0,7.8625183,164.05453,0.412
2019-06-19 23:00:00+00:00,24.1,98.80577,0.0,7.2359104,174.2895,0.412
2019-06-20 00:00:00+00:00,24.6,98.219986,0.0,8.4042845,170.13426,0.408
2019-06-20 01:00:00+00:00,25.9,92.00319,0.0,10.308831,167.90526,0.408
2019-06-20 02:00:00+00:00,27.05,87.00503,0.0,13.363711,152.74475,0.408
2019-06-20 03:00:00+00:00,28.4,78.03471,0.1,11.183201,146.82147,0.408
2019-06-20 04:00:00+00:00,29.75,70.671,0.1,11.090103,144.24602,0.407
2019-06-20 05:00:00+00:00,30.2,68.24803,0.1,10.739832,129.55963,0.406
2019-06-20 06:00:00+00:00,30.25,73.12734,0.5,8.225035,113.198616,0.408
2019-06-20 07:00:00+00:00,30.1,75.76339,0.3,6.8777895,132.87889,0.408
2019-06-20 08:00:00+00:00,27.35,90.731316,4.9,5.1919937,33.6901,0.425
2019-06-20 09:00:00+00:00,27.55,94.85422,0.1,1.2979984,33.6901,0.421
2019-06-20 10:00:00+00:00,27.4,97.96837,0.7,2.8116899,39.805527,0.423
2019-06-20 11:00:00+00:00,26.1,100.0,1.5,0.71999997,270.0,0.43
2019-06-20 12:00:00+00:00,26.55,98.245476,1.1,2.16,270.0,0.413
2019-06-20 13:00:00+00:00,26.25,96.79692,2.7,4.198285,210.96368,0.43
2019-06-20 14:00:00+00:00,25.05,100.0,2.3,2.9024127,262.8751,0.428
2019-06-20 15:00:00+00:00,24.55,100.0,2.2,6.12,331.9276,0.43
2019-06-20 16:00:00+00:00,24.15,100.0,0.7,2.9024127,277.1249,0.428
2019-06-20 17:00:00+00:00,23.95,100.0,0.1,3.671294,258.6901,0.426
2019-06-20 18:00:00+00:00,23.9,100.0,0.0,2.8116899,230.19447,0.424
2019-06-20 19:00:00+00:00,23.95,100.0,0.0,2.968636,194.03627,0.423
2019-06-20 20:00:00+00:00,23.9,100.0,0.0,4.68,180.0,0.421
2019-06-20 21:00:00+00:00,24.0,98.80488,0.0,5.95906,205.01686,0.42
2019-06-20 22:00:00+00:00,23.85,98.80356,0.0,6.162207,186.70975,0.419
2019-06-20 23:00:00+00:00,23.7,98.80222,0.0,5.634891,206.56499,0.419
2019-06-21 00:00:00+00:00,23.95,98.804474,0.0,4.1046314,254.74483,0.421
2019-06-21 01:00:00+00:00,25.3,92.80133,0.0,4.6938257,212.47118,0.42
2019-06-21 02:00:00+00:00,26.35,91.75473,0.1,4.1046314,195.25517,0.419
2019-06-21 03:00:00+00:00,27.6,86.023636,0.3,3.8268526,221.18582,0.42
2019-06-21 04:00:00+00:00,26.4,88.52497,5.2,6.1305785,139.76372,0.43
2019-06-21 05:00:00+00:00,25.85,93.94581,0.4,0.5091169,44.999897,0.426
2019-06-21 06:00:00+00:00,27.0,90.9784,0.2,2.4149535,26.564985,0.425
2019-06-21 07:00:00+00:00,27.3,93.17901,0.2,1.835647,78.6901,0.424
2019-06-21 08:00:00+00:00,27.8,91.56863,0.2,0.35999998,360.0,0.423
2019-06-21 09:00:00+00:00,27.05,94.835625,2.4,1.8,233.13002,0.428
2019-06-21 10:00:00+00:00,26.3,97.085434,1.7,2.0364676,224.9999,0.427
2019-06-21 11:00:00+00:00,25.9,99.70428,0.0,1.5273507,224.9999,0.425
2019-06-21 12:00:00+00:00,26.1,98.53112,0.0,3.8268526,138.81418,0.414
2019-06-21 13:00:00+00:00,26.6,96.23392,0.0,0.8049845,26.564985,0.413
2019-06-21 14:00:00+00:00,26.1,99.1164,0.0,0.35999998,360.0,0.412
2019-06-21 15:00:00+00:00,25.7,99.113754,0.0,1.8,216.86998,0.412
2019-06-21 16:00:00+00:00,25.4,99.111824,0.0,1.08,180.0,0.411
2019-06-21 17:00:00+00:00,25.1,99.109825,0.0,4.1046314,127.875046,0.411
2019-06-21 18:00:00+00:00,25.0,98.225266,0.0,3.096837,144.46223,0.411
2019-06-21 19:00:00+00:00,24.65,98.81069,0.0,4.3498964,204.44394,0.41
2019-06-21 20:00:00+00:00,24.35,97.92221,0.3,7.7879906,213.6901,0.412
2019-06-21 21:00:00+00:00,24.2,97.040085,0.2,6.830519,198.43504,0.412
2019-06-21 22:00:00+00:00,24.05,97.62322,0.0,6.725354,195.52417,0.411
2019-06-21 23:00:00+00:00,23.8,98.20943,0.0,6.5693827,189.46225,0.411
2019-06-22 00:00:00+00:00,24.55,94.74111,0.0,7.072878,194.7436,0.407
2019-06-22 01:00:00+00:00,25.8,89.01044,0.0,5.04,180.0,0.407
2019-06-22 02:00:00+00:00,27.3,82.46412,0.0,6.489992,176.82024,0.406
2019-06-22 03:00:00+00:00,28.35,77.327995,0.0,7.6367526,171.86998,0.405
2019-06-22 04:00:00+00:00,29.3,73.4056,0.0,7.928178,182.60251,0.403
2019-06-22 05:00:00+00:00,30.45,70.3755,0.1,7.2359104,174.2895,0.402
2019-06-22 06:00:00+00:00,30.35,73.58151,0.1,4.3349743,175.23645,0.401
2019-06-22 07:00:00+00:00,28.15,86.84578,8.4,5.0142193,158.96242,0.426
2019-06-22 08:00:00+00:00,27.75,88.10838,0.2,2.9024127,29.744795,0.422
2019-06-22 09:00:00+00:00,25.95,93.670265,4.4,3.8268526,318.81415,0.43
2019-06-22 10:00:00+00:00,25.7,95.06825,1.1,2.9024127,277.1249,0.426
2019-06-22 11:00:00+00:00,25.1,99.109825,0.1,2.16,180.0,0.424
2019-06-22 12:00:00+00:00,26.1,88.23542,0.1,2.8116899,320.1945,0.411
2019-06-22 13:00:00+00:00,25.3,95.33881,0.0,2.8116899,320.1945,0.41
2019-06-22 14:00:00+00:00,25.6,95.91978,0.0,2.6208394,344.05453,0.409
2019-06-22 15:00:00+00:00,25.2,97.64332,0.0,2.3051248,128.65984,0.409
2019-06-22 16:00:00+00:00,25.15,98.520775,0.0,5.8603754,132.5104,0.408
2019-06-22 17:00:00+00:00,24.9,99.10852,0.1,6.1305785,139.76372,0.408
2019-06-22 18:00:00+00:00,24.6,99.10651,0.0,5.4833565,156.80138,0.408
2019-06-22 19:00:00+00:00,24.45,98.8089,0.0,4.3349743,175.23645,0.407
2019-06-22 20:00:00+00:00,24.3,98.807594,0.0,4.6938252,175.60138,0.407
2019-06-22 21:00:00+00:00,24.1,99.40133,0.0,6.0347,162.64589,0.407
2019-06-22 22:00:00+00:00,24.1,98.50919,0.0,6.9527545,158.74942,0.406
2019-06-22 23:00:00+00:00,24.0,97.91679,0.0,7.289444,159.77505,0.406
2019-06-23 00:00:00+00:00,24.4,97.04445,0.0,4.802999,167.00539,0.411
2019-06-23 01:00:00+00:00,24.4,97.629395,0.0,5.0528407,184.08554,0.41
2019-06-23 02:00:00+00:00,25.9,92.00319,0.0,6.638072,167.4712,0.41
2019-06-23 03:00:00+00:00,27.45,82.481865,0.0,8.4042845,170.13426,0.408
2019-06-23 04:00:00+00:00,28.85,73.99507,0.0,8.707238,172.87508,0.407
2019-06-23 05:00:00+00:00,29.45,72.772766,0.1,9.114471,170.9098,0.406
2019-06-23 06:00:00+00:00,30.3,69.92754,0.0,7.5942073,174.55975,0.404
2019-06-23 07:00:00+00:00,30.7,67.93557,0.0,6.87779,186.00891,0.402
2019-06-23 08:00:00+00:00,30.3,67.04497,0.0,6.87779,186.00891,0.4
2019-06-23 09:00:00+00:00,30.1,68.43451,0.0,5.0528407,175.91446,0.399
2019-06-23 10:00:00+00:00,29.1,81.45865,0.0,3.96,180.0,0.398
2019-06-23 11:00:00+00:00,27.7,82.511375,0.0,7.9526596,174.80566,0.398
2019-06-23 12:00:00+00:00,27.3,82.96061,0.0,9.028754,156.50142,0.388
2019-06-23 13:00:00+00:00,26.85,81.915535,0.0,8.707237,150.2552,0.389
2019-06-23 14:00:00+00:00,25.9,85.341896,0.0,8.049845,153.43501,0.389
2019-06-23 15:00:00+00:00,25.55,86.86889,0.0,6.162207,173.29025,0.39
2019-06-23 16:00:00+00:00,25.15,88.423805,0.0,7.342588,168.69011,0.39
2019-06-23 17:00:00+00:00,24.8,89.744156,0.0,6.489992,183.17976,0.391
2019-06-23 18:00:00+00:00,24.5,91.64491,0.0,8.350138,187.43132,0.391
2019-06-23 19:00:00+00:00,24.45,91.641945,0.0,7.5599995,180.0,0.391
2019-06-23 20:00:00+00:00,24.45,91.641945,0.0,8.049845,169.6952,0.391
2019-06-23 21:00:00+00:00,24.3,94.1614,0.0,7.8625183,164.05453,0.391
2019-06-23 22:00:00+00:00,24.3,95.59233,0.0,8.049845,153.43501,0.392
2019-06-23 23:00:00+00:00,24.3,96.17001,0.0,8.287822,145.6196,0.392
2019-06-24 00:00:00+00:00,25.65,92.54187,0.0,7.9932966,144.16226,0.389
2019-06-24 01:00:00+00:00,26.5,89.06436,0.0,7.2,143.13002,0.389
2019-06-24 02:00:00+00:00,28.05,81.57185,0.0,8.942214,139.89915,0.388
2019-06-24 03:00:00+00:00,29.1,76.51806,0.0,10.195057,137.86247,0.388
2019-06-24 04:00:00+00:00,29.95,73.514694,0.1,9.178235,138.17992,0.387
2019-06-24 05:00:00+00:00,30.7,72.5529,0.1,7.7879906,146.3099,0.387
2019-06-24 06:00:00+00:00,29.65,75.46784,0.9,6.9527545,158.74942,0.392
2019-06-24 07:00:00+00:00,28.55,92.15259,1.0,2.0991426,30.963696,0.399
2019-06-24 08:00:00+00:00,26.3,92.026,5.9,7.5170207,73.300674,0.421
2019-06-24 09:00:00+00:00,27.4,89.13321,0.1,4.0249224,116.56499,0.416
2019-06-24 10:00:00+00:00,26.7,92.8733,1.4,4.0249224,153.43501,0.422
2019-06-24 11:00:00+00:00,25.85,97.94511,0.0,2.5959969,146.3099,0.417
2019-06-24 12:00:00+00:00,25.75,97.073654,0.0,4.6102495,128.65984,0.41
2019-06-24 13:00:00+00:00,25.5,97.648544,0.0,6.1305785,130.23628,0.409
2019-06-24 14:00:00+00:00,25.35,97.64594,0.0,6.8777895,132.87889,0.408
2019-06-24 15:00:00+00:00,25.25,97.64419,0.0,7.928177,129.47243,0.408
2019-06-24 16:00:00+00:00,25.1,97.35021,0.0,8.161764,131.42357,0.407
2019-06-24 17:00:00+00:00,24.85,97.92989,0.0,7.42159,140.90616,0.406
2019-06-24 18:00:00+00:00,24.7,97.9276,0.0,6.9527545,158.74942,0.406
2019-06-24 19:00:00+00:00,24.6,97.632866,0.0,7.42159,165.96373,0.406
2019-06-24 20:00:00+00:00,24.45,97.63021,0.0,7.342588,168.69011,0.405
2019-06-24 21:00:00+00:00,24.3,97.921455,0.0,7.2805495,171.46931,0.405
2019-06-24 22:00:00+00:00,24.25,97.92065,0.0,7.2805495,171.46931,0.404
2019-06-24 23:00:00+00:00,24.1,97.91836,0.0,7.92,180.0,0.404
2019-06-25 00:00:00+00:00,25.05,97.05856,0.0,6.489992,183.17976,0.402
2019-06-25 01:00:00+00:00,26.2,92.02029,0.0,7.9932976,172.23492,0.401
2019-06-25 02:00:00+00:00,27.45,85.49736,0.1,11.019764,141.63248,0.402
2019-06-25 03:00:00+00:00,28.1,80.60777,0.0,11.966954,136.2188,0.401
2019-06-25 04:00:00+00:00,29.35,73.414024,0.0,12.031756,141.07245,0.4
2019-06-25 05:00:00+00:00,29.95,69.23493,0.1,11.720751,137.4896,0.399
2019-06-25 06:00:00+00:00,30.5,67.692856,0.2,11.525623,128.65984,0.398
2019-06-25 07:00:00+00:00,29.95,67.99427,0.2,7.729527,117.75845,0.398
2019-06-25 08:00:00+00:00,29.3,74.069405,0.1,5.315336,118.30067,0.398
2019-06-25 09:00:00+00:00,29.35,70.81134,0.0,7.9932966,125.837746,0.397
2019-06-25 10:00:00+00:00,28.0,79.63417,0.0,7.9932966,125.837746,0.396
2019-06-25 11:00:00+00:00,27.15,82.44636,0.0,6.1305785,139.76372,0.396
2019-06-25 12:00:00+00:00,26.75,83.90118,0.0,6.696387,143.74608,0.379
2019-06-25 13:00:00+00:00,26.2,86.66707,0.0,5.154415,155.22488,0.379
2019-06-25 14:00:00+00:00,25.55,90.06907,0.0,6.489992,160.55988,0.38
2019-06-25 15:00:00+00:00,25.55,89.2595,0.0,5.815978,158.19853,0.381
2019-06-25 16:00:00+00:00,25.05,91.12692,0.0,6.0347,162.64589,0.381
2019-06-25 17:00:00+00:00,24.65,93.61052,0.0,4.6102495,141.34016,0.382
2019-06-25 18:00:00+00:00,24.6,94.17412,0.0,5.6002855,135.0001,0.382
2019-06-25 19:00:00+00:00,24.25,94.72959,0.0,4.829907,153.43501,0.382
2019-06-25 20:00:00+00:00,24.1,94.723816,0.0,6.379216,163.61038,0.383
2019-06-25 21:00:00+00:00,23.8,95.287445,0.0,7.2,180.0,0.383
2019-06-25 22:00:00+00:00,23.6,95.85956,0.0,7.928178,182.60251,0.383
2019-06-25 23:00:00+00:00,23.35,96.435135,0.0,6.638072,192.5288,0.383
2019-06-26 00:00:00+00:00,24.55,93.04281,0.0,6.763786,205.2011,0.382
2019-06-26 01:00:00+00:00,26.3,86.156654,0.0,6.489992,183.17976,0.381
2019-06-26 02:00:00+00:00,27.75,80.08022,0.0,8.373386,154.5367,0.381
2019-06-26 03:00:00+00:00,29.15,71.20354,0.0,8.4963045,143.61555,0.38
2019-06-26 04:00:00+00:00,30.2,64.24586,0.0,7.8954163,133.1524,0.379
2019-06-26 05:00:00+00:00,30.95,58.98193,0.0,6.9153743,128.65984,0.377
2019-06-26 06:00:00+00:00,31.5,55.78372,0.0,5.904439,142.43134,0.375
2019-06-26 07:00:00+00:00,31.65,54.973057,0.0,5.815978,158.19853,0.374
2019-06-26 08:00:00+00:00,31.7,54.817253,0.0,5.634891,153.43501,0.372
2019-06-26 09:00:00+00:00,31.05,62.697872,0.0,5.0911684,135.0001,0.371
2019-06-26 10:00:00+00:00,29.55,77.04409,0.0,4.6800003,112.61991,0.371
2019-06-26 11:00:00+00:00,27.55,89.94142,0.0,4.3349743,48.366554,0.371
2019-06-26 12:00:00+00:00,26.8,88.55705,0.0,4.1046314,52.124958,0.364
2019-06-26 13:00:00+00:00,26.2,92.84774,0.0,3.96,360.0,0.364
2019-06-26 14:00:00+00:00,26.45,92.58445,0.0,2.968636,345.9637,0.365
2019-06-26 15:00:00+00:00,25.55,95.06289,0.0,3.5455887,113.962494,0.365
2019-06-26 16:00:00+00:00,25.05,95.0449,0.0,5.154415,114.775116,0.366
2019-06-26 17:00:00+00:00,25.3,93.080345,0.0,5.8603754,132.5104,0.366
2019-06-26 18:00:00+00:00,24.85,94.75259,0.0,7.289444,159.77505,0.366
2019-06-26 19:00:00+00:00,24.55,96.17704,0.0,6.162207,173.29025,0.367
2019-06-26 20:00:00+00:00,24.3,97.04227,0.0,5.8048253,187.12492,0.367
2019-06-26 21:00:00+00:00,24.1,97.33059,0.0,5.0911684,188.13002,0.367
2019-06-26 22:00:00+00:00,23.9,97.62059,0.0,6.162207,173.29025,0.367
2019-06-26 23:00:00+00:00,23.7,97.61702,0.0,6.9527545,158.74942,0.368
2019-06-27 00:00:00+00:00,24.9,94.1868,0.0,7.42159,140.90616,0.368
2019-06-27 01:00:00+00:00,26.6,86.964386,0.0,7.8954163,136.8476,0.368
2019-06-27 02:00:00+00:00,28.3,78.72558,0.0,8.913181,136.63654,0.367
2019-06-27 03:00:00+00:00,29.6,71.284195,0.0,8.404285,136.73567,0.366
2019-06-27 04:00:00+00:00,30.2,66.823135,0.0,7.928177,140.52757,0.365
2019-06-27 05:00:00+00:00,30.35,66.853065,0.2,7.386582,136.97493,0.365
2019-06-27 06:00:00+00:00,30.55,70.815994,0.0,6.638072,130.60121,0.364
2019-06-27 07:00:00+00:00,30.55,71.6671,0.0,6.792466,122.00535,0.363
2019-06-27 08:00:00+00:00,30.85,70.0291,0.0,5.634891,116.56499,0.362
2019-06-27 09:00:00+00:00,30.05,72.224525,0.1,7.4128532,119.05451,0.361
2019-06-27 10:00:00+00:00,28.4,83.58255,0.2,4.0249224,116.56499,0.362
2019-06-27 11:00:00+00:00,26.9,97.09818,0.1,2.0991426,120.96369,0.362
2019-06-27 12:00:00+00:00,26.8,94.82629,0.0,5.4477882,82.40546,0.347
2019-06-27 13:00:00+00:00,27.3,89.125595,0.0,7.5170207,106.699326,0.348
2019-06-27 14:00:00+00:00,26.85,88.0336,0.0,8.557102,112.24908,0.348
2019-06-27 15:00:00+00:00,26.7,88.81402,0.0,10.383987,123.690094,0.348
2019-06-27 16:00:00+00:00,26.25,90.65888,0.0,9.085988,123.6901,0.348
2019-06-27 17:00:00+00:00,25.65,93.3768,0.0,8.4963045,126.384445,0.349
2019-06-27 18:00:00+00:00,25.3,95.0539,0.0,7.8954163,136.8476,0.349
2019-06-27 19:00:00+00:00,25.05,96.47948,0.0,7.5942082,148.57048,0.349
2019-06-27 20:00:00+00:00,24.9,96.7651,0.0,7.9036193,149.9315,0.349
2019-06-27 21:00:00+00:00,24.7,96.18122,0.0,8.089993,159.14546,0.35
2019-06-27 22:00:00+00:00,24.45,96.17421,0.0,8.891343,148.24057,0.35
2019-06-27 23:00:00+00:00,24.25,96.45868,0.0,7.172949,162.47433,0.35
2019-06-28 00:00:00+00:00,25.45,94.49231,0.0,6.6185193,157.61983,0.35
2019-06-28 01:00:00+00:00,27.2,85.472435,0.0,12.031756,141.07245,0.349
2019-06-28 02:00:00+00:00,28.25,79.66782,0.1,11.753876,139.9698,0.349
2019-06-28 03:00:00+00:00,29.5,73.00006,0.1,12.229406,137.38599,0.349
2019-06-28 04:00:00+00:00,30.35,68.482544,0.1,12.7279215,135.0001,0.349
2019-06-28 05:00:00+00:00,31.0,64.999016,0.0,12.218805,135.0001,0.348
2019-06-28 06:00:00+00:00,30.9,65.17439,0.3,11.457958,133.72705,0.348
2019-06-28 07:00:00+00:00,30.9,67.770966,0.2,7.7043357,127.40543,0.349
2019-06-28 08:00:00+00:00,29.85,71.11507,0.3,8.942214,139.89915,0.349
2019-06-28 09:00:00+00:00,28.95,80.47725,0.0,4.6102495,141.34016,0.349
2019-06-28 10:00:00+00:00,28.35,85.08023,0.0,4.829907,153.43501,0.348
2019-06-28 11:00:00+00:00,27.45,88.34587,0.0,5.3517847,160.34608,0.348
2019-06-28 12:00:00+00:00,26.6,95.10034,0.0,4.6800003,157.3801,0.354
2019-06-28 13:00:00+00:00,26.55,93.14226,0.0,5.3517847,137.72638,0.354
2019-06-28 14:00:00+00:00,26.0,95.078964,0.0,6.151683,110.55613,0.354
2019-06-28 15:00:00+00:00,26.2,94.24126,0.0,4.198285,120.96369,0.354
2019-06-28 16:00:00+00:00,26.1,94.2371,0.0,8.373386,115.46331,0.354
2019-06-28 17:00:00+00:00,25.7,94.50228,0.0,8.707237,119.74479,0.354
2019-06-28 18:00:00+00:00,25.55,93.652,0.0,9.957108,130.60121,0.354
2019-06-28 19:00:00+00:00,25.3,93.921715,0.0,9.422101,136.54811,0.354
2019-06-28 20:00:00+00:00,25.05,95.330315,0.0,9.686609,138.01286,0.354
2019-06-28 21:00:00+00:00,24.9,96.18687,0.0,9.422101,136.54811,0.354
2019-06-28 22:00:00+00:00,24.9,95.61166,0.0,8.14587,135.0001,0.353
2019-06-28 23:00:00+00:00,25.0,94.75831,0.0,9.220499,141.34016,0.353
2019-06-29 00:00:00+00:00,25.6,93.65428,0.0,10.315115,150.75127,0.354
2019-06-29 01:00:00+00:00,27.15,86.75459,0.0,10.383987,146.3099,0.353
2019-06-29 02:00:00+00:00,28.5,80.900314,0.0,9.0,143.13002,0.353
2019-06-29 03:00:00+00:00,29.45,77.48967,0.0,6.489992,146.3099,0.352
2019-06-29 04:00:00+00:00,30.3,72.267944,0.1,7.653705,131.18582,0.351
2019-06-29 05:00:00+00:00,30.6,69.35723,0.1,7.5942082,121.42952,0.35
2019-06-29 06:00:00+00:00,31.0,66.3819,0.1,7.145796,130.91429,0.349
2019-06-29 07:00:00+00:00,30.95,64.59814,0.1,6.9153743,128.65984,0.349
2019-06-29 08:00:00+00:00,30.55,63.738247,0.1,8.287822,124.3804,0.348
2019-06-29 09:00:00+00:00,30.15,66.21036,0.0,6.9247384,117.89718,0.347
2019-06-29 10:00:00+00:00,29.0,74.24265,0.0,7.42159,112.833694,0.346
2019-06-29 11:00:00+00:00,27.5,82.98366,0.0,4.0249224,100.30479,0.346
2019-06-29 12:00:00+00:00,26.45,94.81313,0.0,2.2768397,341.56494,0.345
2019-06-29 13:00:00+00:00,27.3,90.72805,0.0,1.1384199,341.56494,0.345
2019-06-29 14:00:00+00:00,26.9,90.97203,0.0,4.5536795,108.43504,0.346
2019-06-29 15:00:00+00:00,26.35,90.93675,0.0,4.6102495,128.65984,0.346
2019-06-29 16:00:00+00:00,26.3,86.156654,0.0,9.793059,126.027466,0.346
2019-06-29 17:00:00+00:00,25.6,88.194115,0.0,9.0,126.86999,0.346
2019-06-29 18:00:00+00:00,25.1,91.95723,0.0,7.6367526,135.0001,0.346
2019-06-29 19:00:00+00:00,24.85,94.184685,0.0,5.00128,149.74365,0.346
2019-06-29 20:00:00+00:00,24.65,95.316635,0.0,4.6800003,157.3801,0.346
2019-06-29 21:00:00+00:00,24.45,95.88533,0.3,5.815978,158.19853,0.348
2019-06-29 22:00:00+00:00,24.45,93.319115,0.5,5.4119864,183.814,0.352
2019-06-29 23:00:00+00:00,24.25,94.72959,0.3,5.4477882,187.59456,0.354
2019-06-30 00:00:00+00:00,25.45,93.6474,0.0,3.2399998,180.0,0.348
2019-06-30 01:00:00+00:00,26.8,88.029434,0.0,4.198285,149.03632,0.348
2019-06-30 02:00:00+00:00,28.15,83.554756,0.1,6.297428,149.03632,0.347
2019-06-30 03:00:00+00:00,29.15,80.50312,0.1,6.6087217,150.64235,0.347
2019-06-30 04:00:00+00:00,30.0,73.74292,0.2,5.4477882,172.40544,0.347
2019-06-30 05:00:00+00:00,28.35,74.58451,0.2,10.144082,117.47435,0.348
2019-06-30 06:00:00+00:00,28.1,79.64766,0.4,1.8,53.13002,0.349
2019-06-30 07:00:00+00:00,29.6,74.5635,0.0,2.5959969,146.3099,0.348
2019-06-30 08:00:00+00:00,29.35,72.75562,0.1,1.835647,168.69011,0.347
2019-06-30 09:00:00+00:00,25.75,91.9946,4.5,3.396233,57.99466,0.391
2019-06-30 10:00:00+00:00,25.55,94.21411,0.6,3.319036,310.60123,0.392
2019-06-30 11:00:00+00:00,25.3,98.81642,0.1,5.0528407,184.08554,0.389
2019-06-30 12:00:00+00:00,25.6,98.81901,0.0,3.9763298,185.19434,0.372
2019-06-30 13:00:00+00:00,25.3,97.936775,0.0,4.0249224,169.6952,0.371
2019-06-30 14:00:00+00:00,24.85,97.92989,0.0,5.1544156,102.09474,0.37
2019-06-30 15:00:00+00:00,25.05,95.330315,0.0,5.506941,101.3099,0.369
2019-06-30 16:00:00+00:00,24.5,95.31149,0.0,6.638072,130.60121,0.368
2019-06-30 17:00:00+00:00,25.0,93.06532,0.0,4.6102495,141.34016,0.368
2019-06-30 18:00:00+00:00,24.85,93.33844,0.0,6.489992,160.55988,0.367
2019-06-30 19:00:00+00:00,24.55,94.172005,0.0,8.766573,160.82089,0.366
2019-06-30 20:00:00+00:00,24.25,95.30292,0.0,7.8625183,164.05453,0.366
2019-06-30 21:00:00+00:00,24.0,95.29431,0.0,7.968939,161.56496,0.365
2019-06-30 22:00:00+00:00,23.75,95.57452,0.0,8.209263,164.74483,0.365
2019-06-30 23:00:00+00:00,23.6,95.85956,0.0,7.6367526,171.86998,0.364
2019-07-01 00:00:00+00:00,24.5,93.60355,0.0,7.2359104,174.2895,0.361
2019-07-01 01:00:00+00:00,26.0,88.75896,0.0,7.5170207,163.30067,0.361
2019-07-01 02:00:00+00:00,27.65,82.25876,0.0,8.854829,153.43501,0.36
2019-07-01 03:00:00+00:00,29.1,71.40969,0.0,11.183201,146.82147,0.359
2019-07-01 04:00:00+00:00,30.05,64.409454,0.1,10.990322,148.39255,0.358
2019-07-01 05:00:00+00:00,30.55,61.83342,0.1,9.290511,144.46223,0.357
2019-07-01 06:00:00+00:00,30.35,63.31028,0.2,8.714677,128.2902,0.356
2019-07-01 07:00:00+00:00,29.8,69.834785,0.4,8.225035,113.198616,0.357
2019-07-01 08:00:00+00:00,29.55,71.921,0.1,6.162207,96.70974,0.356
2019-07-01 09:00:00+00:00,28.35,80.639984,0.8,6.1305785,130.23628,0.36
2019-07-01 10:00:00+00:00,27.05,92.34203,0.6,4.1046314,127.875046,0.364
2019-07-01 11:00:00+00:00,26.6,92.592415,0.0,4.8965297,143.97253,0.363
2019-07-01 12:00:00+00:00,26.4,93.13487,0.0,5.495161,121.60746,0.374
2019-07-01 13:00:00+00:00,26.2,92.84774,0.0,4.198285,120.96369,0.372
2019-07-01 14:00:00+00:00,26.1,92.01459,0.0,4.6938257,122.471176,0.371
2019-07-01 15:00:00+00:00,25.95,92.006,0.0,6.6087217,119.357666,0.37
2019-07-01 16:00:00+00:00,25.55,92.81427,0.0,8.089993,110.854546,0.37
2019-07-01 17:00:00+00:00,25.25,92.79875,0.0,8.0899935,122.27562,0.369
2019-07-01 18:00:00+00:00,24.9,95.03945,0.0,7.928177,140.52757,0.368
2019-07-01 19:00:00+00:00,24.6,96.467804,0.0,8.225035,156.80139,0.367
2019-07-01 20:00:00+00:00,24.5,96.17562,0.0,8.905908,165.96373,0.367
2019-07-01 21:00:00+00:00,24.45,94.73724,0.0,8.759178,170.53775,0.366
2019-07-01 22:00:00+00:00,24.25,94.44403,0.0,7.8954163,155.77226,0.365
2019-07-01 23:00:00+00:00,24.15,94.72575,0.0,6.6087217,150.64235,0.365
2019-07-02 00:00:00+00:00,25.0,93.06532,0.0,5.4833565,156.80138,0.362
2019-07-02 01:00:00+00:00,26.5,87.74103,0.0,4.3498964,155.55606,0.362
2019-07-02 02:00:00+00:00,27.95,81.07266,0.0,5.95906,154.98314,0.361
2019-07-02 03:00:00+00:00,29.4,72.76422,0.0,7.5685663,154.65387,0.359
2019-07-02 04:00:00+00:00,30.3,67.247345,0.0,7.5685663,154.65387,0.358
2019-07-02 05:00:00+00:00,31.05,63.078056,0.1,6.193674,144.46223,0.356
2019-07-02 06:00:00+00:00,30.45,66.07142,0.2,7.127636,135.0001,0.356
2019-07-02 07:00:00+00:00,30.25,67.84797,0.1,7.2,126.86999,0.355
2019-07-02 08:00:00+00:00,28.7,74.64138,0.9,6.12,118.072395,0.36
2019-07-02 09:00:00+00:00,28.1,84.04839,0.1,3.8939953,146.3099,0.359
2019-07-02 10:00:00+00:00,26.55,93.97633,2.2,3.0758414,159.44388,0.379
2019-07-02 11:00:00+00:00,25.9,99.1151,0.1,2.5455842,224.9999,0.378
2019-07-02 12:00:00+00:00,26.15,98.53166,0.0,3.319036,139.39879,0.358
2019-07-02 13:00:00+00:00,25.85,98.23636,0.0,5.154415,155.22488,0.358
2019-07-02 14:00:00+00:00,26.25,96.22429,0.0,6.193674,125.537766,0.357
2019-07-02 15:00:00+00:00,25.6,95.064674,0.0,7.653705,138.81418,0.357
2019-07-02 16:00:00+00:00,25.2,96.48333,0.0,7.928177,129.47243,0.357
2019-07-02 17:00:00+00:00,25.0,97.639854,0.0,6.618519,135.0001,0.356
2019-07-02 18:00:00+00:00,24.5,97.9245,0.0,5.991594,122.73522,0.356
2019-07-02 19:00:00+00:00,25.05,96.47948,0.0,4.379589,170.53775,0.356
2019-07-02 20:00:00+00:00,24.85,97.054245,0.0,5.0142193,201.03758,0.356
2019-07-02 21:00:00+00:00,24.6,98.219986,0.0,6.9899354,191.88864,0.355
2019-07-02 22:00:00+00:00,24.35,97.92221,0.0,7.928178,182.60251,0.355
2019-07-02 23:00:00+00:00,24.1,97.33059,0.0,7.928178,177.39749,0.355
2019-07-03 00:00:00+00:00,25.05,95.0449,0.0,7.8625183,164.05453,0.352
2019-07-03 01:00:00+00:00,26.45,89.327354,0.0,5.634891,153.43501,0.352
2019-07-03 02:00:00+00:00,27.85,84.27229,0.0,7.127636,135.0001,0.351
2019-07-03 03:00:00+00:00,29.2,79.795006,0.1,7.289445,122.90524,0.351
2019-07-03 04:00:00+00:00,30.05,75.98127,0.1,7.8954163,114.22774,0.35
2019-07-03 05:00:00+00:00,30.8,68.5688,0.2,9.47012,98.74608,0.35
2019-07-03 06:00:00+00:00,27.7,83.5045,1.6,8.161764,138.57643,0.36
2019-07-03 07:00:00+00:00,29.05,79.775024,0.2,3.319036,229.39879,0.36
2019-07-03 08:00:00+00:00,28.15,80.13304,0.6,8.0899935,147.72438,0.363
2019-07-03 09:00:00+00:00,28.4,82.8399,0.1,4.6800003,157.3801,0.362
2019-07-03 10:00:00+00:00,27.45,89.9343,0.1,2.3051248,308.65982,0.361
2019-07-03 11:00:00+00:00,26.4,97.08757,0.1,3.219938,333.43503,0.361
2019-07-03 12:00:00+00:00,26.25,99.70503,0.0,2.7416782,66.801384,0.35
2019-07-03 13:00:00+00:00,26.7,98.537605,0.0,4.379589,80.53775,0.35
2019-07-03 14:00:00+00:00,26.5,96.51659,0.0,4.3349743,48.366554,0.35
2019-07-03 15:00:00+00:00,26.3,97.085434,0.0,4.6938257,32.471172,0.349
2019-07-03 16:00:00+00:00,26.15,97.37062,0.0,4.6938252,85.60138,0.349
2019-07-03 17:00:00+00:00,25.35,95.62604,0.5,6.12,180.0,0.352
2019-07-03 18:00:00+00:00,24.6,100.0,1.0,4.39436,214.9921,0.359
2019-07-03 19:00:00+00:00,23.9,97.033516,1.1,9.178235,205.55992,0.374
2019-07-03 20:00:00+00:00,23.8,98.20943,0.0,9.3669195,177.79745,0.373
2019-07-03 21:00:00+00:00,23.65,98.80181,0.0,6.489992,199.44012,0.372
2019-07-03 22:00:00+00:00,23.45,98.79999,0.0,5.8603754,190.6196,0.371
2019-07-03 23:00:00+00:00,23.4,98.204094,0.0,7.771331,166.60748,0.37
2019-07-04 00:00:00+00:00,24.95,97.05639,0.0,8.350138,172.56868,0.374
2019-07-04 01:00:00+00:00,26.05,92.01174,0.0,6.849467,176.98727,0.373
2019-07-04 02:00:00+00:00,27.5,84.234764,0.0,7.342588,168.69011,0.372
2019-07-04 03:00:00+00:00,28.85,76.93966,0.1,8.699793,155.55606,0.37
2019-07-04 04:00:00+00:00,29.7,70.02676,0.1,7.628263,160.70985,0.368
2019-07-04 05:00:00+00:00,30.05,66.99526,0.1,5.506941,168.69011,0.367
2019-07-04 06:00:00+00:00,30.3,66.04099,0.1,4.1046314,127.875046,0.365
2019-07-04 07:00:00+00:00,28.4,82.593605,1.0,6.28713,66.37061,0.37
2019-07-04 08:00:00+00:00,28.7,80.20536,0.0,5.692099,55.304783,0.368
2019-07-04 09:00:00+00:00,28.15,83.306145,0.0,4.3349743,355.23645,0.366
2019-07-04 10:00:00+00:00,27.65,88.10013,0.1,0.8049845,26.564985,0.365
2019-07-04 11:00:00+00:00,26.7,95.66881,0.1,3.671294,191.30989,0.365
2019-07-04 12:00:00+00:00,26.0,93.67253,0.0,5.1919937,236.3099,0.354
2019-07-04 13:00:00+00:00,26.4,90.93997,0.0,4.5820518,135.0001,0.354
2019-07-04 14:00:00+00:00,26.5,90.1356,0.0,4.8433046,138.01286,0.354
2019-07-04 15:00:00+00:00,26.35,92.85543,0.0,4.829907,116.56499,0.353
2019-07-04 16:00:00+00:00,25.8,95.92577,0.0,9.904906,109.09359,0.353
2019-07-04 17:00:00+00:00,25.4,95.05747,0.0,8.0899935,122.27562,0.353
2019-07-04 18:00:00+00:00,25.05,95.9034,0.0,7.145796,130.91429,0.353
2019-07-04 19:00:00+00:00,24.95,95.613235,0.0,7.491114,144.78232,0.352
2019-07-04 20:00:00+00:00,24.75,96.47167,0.0,5.634891,153.43501,0.352
2019-07-04 21:00:00+00:00,24.8,96.184044,0.0,4.452954,165.96373,0.352
2019-07-04 22:00:00+00:00,24.7,96.7603,0.0,5.4119864,176.186,0.352
2019-07-04 23:00:00+00:00,24.5,97.338455,0.0,6.87779,186.00891,0.351
2019-07-05 00:00:00+00:00,25.25,96.1966,0.0,6.130579,183.3664,0.348
2019-07-05 01:00:00+00:00,26.45,90.6721,0.0,9.565437,160.20103,0.347
2019-07-05 02:00:00+00:00,27.8,83.51572,0.0,10.315115,150.75127,0.347
2019-07-05 03:00:00+00:00,29.2,78.61641,0.0,8.217153,151.1893,0.346
2019-07-05 04:00:00+00:00,30.2,74.66046,0.0,7.5942082,148.57048,0.345
2019-07-05 05:00:00+00:00,30.85,71.71991,0.0,8.0899935,147.72438,0.344
2019-07-05 06:00:00+00:00,31.1,70.91509,0.0,6.792466,147.99466,0.342
2019-07-05 07:00:00+00:00,31.15,65.42233,0.1,7.928177,129.47243,0.341
2019-07-05 08:00:00+00:00,28.65,82.86875,0.9,5.315336,151.69934,0.346
2019-07-05 09:00:00+00:00,29.1,79.3081,0.0,4.0249224,153.43501,0.345
2019-07-05 10:00:00+00:00,28.9,81.676285,0.1,4.8433046,138.01286,0.345
2019-07-05 11:00:00+00:00,27.5,84.993324,0.3,4.6938257,147.52882,0.347
2019-07-05 12:00:00+00:00,27.6,84.497536,0.3,7.729527,117.75845,0.337
2019-07-05 13:00:00+00:00,26.9,86.99149,0.0,7.729527,117.75845,0.337
2019-07-05 14:00:00+00:00,26.4,89.056725,0.0,7.729527,117.75845,0.337
2019-07-05 15:00:00+00:00,26.05,90.917435,0.0,8.225035,113.198616,0.337
2019-07-05 16:00:00+00:00,25.7,92.822014,0.0,8.209263,127.875046,0.337
2019-07-05 17:00:00+00:00,25.3,95.0539,0.0,7.653705,131.18582,0.337
2019-07-05 18:00:00+00:00,25.0,96.478134,0.0,7.386582,136.97493,0.337
2019-07-05 19:00:00+00:00,24.7,97.6346,0.0,6.989936,145.49142,0.337
2019-07-05 20:00:00+00:00,24.45,98.21801,0.0,6.763786,154.7989,0.337
2019-07-05 21:00:00+00:00,24.3,98.21607,0.0,6.830519,161.56496,0.337
2019-07-05 22:00:00+00:00,24.15,98.50975,0.0,6.162207,173.29025,0.337
2019-07-05 23:00:00+00:00,24.1,98.50919,0.0,5.937272,194.03627,0.337
2019-07-06 00:00:00+00:00,24.95,94.188896,0.0,7.5685663,182.72626,0.337
2019-07-06 01:00:00+00:00,26.45,88.7944,0.0,8.654986,163.0724,0.336
2019-07-06 02:00:00+00:00,27.55,82.49368,0.1,10.144082,152.52565,0.336
2019-07-06 03:00:00+00:00,28.65,75.99198,0.1,7.6367526,135.0001,0.336
2019-07-06 04:00:00+00:00,29.55,75.00258,0.1,3.8268526,138.81418,0.336
2019-07-06 05:00:00+00:00,29.95,70.495346,0.2,6.0347,107.35411,0.336
2019-07-06 06:00:00+00:00,26.15,91.196205,2.7,5.00128,59.743652,0.356
2019-07-06 07:00:00+00:00,27.55,91.55368,0.2,3.096837,54.46224,0.356
2019-07-06 08:00:00+00:00,28.65,82.62285,0.1,2.5959969,146.3099,0.355
2019-07-06 09:00:00+00:00,26.9,90.432274,1.0,4.2136917,19.983198,0.361
2019-07-06 10:00:00+00:00,26.35,93.13236,0.1,1.8,306.86996,0.36
2019-07-06 11:00:00+00:00,25.55,98.8186,0.0,2.0991426,300.96368,0.359
2019-07-06 12:00:00+00:00,26.9,98.83034,0.0,1.2979984,33.6901,0.362
2019-07-06 13:00:00+00:00,26.4,99.411476,0.0,3.7585104,73.300674,0.361
2019-07-06 14:00:00+00:00,25.5,99.112465,0.7,3.6,90.0,0.366
2019-07-06 15:00:00+00:00,25.15,99.99999,0.7,3.319036,12.528798,0.371
2019-07-06 16:00:00+00:00,24.95,100.0,0.2,3.8773184,68.19853,0.373
2019-07-06 17:00:00+00:00,24.25,100.0,2.5,5.634891,116.56499,0.403
2019-07-06 18:00:00+00:00,24.4,97.629395,1.4,6.151683,110.55613,0.413
2019-07-06 19:00:00+00:00,24.1,98.21336,0.2,6.763786,154.7989,0.405
2019-07-06 20:00:00+00:00,23.7,100.0,0.0,3.671294,191.30989,0.399
2019-07-06 21:00:00+00:00,23.65,98.80181,0.0,6.2145634,190.00792,0.394
2019-07-06 22:00:00+00:00,23.4,98.50142,0.0,2.968636,165.96373,0.391
2019-07-06 23:00:00+00:00,23.5,98.50253,0.0,5.1544156,192.09474,0.388
2019-07-07 00:00:00+00:00,24.15,98.21406,0.0,4.510787,208.61037,0.372
2019-07-07 01:00:00+00:00,25.3,96.774574,0.0,3.7064266,209.0545,0.371
2019-07-07 02:00:00+00:00,26.65,86.70866,0.0,5.8048253,172.87508,0.37
2019-07-07 03:00:00+00:00,27.95,86.57015,0.1,4.6938252,175.60138,0.369
2019-07-07 04:00:00+00:00,29.1,81.94341,0.2,5.904439,142.43134,0.368
2019-07-07 05:00:00+00:00,28.6,80.91304,0.2,4.73506,171.25392,0.367
2019-07-07 06:00:00+00:00,29.05,77.20002,0.2,4.5536795,161.56496,0.367
2019-07-07 07:00:00+00:00,28.8,78.32589,0.1,2.8116899,129.80553,0.365
2019-07-07 08:00:00+00:00,28.3,80.39289,0.1,1.484318,75.96373,0.364
2019-07-07 09:00:00+00:00,27.8,81.785545,0.2,3.2599385,173.6599,0.364
2019-07-07 10:00:00+00:00,27.05,88.577034,0.0,2.8799999,180.0,0.363
2019-07-07 11:00:00+00:00,26.25,91.74885,0.0,5.937272,165.96373,0.362
2019-07-07 12:00:00+00:00,25.95,94.79432,0.0,4.6938257,147.52882,0.36
2019-07-07 13:00:00+00:00,25.8,94.50627,0.0,5.634891,116.56499,0.359
2019-07-07 14:00:00+00:00,25.55,95.91832,0.0,7.7879906,123.6901,0.359
2019-07-07 15:00:00+00:00,25.3,97.35415,0.0,7.5942082,148.57048,0.358
2019-07-07 16:00:00+00:00,25.05,97.34929,0.0,6.6087217,150.64235,0.357
2019-07-07 17:00:00+00:00,24.7,97.6346,0.0,7.172949,162.47433,0.357
2019-07-07 18:00:00+00:00,23.85,97.9145,2.1,5.154415,155.22488,0.375
2019-07-07 19:00:00+00:00,23.45,100.0,0.7,2.5455842,81.86999,0.382
2019-07-07 20:00:00+00:00,23.6,98.206726,0.0,2.968636,165.96373,0.38
2019-07-07 21:00:00+00:00,23.6,97.61529,0.0,4.73506,188.74608,0.378
2019-07-07 22:00:00+00:00,23.35,97.90673,0.0,4.3349743,184.76355,0.376
2019-07-07 23:00:00+00:00,23.15,98.20075,0.0,5.506941,191.30989,0.375
2019-07-08 00:00:00+00:00,24.25,96.45868,0.0,5.771239,183.57626,0.353
2019-07-08 01:00:00+00:00,25.65,91.16482,0.0,7.5942073,174.55975,0.352
2019-07-08 02:00:00+00:00,27.05,88.31333,0.1,6.9899354,168.11136,0.352
2019-07-08 03:00:00+00:00,27.9,87.59968,0.2,5.6920996,161.56496,0.352
2019-07-08 04:00:00+00:00,28.0,82.05488,0.7,11.200571,135.0001,0.356
2019-07-08 05:00:00+00:00,26.7,88.548996,1.1,5.692099,124.69522,0.363
2019-07-08 06:00:00+00:00,28.7,83.61579,0.1,6.439876,153.43501,0.362
2019-07-08 07:00:00+00:00,27.05,88.577034,1.8,11.384199,161.56496,0.373
2019-07-08 08:00:00+00:00,26.9,92.33382,0.3,2.0364676,135.0001,0.374
2019-07-08 09:00:00+00:00,27.8,86.556274,0.0,3.7064266,150.9455,0.372
2019-07-08 10:00:00+00:00,25.95,94.79432,3.1,4.3498964,155.55606,0.399
2019-07-08 11:00:00+00:00,25.5,96.20355,0.0,5.95906,205.01686,0.395
2019-07-08 12:00:00+00:00,25.65,97.360954,0.0,4.0249224,190.3048,0.368
2019-07-08 13:00:00+00:00,25.85,95.3574,0.0,6.379216,163.61038,0.366
2019-07-08 14:00:00+00:00,25.25,96.1966,0.0,4.829907,153.43501,0.366
2019-07-08 15:00:00+00:00,24.95,96.18821,0.8,4.3498964,155.55606,0.37
2019-07-08 16:00:00+00:00,24.85,96.76386,0.0,6.9247384,152.10283,0.369
2019-07-08 17:00:00+00:00,24.65,97.63376,0.0,6.924738,171.02745,0.368
2019-07-08 18:00:00+00:00,24.4,97.92297,0.0,6.2145634,169.99208,0.367
2019-07-08 19:00:00+00:00,24.25,97.92065,0.0,5.937272,165.96373,0.366
2019-07-08 20:00:00+00:00,23.4,98.799576,0.0,5.8603754,169.3804,0.365
2019-07-08 21:00:00+00:00,24.05,97.91761,0.0,6.28713,166.75948,0.364
2019-07-08 22:00:00+00:00,23.75,98.5053,0.0,6.162207,173.29025,0.364
2019-07-08 23:00:00+00:00,23.55,98.80093,0.0,6.2145634,169.99208,0.363
2019-07-09 00:00:00+00:00,23.9,96.15875,0.0,6.638072,167.4712,0.359
2019-07-09 01:00:00+00:00,25.3,90.59565,0.0,6.9899354,168.11136,0.358
2019-07-09 02:00:00+00:00,26.85,83.91215,0.0,6.151683,159.44388,0.357
2019-07-09 03:00:00+00:00,28.45,74.82598,0.0,8.714677,141.7098,0.356
2019-07-09 04:00:00+00:00,29.35,70.598145,0.1,8.161764,131.42357,0.355
2019-07-09 05:00:00+00:00,29.75,69.19715,0.1,7.653705,131.18582,0.354
2019-07-09 06:00:00+00:00,30.5,69.338455,0.1,6.193674,125.537766,0.352
2019-07-09 07:00:00+00:00,30.2,72.68359,0.1,5.0528407,94.08554,0.351
2019-07-09 08:00:00+00:00,26.65,89.60959,2.1,4.39436,124.992096,0.366
2019-07-09 09:00:00+00:00,27.3,89.39093,0.0,1.9386592,248.19853,0.365
2019-07-09 10:00:00+00:00,27.15,94.28058,0.0,3.0547013,224.9999,0.363
2019-07-09 11:00:00+00:00,26.35,96.22705,0.0,5.8048253,240.2552,0.363
2019-07-09 12:00:00+00:00,26.4,96.51407,0.3,0.0,270.0,0.354
2019-07-09 13:00:00+00:00,26.55,95.66409,0.0,3.2599385,96.340096,0.353
2019-07-09 14:00:00+00:00,26.25,94.5241,0.0,5.154415,114.775116,0.353
2019-07-09 15:00:00+00:00,25.85,94.22667,0.0,4.3349743,184.76355,0.352
2019-07-09 16:00:00+00:00,25.15,95.619644,0.0,5.8603754,132.5104,0.352
2019-07-09 17:00:00+00:00,24.35,95.88228,0.0,6.4096174,128.15727,0.352
2019-07-09 18:00:00+00:00,24.9,93.06036,0.0,5.3999996,143.13002,0.351
2019-07-09 19:00:00+00:00,24.45,93.319115,0.0,6.8777895,137.12111,0.351
2019-07-09 20:00:00+00:00,24.3,93.59432,0.0,8.404285,136.73567,0.351
2019-07-09 21:00:00+00:00,23.95,95.00493,0.0,8.39657,149.03632,0.351
2019-07-09 22:00:00+00:00,23.7,95.86261,0.0,7.5685663,154.65387,0.35
2019-07-09 23:00:00+00:00,23.55,95.85807,0.0,6.379216,163.61038,0.35
2019-07-10 00:00:00+00:00,24.4,93.598946,0.0,6.28713,166.75948,0.349
2019-07-10 01:00:00+00:00,26.1,88.76684,0.0,5.634891,153.43501,0.348
2019-07-10 02:00:00+00:00,27.9,79.6207,0.0,10.685391,122.61923,0.348
2019-07-10 03:00:00+00:00,29.05,71.83294,0.2,12.24,118.072395,0.348
2019-07-10 04:00:00+00:00,29.6,68.54498,0.1,12.24,118.072395,0.347
2019-07-10 05:00:00+00:00,30.1,66.200226,0.1,12.57426,113.62939,0.346
2019-07-10 06:00:00+00:00,30.5,64.69933,0.1,12.181625,108.970505,0.346
2019-07-10 07:00:00+00:00,30.6,63.55614,0.1,12.313893,105.25517,0.344
2019-07-10 08:00:00+00:00,30.45,64.29857,0.0,12.0694,107.35411,0.343
2019-07-10 09:00:00+00:00,29.95,66.5715,0.0,11.726277,107.87879,0.341
2019-07-10 10:00:00+00:00,28.85,73.5509,0.0,10.931203,107.241554,0.34
2019-07-10 11:00:00+00:00,27.15,82.19888,0.0,8.311245,107.650215,0.34
2019-07-10 12:00:00+00:00,26.7,83.39211,0.0,7.754637,111.801476,0.335
2019-07-10 13:00:00+00:00,26.05,86.9145,0.0,5.0911684,135.0001,0.335
2019-07-10 14:00:00+00:00,25.95,87.43036,0.0,6.4096174,141.84273,0.335
2019-07-10 15:00:00+00:00,24.95,92.783165,0.0,4.8433046,131.98714,0.335
2019-07-10 16:00:00+00:00,24.55,93.32397,0.0,4.510787,118.61037,0.335
2019-07-10 17:00:00+00:00,24.55,93.60593,0.0,6.489992,123.6901,0.335
2019-07-10 18:00:00+00:00,24.4,93.035255,0.0,6.8777895,132.87889,0.335
2019-07-10 19:00:00+00:00,24.25,93.59196,0.0,8.435069,140.19447,0.335
2019-07-10 20:00:00+00:00,23.9,95.57939,0.0,8.0899935,147.72438,0.335
2019-07-10 21:00:00+00:00,23.6,97.02694,0.0,7.172949,162.47433,0.335
2019-07-10 22:00:00+00:00,23.5,96.73152,0.0,6.924738,171.02745,0.335
2019-07-10 23:00:00+00:00,23.35,95.85192,0.0,7.208994,177.13765,0.335
2019-07-11 00:00:00+00:00,24.15,91.3464,0.0,6.5693827,189.46225,0.335
2019-07-11 01:00:00+00:00,26.05,84.58753,0.0,5.5887027,165.06853,0.334
2019-07-11 02:00:00+00:00,27.95,77.969894,0.0,6.696387,143.74608,0.334
2019-07-11 03:00:00+00:00,29.25,67.85772,0.0,8.209263,127.875046,0.332
2019-07-11 04:00:00+00:00,30.15,61.55703,0.0,7.7043357,127.40543,0.331
2019-07-11 05:00:00+00:00,30.6,58.541756,0.0,8.78872,124.992096,0.33
2019-07-11 06:00:00+00:00,30.5,58.518456,0.1,8.78872,124.992096,0.329
2019-07-11 07:00:00+00:00,30.6,57.82919,0.1,8.0899935,122.27562,0.328
2019-07-11 08:00:00+00:00,30.6,58.006607,0.0,6.792466,122.00535,0.327
2019-07-11 09:00:00+00:00,30.4,59.215908,0.0,6.6185193,112.38018,0.325
2019-07-11 10:00:00+00:00,29.0,68.84588,0.0,7.69592,100.784256,0.325
2019-07-11 11:00:00+00:00,26.8,75.014046,0.0,9.3669195,92.20255,0.324
2019-07-11 12:00:00+00:00,26.2,77.95249,0.0,9.779817,96.340096,0.321
2019-07-11 13:00:00+00:00,25.35,84.51319,0.0,8.759178,99.46225,0.321
2019-07-11 14:00:00+00:00,24.9,86.80923,0.0,7.968939,108.43504,0.321
2019-07-11 15:00:00+00:00,24.75,87.85639,0.0,7.0911775,113.962494,0.321
2019-07-11 16:00:00+00:00,24.4,90.53518,0.0,5.95906,115.01687,0.321
2019-07-11 17:00:00+00:00,24.3,91.63296,0.0,5.8048253,119.74479,0.321
2019-07-11 18:00:00+00:00,24.45,91.08877,0.0,8.209263,127.875046,0.321
2019-07-11 19:00:00+00:00,24.3,92.18964,0.0,8.913181,133.36346,0.322
2019-07-11 20:00:00+00:00,23.95,94.4319,0.0,7.386582,136.97493,0.322
2019-07-11 21:00:00+00:00,23.8,95.86567,0.0,7.928177,140.52757,0.322
2019-07-11 22:00:00+00:00,23.75,96.15449,0.0,6.9527545,158.74942,0.322
2019-07-11 23:00:00+00:00,23.65,96.73515,0.0,7.5942073,174.55975,0.322
2019-07-12 00:00:00+00:00,24.8,92.77536,0.0,6.130579,183.3664,0.321
2019-07-12 01:00:00+00:00,26.4,85.907585,0.0,6.4799995,180.0,0.32
2019-07-12 02:00:00+00:00,27.95,78.44036,0.0,10.464797,153.43501,0.32
2019-07-12 03:00:00+00:00,29.15,72.06739,0.1,10.685391,147.38077,0.319
2019-07-12 04:00:00+00:00,30.1,66.80315,0.0,9.793059,143.97253,0.318
2019-07-12 05:00:00+00:00,30.8,62.833656,0.0,9.0,143.13002,0.317
2019-07-12 06:00:00+00:00,30.8,62.643635,0.1,8.714677,141.7098,0.317
2019-07-12 07:00:00+00:00,30.65,64.14643,0.1,7.145796,139.08571,0.316
2019-07-12 08:00:00+00:00,31.05,63.652115,0.0,6.4096174,141.84273,0.315
2019-07-12 09:00:00+00:00,28.55,77.35753,0.5,6.1305785,139.76372,0.318
2019-07-12 10:00:00+00:00,28.1,85.56186,0.0,1.9386592,111.801476,0.318
2019-07-12 11:00:00+00:00,26.95,93.43839,0.0,4.6102495,141.34016,0.318
2019-07-12 12:00:00+00:00,26.6,96.805084,0.0,3.7585104,163.30067,0.319
2019-07-12 13:00:00+00:00,26.2,97.08329,0.0,3.96,90.0,0.319
2019-07-12 14:00:00+00:00,26.8,94.266136,0.0,3.219938,116.56499,0.319
2019-07-12 15:00:00+00:00,26.05,95.36418,0.0,3.319036,220.60121,0.319
2019-07-12 16:00:00+00:00,25.5,95.9168,0.0,5.506941,168.69011,0.319
2019-07-12 17:00:00+00:00,25.7,89.8093,0.0,6.4096174,141.84273,0.319
2019-07-12 18:00:00+00:00,25.05,90.03379,0.0,8.0899935,147.72438,0.319
2019-07-12 19:00:00+00:00,24.4,93.316734,0.0,7.491114,144.78232,0.319
2019-07-12 20:00:00+00:00,24.1,95.0104,0.0,7.9932966,144.16226,0.319
2019-07-12 21:00:00+00:00,24.0,95.58263,0.0,7.4128532,150.9455,0.319
2019-07-12 22:00:00+00:00,23.95,95.87019,0.0,7.491114,144.78232,0.319
2019-07-12 23:00:00+00:00,23.85,96.44826,0.0,7.7879906,146.3099,0.319
2019-07-13 00:00:00+00:00,25.15,91.960144,0.0,8.435069,129.80553,0.313
2019-07-13 01:00:00+00:00,26.65,86.190125,0.0,9.449572,130.36446,0.313
2019-07-13 02:00:00+00:00,27.9,79.38199,0.0,11.885453,125.13428,0.312
2019-07-13 03:00:00+00:00,29.1,71.841736,0.1,9.931042,136.46873,0.312
2019-07-13 04:00:00+00:00,29.95,66.77316,0.1,10.233123,140.71062,0.311
2019-07-13 05:00:00+00:00,30.45,64.49348,0.1,9.422101,136.54811,0.311
2019-07-13 06:00:00+00:00,30.75,63.204483,0.2,8.161764,131.42357,0.311
2019-07-13 07:00:00+00:00,30.6,64.72021,0.2,7.9036193,120.0685,0.311
2019-07-13 08:00:00+00:00,29.95,68.61214,0.0,7.42159,129.09386,0.31
2019-07-13 09:00:00+00:00,29.55,71.061165,0.0,5.6233797,129.80553,0.309
2019-07-13 10:00:00+00:00,28.15,81.09794,0.1,5.8048253,150.2552,0.31
2019-07-13 11:00:00+00:00,27.4,84.47636,0.0,4.198285,149.03632,0.31
2019-07-13 12:00:00+00:00,26.85,89.62419,0.0,7.5685663,115.34614,0.305
2019-07-13 13:00:00+00:00,26.4,89.32366,0.0,8.12197,102.80426,0.305
2019-07-13 14:00:00+00:00,26.15,88.239525,0.0,8.766573,109.17911,0.305
2019-07-13 15:00:00+00:00,26.05,86.132675,0.0,8.891343,121.75944,0.305
2019-07-13 16:00:00+00:00,25.6,87.663734,0.0,6.9247384,117.89718,0.305
2019-07-13 17:00:00+00:00,25.2,89.50271,0.0,7.5685663,115.34614,0.306
2019-07-13 18:00:00+00:00,25.0,90.57556,0.0,8.587338,123.02387,0.306
2019-07-13 19:00:00+00:00,24.65,92.20926,0.0,7.145796,139.08571,0.306
2019-07-13 20:00:00+00:00,24.35,93.59661,0.0,6.763786,154.7989,0.306
2019-07-13 21:00:00+00:00,24.05,95.008606,0.0,8.209263,164.74483,0.306
2019-07-13 22:00:00+00:00,23.8,95.86567,0.0,8.12197,167.19574,0.306
2019-07-13 23:00:00+00:00,23.5,96.43907,0.0,7.42159,157.1663,0.306
2019-07-14 00:00:00+00:00,24.5,92.47992,0.0,7.491114,144.78232,0.311
2019-07-14 01:00:00+00:00,26.45,84.12137,0.0,7.386582,136.97493,0.311
2019-07-14 02:00:00+00:00,28.25,75.92988,0.0,7.6367526,135.0001,0.31
2019-07-14 03:00:00+00:00,29.7,65.123024,0.0,8.0899935,147.72438,0.309
2019-07-14 04:00:00+00:00,30.55,60.161915,0.0,7.4128532,150.9455,0.308
2019-07-14 05:00:00+00:00,31.15,57.080135,0.0,6.989936,145.49142,0.307
2019-07-14 06:00:00+00:00,31.45,55.601227,0.0,6.792466,147.99466,0.305
2019-07-14 07:00:00+00:00,31.6,55.298283,0.0,7.289445,147.09476,0.304
2019-07-14 08:00:00+00:00,31.55,54.94863,0.0,7.653705,138.81418,0.303
2019-07-14 09:00:00+00:00,30.9,58.07703,0.0,7.7043357,127.40543,0.301
2019-07-14 10:00:00+00:00,29.4,69.130905,0.0,9.3876505,94.39862,0.301
2019-07-14 11:00:00+00:00,27.5,75.35474,0.0,9.746631,94.23632,0.301
2019-07-14 12:00:00+00:00,26.7,78.500084,0.0,9.3669195,92.20255,0.294
2019-07-14 13:00:00+00:00,26.2,81.09526,0.0,8.669949,94.76356,0.294
2019-07-14 14:00:00+00:00,25.95,81.31011,0.0,9.6932955,105.06854,0.294
2019-07-14 15:00:00+00:00,25.7,83.0263,0.0,8.766573,109.17911,0.294
2019-07-14 16:00:00+00:00,25.45,84.52384,0.0,8.39657,120.96369,0.294
2019-07-14 17:00:00+00:00,25.25,85.27595,0.0,9.085988,123.6901,0.295
2019-07-14 18:00:00+00:00,25.0,86.29298,0.0,9.449572,130.36446,0.295
2019-07-14 19:00:00+00:00,24.6,88.378845,0.0,8.669949,131.63345,0.295
2019-07-14 20:00:00+00:00,24.15,91.623924,0.0,7.8954163,136.8476,0.295
2019-07-14 21:00:00+00:00,23.75,94.42374,0.0,7.729527,152.24155,0.295
2019-07-14 22:00:00+00:00,23.5,95.8565,0.0,7.968939,161.56496,0.295
2019-07-14 23:00:00+00:00,23.35,95.85192,0.0,8.225035,156.80139,0.295
2019-07-15 00:00:00+00:00,24.7,91.104675,0.0,8.891343,148.24057,0.294
2019-07-15 01:00:00+00:00,26.35,84.36453,0.0,8.942214,139.89915,0.294
2019-07-15 02:00:00+00:00,27.85,77.02137,0.0,9.957108,139.39879,0.293
2019-07-15 03:00:00+00:00,29.3,66.642746,0.1,7.653705,138.81418,0.293
2019-07-15 04:00:00+00:00,30.2,60.450775,0.0,5.495161,148.39255,0.292
2019-07-15 05:00:00+00:00,30.45,57.971367,0.0,3.8939953,146.3099,0.291
2019-07-15 06:00:00+00:00,30.55,57.640446,0.1,5.0528407,94.08554,0.29
2019-07-15 07:00:00+00:00,29.25,66.835495,0.5,5.315336,61.69934,0.292
2019-07-15 08:00:00+00:00,28.95,70.09949,0.2,4.3498964,114.44395,0.293
2019-07-15 09:00:00+00:00,29.25,68.477615,0.0,6.9153743,141.34016,0.292
2019-07-15 10:00:00+00:00,28.5,74.6089,0.0,5.0911684,98.13002,0.292
2019-07-15 11:00:00+00:00,27.0,84.687546,0.0,5.1544156,77.90526,0.292
2019-07-15 12:00:00+00:00,25.3,90.051445,0.0,6.849467,93.012726,0.294
2019-07-15 13:00:00+00:00,25.05,91.402,0.0,4.73506,98.74608,0.294
2019-07-15 14:00:00+00:00,25.15,91.40814,0.0,5.00128,120.256355,0.294
2019-07-15 15:00:00+00:00,25.1,91.68076,0.0,5.2416787,105.945465,0.294
2019-07-15 16:00:00+00:00,25.1,91.13004,0.0,5.95906,115.01687,0.294
2019-07-15 17:00:00+00:00,24.95,91.12054,0.0,7.491114,125.21768,0.294
2019-07-15 18:00:00+00:00,24.8,90.5621,0.0,7.7043357,142.59457,0.294
2019-07-15 19:00:00+00:00,24.5,90.54191,0.0,8.766573,160.82089,0.294
2019-07-15 20:00:00+00:00,24.3,88.89348,0.0,9.360001,157.3801,0.294
2019-07-15 21:00:00+00:00,23.95,89.40925,0.0,7.8625183,164.05453,0.294
2019-07-15 22:00:00+00:00,23.75,89.39417,0.0,8.350138,172.56868,0.295
2019-07-15 23:00:00+00:00,23.5,89.64891,0.0,8.473393,167.73524,0.295
2019-07-16 00:00:00+00:00,24.2,87.54208,0.0,9.178235,168.69011,0.295
2019-07-16 01:00:00+00:00,25.9,80.81104,0.0,8.557102,157.75093,0.295
2019-07-16 02:00:00+00:00,27.65,73.7954,0.0,10.495713,149.03632,0.295
2019-07-16 03:00:00+00:00,28.95,66.77531,0.0,12.287555,148.17259,0.294
2019-07-16 04:00:00+00:00,30.15,59.5218,0.0,12.181624,145.84026,0.292
2019-07-16 05:00:00+00:00,31.3,53.554504,0.0,14.480773,145.1246,0.291
2019-07-16 06:00:00+00:00,31.35,52.424065,0.0,12.879752,153.43501,0.29
2019-07-16 07:00:00+00:00,30.95,54.80179,0.0,10.028439,158.96242,0.289
2019-07-16 08:00:00+00:00,31.0,54.982857,0.0,9.19939,149.42085,0.288
2019-07-16 09:00:00+00:00,30.7,57.852745,0.0,7.7879906,146.3099,0.287
2019-07-16 10:00:00+00:00,29.6,66.70302,0.0,6.3690495,137.29063,0.286
2019-07-16 11:00:00+00:00,27.55,76.05063,0.0,8.373386,115.46331,0.286
2019-07-16 12:00:00+00:00,26.7,77.78841,0.0,8.905908,104.03627,0.284
2019-07-16 13:00:00+00:00,26.45,78.22637,0.0,8.225035,113.198616,0.284
2019-07-16 14:00:00+00:00,26.25,79.63802,0.0,6.489992,109.440125,0.284
2019-07-16 15:00:00+00:00,26.25,80.123276,0.0,7.729527,117.75845,0.284
2019-07-16 16:00:00+00:00,25.85,84.056076,0.0,9.028754,113.49858,0.284
2019-07-16 17:00:00+00:00,25.55,84.02327,0.0,8.587338,123.02387,0.284
2019-07-16 18:00:00+00:00,25.15,85.00714,0.0,9.178235,131.82008,0.284
2019-07-16 19:00:00+00:00,24.85,86.541306,0.0,9.931042,133.53127,0.284
2019-07-16 20:00:00+00:00,24.55,88.64357,0.0,8.913181,136.63654,0.284
2019-07-16 21:00:00+00:00,24.25,91.35261,0.0,8.39657,149.03632,0.285
2019-07-16 22:00:00+00:00,23.95,93.86188,0.0,8.225035,156.80139,0.285
2019-07-16 23:00:00+00:00,23.75,95.28568,0.0,7.754637,158.19853,0.285
2019-07-17 00:00:00+00:00,24.7,91.38045,0.0,8.0899935,147.72438,0.29
2019-07-17 01:00:00+00:00,26.5,84.63502,0.0,9.290511,144.46223,0.29
2019-07-17 02:00:00+00:00,28.05,75.44198,0.0,11.720751,137.4896,0.289
2019-07-17 03:00:00+00:00,29.55,60.303345,0.0,11.988594,138.65233,0.288
2019-07-17 04:00:00+00:00,30.55,52.547127,0.0,12.738099,137.29063,0.287
2019-07-17 05:00:00+00:00,31.25,49.55698,0.0,11.808878,142.43134,0.285
2019-07-17 06:00:00+00:00,32.2,46.231586,0.0,10.163227,157.06787,0.284
2019-07-17 07:00:00+00:00,31.75,48.01905,0.0,11.043261,160.9743,0.283
2019-07-17 08:00:00+00:00,31.55,49.022324,0.0,10.137692,163.49556,0.282
2019-07-17 09:00:00+00:00,31.1,52.038246,0.0,6.8777895,132.87889,0.281
2019-07-17 10:00:00+00:00,29.05,66.99894,0.0,10.483357,105.945465,0.28
2019-07-17 11:00:00+00:00,27.3,73.736786,0.0,10.390226,104.03627,0.28
2019-07-17 12:00:00+00:00,26.55,73.16098,0.0,9.028754,113.49858,0.278
2019-07-17 13:00:00+00:00,26.0,75.34516,0.0,8.0899935,122.27562,0.278
2019-07-17 14:00:00+00:00,25.55,77.61961,0.0,7.5685663,115.34614,0.278
2019-07-17 15:00:00+00:00,25.2,79.25175,0.0,6.439876,116.56499,0.278
2019-07-17 16:00:00+00:00,25.05,79.230995,0.0,8.287822,124.3804,0.278
2019-07-17 17:00:00+00:00,24.9,81.42615,0.0,9.178235,131.82008,0.279
2019-07-17 18:00:00+00:00,24.8,83.175545,0.0,10.009036,142.3057,0.279
2019-07-17 19:00:00+00:00,24.6,83.66262,0.0,9.885262,146.88864,0.279
2019-07-17 20:00:00+00:00,24.2,85.69105,0.0,9.021574,151.38963,0.279
2019-07-17 21:00:00+00:00,23.85,87.779274,0.0,9.178235,154.44008,0.279
2019-07-17 22:00:00+00:00,23.6,89.93043,0.0,9.227524,159.44388,0.279
2019-07-17 23:00:00+00:00,23.2,92.40897,0.0,8.473393,167.73524,0.279
2019-07-18 00:00:00+00:00,24.15,89.42428,0.0,9.6932955,164.93146,0.279
2019-07-18 01:00:00+00:00,25.9,82.54735,0.0,10.30883,155.22488,0.279
2019-07-18 02:00:00+00:00,27.6,74.4621,0.0,12.287555,148.17259,0.279
2019-07-18 03:00:00+00:00,29.1,62.655193,0.0,13.104198,142.81522,0.278
2019-07-18 04:00:00+00:00,30.35,54.823517,0.0,13.004922,138.36655,0.277
2019-07-18 05:00:00+00:00,31.3,49.262737,0.0,10.739832,140.44037,0.275
2019-07-18 06:00:00+00:00,31.95,47.183228,0.0,10.009036,142.3057,0.274
2019-07-18 07:00:00+00:00,31.95,47.477707,0.0,11.480557,138.81418,0.273
2019-07-18 08:00:00+00:00,31.75,47.13041,0.0,11.480557,138.81418,0.272
2019-07-18 09:00:00+00:00,31.2,49.390152,0.0,9.511088,150.5242,0.271
2019-07-18 10:00:00+00:00,29.8,59.991116,0.0,7.6367526,135.0001,0.27
2019-07-18 11:00:00+00:00,27.75,71.16715,0.0,10.483357,105.945465,0.27
2019-07-18 12:00:00+00:00,27.4,72.19758,0.0,11.298495,112.47948,0.267
2019-07-18 13:00:00+00:00,26.45,75.64769,0.0,9.085988,123.6901,0.267
2019-07-18 14:00:00+00:00,25.9,76.72683,0.0,9.504272,127.30403,0.267
2019-07-18 15:00:00+00:00,25.85,75.78467,0.0,10.464797,130.81499,0.267
2019-07-18 16:00:00+00:00,25.7,76.22741,0.0,11.525623,128.65984,0.267
2019-07-18 17:00:00+00:00,25.25,79.50175,0.0,10.703569,132.27362,0.267
2019-07-18 18:00:00+00:00,24.45,84.416885,0.0,8.891343,148.24057,0.267
2019-07-18 19:00:00+00:00,23.85,88.04789,0.0,8.217153,151.1893,0.268
2019-07-18 20:00:00+00:00,23.4,89.641556,0.0,8.373386,154.5367,0.268
2019-07-18 21:00:00+00:00,23.0,91.27459,0.0,8.217153,151.1893,0.268
2019-07-18 22:00:00+00:00,22.7,93.519356,0.0,8.049845,153.43501,0.268
2019-07-18 23:00:00+00:00,22.55,95.24399,0.0,7.754637,158.19853,0.268
2019-07-19 00:00:00+00:00,23.4,92.13877,0.0,8.311245,162.3498,0.273
2019-07-19 01:00:00+00:00,25.7,83.0263,0.0,7.5685663,154.65387,0.273
2019-07-19 02:00:00+00:00,27.85,74.27769,0.0,8.534353,152.35411,0.273
2019-07-19 03:00:00+00:00,29.5,65.877945,0.0,9.028754,156.50142,0.272
2019-07-19 04:00:00+00:00,31.1,58.12386,0.0,9.504272,142.69597,0.271
2019-07-19 05:00:00+00:00,31.95,54.377438,0.0,7.7879906,146.3099,0.27
2019-07-19 06:00:00+00:00,32.55,50.82178,0.0,7.2,143.13002,0.269
2019-07-19 07:00:00+00:00,33.0,47.90095,0.0,7.653705,138.81418,0.268
2019-07-19 08:00:00+00:00,32.55,49.739532,0.0,9.793059,143.97253,0.266
2019-07-19 09:00:00+00:00,31.55,54.44577,0.0,9.585739,145.71307,0.266
2019-07-19 10:00:00+00:00,29.8,65.93922,0.0,7.7879906,123.6901,0.265
2019-07-19 11:00:00+00:00,28.15,74.326996,0.0,9.904906,109.09359,0.265
2019-07-19 12:00:00+00:00,27.4,77.18704,0.0,11.966954,105.7087,0.256
2019-07-19 13:00:00+00:00,27.1,79.75282,0.0,11.043261,109.025696,0.256
2019-07-19 14:00:00+00:00,26.75,84.15389,0.0,10.365251,110.32322,0.256
2019-07-19 15:00:00+00:00,26.3,87.98757,0.0,8.089993,110.854546,0.257
2019-07-19 16:00:00+00:00,26.15,88.77078,0.0,7.10031,120.46546,0.257
2019-07-19 17:00:00+00:00,25.85,90.09016,0.0,7.2,126.86999,0.257
2019-07-19 18:00:00+00:00,25.55,91.43265,0.0,7.42159,140.90616,0.257
2019-07-19 19:00:00+00:00,25.2,92.79616,0.0,7.8954163,136.8476,0.258
2019-07-19 20:00:00+00:00,25.0,93.34564,0.0,7.42159,140.90616,0.258
2019-07-19 21:00:00+00:00,24.9,93.06036,0.0,7.42159,157.1663,0.258
2019-07-19 22:00:00+00:00,24.55,94.4562,0.0,7.754637,158.19853,0.258
2019-07-19 23:00:00+00:00,23.95,97.327644,0.0,7.5170207,163.30067,0.258
2019-07-20 00:00:00+00:00,25.1,93.63131,0.0,7.5170207,163.30067,0.258
2019-07-20 01:00:00+00:00,26.7,84.65604,0.0,12.904882,149.8587,0.258
2019-07-20 02:00:00+00:00,28.1,76.59604,0.1,10.799999,143.13002,0.258
2019-07-20 03:00:00+00:00,29.2,70.78411,0.4,10.703569,132.27362,0.26
2019-07-20 04:00:00+00:00,29.75,68.57379,0.4,7.5942082,121.42952,0.263
2019-07-20 05:00:00+00:00,30.5,63.920902,0.2,8.891343,121.75944,0.263
2019-07-20 06:00:00+00:00,30.6,62.790325,0.0,9.021574,118.61037,0.263
2019-07-20 07:00:00+00:00,31.55,57.69996,0.0,7.8625183,105.945465,0.262
2019-07-20 08:00:00+00:00,32.0,55.22665,0.0,7.5942073,95.44024,0.261
2019-07-20 09:00:00+00:00,31.45,57.32591,0.0,8.28,90.0,0.26
2019-07-20 10:00:00+00:00,29.95,67.3813,0.0,7.9526596,95.19434,0.259
2019-07-20 11:00:00+00:00,27.95,74.74513,0.0,9.605998,102.99462,0.259
2019-07-20 12:00:00+00:00,27.2,80.491104,0.0,4.68,90.0,0.253
2019-07-20 13:00:00+00:00,27.0,79.98063,0.0,8.647496,92.385895,0.253
2019-07-20 14:00:00+00:00,26.3,84.1051,0.0,8.707237,119.74479,0.253
2019-07-20 15:00:00+00:00,26.15,85.62482,0.0,8.557102,157.75093,0.253
2019-07-20 16:00:00+00:00,26.15,84.343094,0.0,6.151683,159.44388,0.254
2019-07-20 17:00:00+00:00,25.4,87.911674,0.1,6.2145634,169.99208,0.254
2019-07-20 18:00:00+00:00,25.2,89.2329,0.0,6.638072,167.4712,0.255
2019-07-20 19:00:00+00:00,24.65,93.04782,0.0,6.489992,176.82024,0.255
2019-07-20 20:00:00+00:00,24.25,96.1686,0.0,5.0911684,188.13002,0.255
2019-07-20 21:00:00+00:00,24.1,97.33059,0.0,6.28713,203.6294,0.255
2019-07-20 22:00:00+00:00,23.8,98.505875,0.0,6.379216,196.38962,0.255
2019-07-20 23:00:00+00:00,23.8,98.20943,0.0,6.519877,186.3401,0.255
2019-07-21 00:00:00+00:00,24.9,93.622086,0.1,9.6932955,164.93146,0.256
2019-07-21 01:00:00+00:00,26.3,86.41617,0.0,9.565437,160.20103,0.256
2019-07-21 02:00:00+00:00,27.5,82.240814,0.1,7.5685663,154.65387,0.256
2019-07-21 03:00:00+00:00,28.7,78.78138,0.1,6.9247384,152.10283,0.257
2019-07-21 04:00:00+00:00,29.5,73.00006,0.2,5.3999996,180.0,0.258
2019-07-21 05:00:00+00:00,28.7,74.64138,2.2,10.805998,119.98155,0.277
2019-07-21 06:00:00+00:00,26.9,89.361115,0.8,6.4799995,90.0,0.284
2019-07-21 07:00:00+00:00,28.4,80.4059,0.0,4.39436,145.0079,0.284
2019-07-21 08:00:00+00:00,26.75,84.40726,1.1,6.638072,167.4712,0.291
2019-07-21 09:00:00+00:00,26.3,90.12165,0.1,4.896529,107.10281,0.291
2019-07-21 10:00:00+00:00,26.15,91.74299,0.1,6.4799995,90.0,0.292
2019-07-21 11:00:00+00:00,25.3,93.640526,0.5,9.021574,118.61037,0.295
2019-07-21 12:00:00+00:00,25.8,96.21186,0.1,6.989936,124.50858,0.383
2019-07-21 13:00:00+00:00,25.2,97.061806,0.0,7.6367526,135.0001,0.379
2019-07-21 14:00:00+00:00,24.65,98.22069,0.2,6.4096174,141.84273,0.376
2019-07-21 15:00:00+00:00,24.5,97.9245,0.1,5.991594,147.26479,0.373
2019-07-21 16:00:00+00:00,24.25,97.92065,0.1,7.145796,139.08571,0.37
2019-07-21 17:00:00+00:00,24.1,97.91836,0.0,7.24486,153.43501,0.368
2019-07-21 18:00:00+00:00,23.95,97.91604,0.0,7.24486,153.43501,0.365
2019-07-21 19:00:00+00:00,23.9,97.91526,0.0,7.729527,152.24155,0.363
2019-07-21 20:00:00+00:00,23.85,98.21005,0.1,7.9526596,185.19434,0.362
2019-07-21 21:00:00+00:00,23.6,100.0,0.3,6.162207,173.29025,0.363
2019-07-21 22:00:00+00:00,23.5,100.0,0.2,6.28713,166.75948,0.363
2019-07-21 23:00:00+00:00,23.3,100.0,0.4,6.763786,154.7989,0.367
2019-07-22 00:00:00+00:00,23.5,100.0,3.8,6.130579,176.6336,0.403
2019-07-22 01:00:00+00:00,23.85,96.73994,1.4,8.473393,192.26476,0.406
2019-07-22 02:00:00+00:00,23.7,96.44432,0.2,6.4799995,180.0,0.398
2019-07-22 03:00:00+00:00,24.95,92.226036,0.1,8.311245,175.03035,0.393
2019-07-22 04:00:00+00:00,25.7,90.62233,0.1,7.342588,168.69011,0.388
2019-07-22 05:00:00+00:00,26.85,86.986984,0.2,6.12,180.0,0.384
2019-07-22 06:00:00+00:00,27.15,84.19712,0.1,6.9899354,168.11136,0.381
2019-07-22 07:00:00+00:00,27.9,79.860085,0.1,7.42159,165.96373,0.378
2019-07-22 08:00:00+00:00,27.2,84.20248,0.2,5.4477882,97.59455,0.375
2019-07-22 09:00:00+00:00,26.9,88.8297,0.1,1.4399999,90.0,0.373
2019-07-22 10:00:00+00:00,26.05,92.01174,0.5,3.6179552,174.2895,0.374
2019-07-22 11:00:00+00:00,25.25,97.35314,0.0,2.7416782,203.19862,0.372
2019-07-22 12:00:00+00:00,25.25,97.06288,0.0,2.5455842,278.13,0.382
2019-07-22 13:00:00+00:00,25.65,95.35067,0.0,2.9024127,187.12492,0.379
2019-07-22 14:00:00+00:00,24.75,98.81152,0.0,4.2136917,109.98319,0.377
2019-07-22 15:00:00+00:00,25.15,97.93447,0.0,2.968636,165.96373,0.375
2019-07-22 16:00:00+00:00,24.6,99.40356,0.0,4.452954,165.96373,0.373
2019-07-22 17:00:00+00:00,24.9,99.4049,0.0,5.1919937,146.3099,0.371
2019-07-22 18:00:00+00:00,24.75,98.51639,0.0,5.1919937,123.690094,0.37
2019-07-22 19:00:00+00:00,24.45,98.51308,0.0,7.10031,120.46546,0.368
2019-07-22 20:00:00+00:00,24.15,98.50975,0.0,7.24486,116.56499,0.367
2019-07-22 21:00:00+00:00,23.75,98.5053,0.0,5.8603754,132.5104,0.366
2019-07-22 22:00:00+00:00,23.55,97.90987,0.0,4.198285,149.03632,0.364
2019-07-22 23:00:00+00:00,23.15,98.20075,0.0,4.8965297,143.97253,0.363
2019-07-23 00:00:00+00:00,24.1,98.50919,0.0,3.8773184,158.19853,0.37
2019-07-23 01:00:00+00:00,24.9,97.34636,0.1,5.8603754,169.3804,0.369
2019-07-23 02:00:00+00:00,25.65,92.264984,0.1,7.0911775,156.0375,0.368
2019-07-23 03:00:00+00:00,27.05,86.74541,0.0,6.3690495,137.29063,0.367
2019-07-23 04:00:00+00:00,27.65,86.28506,0.0,6.489992,146.3099,0.366
2019-07-23 05:00:00+00:00,28.05,84.54503,0.1,6.489992,146.3099,0.364
2019-07-23 06:00:00+00:00,28.65,80.91939,0.0,5.3517847,137.72638,0.363
2019-07-23 07:00:00+00:00,29.7,75.47567,0.0,4.8433046,138.01286,0.361
2019-07-23 08:00:00+00:00,28.3,78.96188,1.1,7.24486,116.56499,0.367
2019-07-23 09:00:00+00:00,27.15,90.71823,0.2,2.6208394,15.945477,0.366
2019-07-23 10:00:00+00:00,26.9,92.88351,0.0,2.4149535,153.43501,0.365
2019-07-23 11:00:00+00:00,26.3,94.52613,0.0,3.5455887,113.962494,0.364
2019-07-23 12:00:00+00:00,25.4,97.93827,0.0,3.9763298,185.19434,0.382
2019-07-23 13:00:00+00:00,25.5,95.9168,0.0,4.68,180.0,0.38
2019-07-23 14:00:00+00:00,25.1,95.61805,0.0,4.379589,170.53775,0.378
2019-07-23 15:00:00+00:00,24.3,95.88081,0.0,6.379216,163.61038,0.376
2019-07-23 16:00:00+00:00,24.55,93.32397,0.0,5.7599998,180.0,0.375
2019-07-23 17:00:00+00:00,24.35,94.448074,0.0,4.510787,208.61037,0.373
2019-07-23 18:00:00+00:00,24.1,95.29773,0.0,5.0911684,188.13002,0.372
2019-07-23 19:00:00+00:00,24.6,93.60821,0.0,6.2145634,169.99208,0.371
2019-07-23 20:00:00+00:00,24.45,94.45213,0.0,7.6367526,171.86998,0.37
2019-07-23 21:00:00+00:00,24.2,95.87776,0.0,7.208994,177.13765,0.369
2019-07-23 22:00:00+00:00,23.95,95.87019,0.0,7.69592,169.21574,0.368
2019-07-23 23:00:00+00:00,23.6,94.992134,0.0,8.905908,165.96373,0.367
2019-07-24 00:00:00+00:00,24.05,93.582695,0.0,9.793058,162.89719,0.364
2019-07-24 01:00:00+00:00,25.35,86.850555,0.0,9.107359,161.56496,0.364
2019-07-24 02:00:00+00:00,26.45,80.637115,0.0,9.360001,157.3801,0.363
2019-07-24 03:00:00+00:00,27.25,75.54398,0.0,11.435313,151.8215,0.361
2019-07-24 04:00:00+00:00,29.35,61.567455,0.0,12.979984,146.3099,0.359
2019-07-24 05:00:00+00:00,30.35,56.193363,0.0,11.4862,147.80429,0.357
2019-07-24 06:00:00+00:00,30.55,55.553417,0.0,10.805998,150.01845,0.355
2019-07-24 07:00:00+00:00,30.2,57.73485,0.0,10.464797,153.43501,0.353
2019-07-24 08:00:00+00:00,29.95,58.74996,0.0,9.983106,154.35904,0.351
2019-07-24 09:00:00+00:00,30.15,58.07894,0.0,8.557102,157.75093,0.349
2019-07-24 10:00:00+00:00,29.1,67.62267,0.0,6.193674,144.46223,0.348
2019-07-24 11:00:00+00:00,27.05,77.36908,0.0,6.151683,110.55613,0.348
2019-07-24 12:00:00+00:00,26.7,80.66949,0.0,7.2805495,98.530685,0.347
2019-07-24 13:00:00+00:00,26.2,82.084335,0.0,5.0911684,98.13002,0.347
2019-07-24 14:00:00+00:00,25.8,84.05062,0.0,4.896529,107.10281,0.347
2019-07-24 15:00:00+00:00,25.35,85.80482,0.0,5.815978,111.801476,0.347
2019-07-24 16:00:00+00:00,25.15,86.3073,0.0,9.983106,115.64096,0.347
2019-07-24 17:00:00+00:00,25.05,86.29778,0.0,8.913181,133.36346,0.347
2019-07-24 18:00:00+00:00,24.55,88.64357,0.0,9.085988,146.3099,0.346
2019-07-24 19:00:00+00:00,24.0,90.50809,0.0,8.891343,148.24057,0.346
2019-07-24 20:00:00+00:00,23.55,88.83432,0.0,9.693296,148.67137,0.346
2019-07-24 21:00:00+00:00,23.1,88.25504,0.0,9.885262,146.88864,0.346
2019-07-24 22:00:00+00:00,22.65,90.41591,0.0,9.387651,147.52882,0.346
2019-07-24 23:00:00+00:00,22.2,93.49564,0.0,8.699793,155.55606,0.346
2019-07-25 00:00:00+00:00,23.3,90.46044,0.0,7.9036193,149.9315,0.347
2019-07-25 01:00:00+00:00,25.35,82.98576,0.0,6.763786,154.7989,0.346
2019-07-25 02:00:00+00:00,27.2,75.99619,0.0,8.707237,150.2552,0.345
2019-07-25 03:00:00+00:00,28.65,68.778885,0.0,9.726664,141.009,0.344
2019-07-25 04:00:00+00:00,29.75,61.845165,0.0,7.8954163,136.8476,0.342
2019-07-25 05:00:00+00:00,30.55,58.53013,0.0,8.435069,129.80553,0.34
2019-07-25 06:00:00+00:00,31.05,55.504204,0.0,8.209263,127.875046,0.339
2019-07-25 07:00:00+00:00,31.25,53.707138,0.0,9.0,126.86999,0.337
2019-07-25 08:00:00+00:00,30.7,54.90941,0.0,9.793059,126.027466,0.335
2019-07-25 09:00:00+00:00,29.95,56.79377,0.0,8.707237,119.74479,0.334
2019-07-25 10:00:00+00:00,28.55,66.69487,0.0,8.049845,100.30479,0.333
2019-07-25 11:00:00+00:00,26.7,75.918144,0.0,9.531505,100.88548,0.333
2019-07-25 12:00:00+00:00,26.15,76.5307,0.0,10.446206,88.025116,0.327
2019-07-25 13:00:00+00:00,25.55,80.27465,0.0,8.759178,99.46225,0.327
2019-07-25 14:00:00+00:00,25.1,83.71855,0.0,8.707238,97.12492,0.327
2019-07-25 15:00:00+00:00,24.95,84.47049,0.0,9.531505,100.88548,0.327
2019-07-25 16:00:00+00:00,24.65,87.05055,0.0,7.92,90.0,0.327
2019-07-25 17:00:00+00:00,24.4,89.98765,0.0,9.422101,96.581856,0.327
2019-07-25 18:00:00+00:00,24.25,90.800125,0.0,9.255571,103.49575,0.327
2019-07-25 19:00:00+00:00,24.05,90.787,0.0,8.699793,114.44395,0.327
2019-07-25 20:00:00+00:00,23.7,92.43638,0.0,7.42159,129.09386,0.327
2019-07-25 21:00:00+00:00,23.25,94.40335,0.0,5.4833565,156.80138,0.327
2019-07-25 22:00:00+00:00,23.1,94.97375,0.0,5.95906,154.98314,0.328
2019-07-25 23:00:00+00:00,22.95,95.54844,0.0,5.8048253,150.2552,0.328
2019-07-26 00:00:00+00:00,23.8,93.85522,0.0,5.4477882,187.59456,0.327
2019-07-26 01:00:00+00:00,25.9,86.63929,0.0,4.829907,153.43501,0.327
2019-07-26 02:00:00+00:00,27.75,77.94096,0.0,8.714677,128.2902,0.327
2019-07-26 03:00:00+00:00,29.1,68.44868,0.0,7.2,143.13002,0.326
2019-07-26 04:00:00+00:00,30.25,62.905327,0.0,6.4096174,141.84273,0.324
2019-07-26 05:00:00+00:00,30.15,62.12256,0.0,7.127636,135.0001,0.323
2019-07-26 06:00:00+00:00,29.55,63.71864,0.0,6.989936,124.50858,0.322
2019-07-26 07:00:00+00:00,30.1,61.171318,0.0,6.12,118.072395,0.321
2019-07-26 08:00:00+00:00,30.35,59.385796,0.0,4.73506,98.74608,0.32
2019-07-26 09:00:00+00:00,30.05,60.78749,0.0,4.6938252,85.60138,0.319
2019-07-26 10:00:00+00:00,29.1,71.19456,0.0,5.4477882,82.40546,0.318
2019-07-26 11:00:00+00:00,27.6,72.45296,0.0,8.905908,104.03627,0.318
2019-07-26 12:00:00+00:00,26.75,75.23505,0.0,9.028754,94.57384,0.312
2019-07-26 13:00:00+00:00,26.0,77.2127,0.0,6.9899354,101.88863,0.312
2019-07-26 14:00:00+00:00,25.85,81.297516,0.0,7.42159,104.03627,0.312
2019-07-26 15:00:00+00:00,25.4,87.381996,0.0,5.3999996,90.0,0.312
2019-07-26 16:00:00+00:00,24.65,93.328804,0.0,5.1544156,102.09474,0.312
2019-07-26 17:00:00+00:00,24.95,92.226036,0.0,4.0249224,116.56499,0.312
2019-07-26 18:00:00+00:00,24.65,93.61052,0.0,4.6102495,128.65984,0.312
2019-07-26 19:00:00+00:00,24.6,93.60821,0.0,5.154415,114.775116,0.313
2019-07-26 20:00:00+00:00,24.3,95.88081,0.0,5.4833565,113.19862,0.313
2019-07-26 21:00:00+00:00,24.15,95.876274,0.0,4.8433046,131.98714,0.313
2019-07-26 22:00:00+00:00,23.9,96.15875,0.0,5.8603754,137.4896,0.313
2019-07-26 23:00:00+00:00,23.7,97.32269,0.0,7.145796,139.08571,0.313
2019-07-27 00:00:00+00:00,24.6,93.89077,0.0,5.95906,154.98314,0.317
2019-07-27 01:00:00+00:00,25.8,89.27842,0.0,5.3999996,143.13002,0.317
2019-07-27 02:00:00+00:00,27.6,81.02834,0.0,6.9153743,141.34016,0.317
2019-07-27 03:00:00+00:00,29.15,70.56163,0.1,7.9932966,144.16226,0.317
2019-07-27 04:00:00+00:00,30.3,63.492012,0.0,7.928177,140.52757,0.316
2019-07-27 05:00:00+00:00,31.45,57.67641,0.0,7.928177,129.47243,0.315
2019-07-27 06:00:00+00:00,31.65,56.333546,0.0,6.696387,126.25393,0.313
2019-07-27 07:00:00+00:00,31.35,57.30224,0.1,5.634891,116.56499,0.313
2019-07-27 08:00:00+00:00,30.35,62.73609,0.1,7.208994,87.13766,0.312
2019-07-27 09:00:00+00:00,29.15,70.13649,0.1,5.5887027,104.93147,0.312
2019-07-27 10:00:00+00:00,28.3,78.48988,0.0,3.396233,122.00535,0.312
2019-07-27 11:00:00+00:00,27.15,86.75459,0.0,3.8268526,138.81418,0.311
2019-07-27 12:00:00+00:00,27.0,85.452484,0.0,6.830519,108.43504,0.304
2019-07-27 13:00:00+00:00,26.6,87.22542,0.0,5.5887027,104.93147,0.304
2019-07-27 14:00:00+00:00,26.25,88.24775,0.0,5.8048253,97.12492,0.304
2019-07-27 15:00:00+00:00,25.95,88.22304,0.0,5.4119864,86.186005,0.304
2019-07-27 16:00:00+00:00,25.5,90.60901,0.0,4.1046314,74.74483,0.304
2019-07-27 17:00:00+00:00,25.2,92.517685,0.0,5.4119864,86.186005,0.304
2019-07-27 18:00:00+00:00,25.0,93.908485,0.0,5.2416787,105.945465,0.304
2019-07-27 19:00:00+00:00,24.25,94.15927,1.4,4.802999,192.99461,0.314
2019-07-27 20:00:00+00:00,24.35,94.448074,0.0,5.4833565,156.80138,0.314
2019-07-27 21:00:00+00:00,24.25,95.87926,0.0,7.9932966,144.16226,0.314
2019-07-27 22:00:00+00:00,24.05,96.45351,0.0,7.0911775,156.0375,0.314
2019-07-27 23:00:00+00:00,23.9,96.44956,0.0,7.628263,160.70985,0.314
2019-07-28 00:00:00+00:00,24.7,94.17836,0.0,7.5685663,154.65387,0.309
2019-07-28 01:00:00+00:00,25.9,89.285995,0.0,8.534353,152.35411,0.309
2019-07-28 02:00:00+00:00,27.15,82.94331,0.0,12.181624,145.84026,0.308
2019-07-28 03:00:00+00:00,28.8,73.764366,0.1,9.387651,147.52882,0.308
2019-07-28 04:00:00+00:00,29.95,65.77027,0.0,9.885262,146.88864,0.307
2019-07-28 05:00:00+00:00,30.95,59.523586,0.0,8.287822,145.6196,0.306
2019-07-28 06:00:00+00:00,31.65,57.373203,0.0,7.127636,135.0001,0.305
2019-07-28 07:00:00+00:00,32.1,56.441257,0.0,6.1094027,135.0001,0.303
2019-07-28 08:00:00+00:00,31.55,57.524517,0.0,8.161764,131.42357,0.302
2019-07-28 09:00:00+00:00,28.55,74.16866,0.3,6.4799995,90.0,0.303
2019-07-28 10:00:00+00:00,27.9,86.823074,0.1,0.5091169,224.9999,0.303
2019-07-28 11:00:00+00:00,26.75,95.10565,0.2,2.7416782,293.1986,0.305
2019-07-28 12:00:00+00:00,26.4,97.66406,0.1,3.671294,11.3098955,0.295
2019-07-28 13:00:00+00:00,26.35,96.51279,0.0,1.8,306.86996,0.295
2019-07-28 14:00:00+00:00,26.8,95.38934,0.0,0.5091169,315.0001,0.295
2019-07-28 15:00:00+00:00,27.0,92.61358,0.0,2.8116899,50.194473,0.295
2019-07-28 16:00:00+00:00,25.6,92.539154,0.0,6.763786,115.20109,0.295
2019-07-28 17:00:00+00:00,26.0,86.12787,0.0,6.6185193,112.38018,0.295
2019-07-28 18:00:00+00:00,25.45,87.650795,0.0,9.511088,119.4758,0.295
2019-07-28 19:00:00+00:00,25.2,90.0444,0.0,8.404285,136.73567,0.295
2019-07-28 20:00:00+00:00,24.7,93.33119,0.0,6.792466,147.99466,0.295
2019-07-28 21:00:00+00:00,24.4,94.73537,0.0,7.172949,162.47433,0.296
2019-07-28 22:00:00+00:00,24.05,95.29606,0.0,8.311245,162.3498,0.296
2019-07-28 23:00:00+00:00,23.75,94.997604,0.0,8.089993,159.14546,0.296
2019-07-29 00:00:00+00:00,24.8,91.11105,0.0,7.754637,158.19853,0.295
2019-07-29 01:00:00+00:00,26.55,84.13225,0.0,8.225035,156.80139,0.295
2019-07-29 02:00:00+00:00,28.2,76.61123,0.0,8.373386,154.5367,0.295
2019-07-29 03:00:00+00:00,29.7,65.51984,0.0,8.39657,149.03632,0.294
2019-07-29 04:00:00+00:00,31.0,59.173523,0.0,6.792466,147.99466,0.293
2019-07-29 05:00:00+00:00,32.05,55.916363,0.0,7.5942082,148.57048,0.291
2019-07-29 06:00:00+00:00,32.45,54.500053,0.0,7.289445,147.09476,0.29
2019-07-29 07:00:00+00:00,32.3,54.796436,0.0,8.287822,145.6196,0.289
2019-07-29 08:00:00+00:00,31.8,56.71401,0.0,7.8954163,133.1524,0.288
2019-07-29 09:00:00+00:00,31.1,58.479523,0.0,7.9932966,125.837746,0.287
2019-07-29 10:00:00+00:00,29.75,66.53127,0.0,7.754637,111.801476,0.286
2019-07-29 11:00:00+00:00,28.0,71.64672,0.0,7.771331,103.39252,0.286
2019-07-29 12:00:00+00:00,27.45,71.33041,0.0,9.72,90.0,0.283
2019-07-29 13:00:00+00:00,26.6,74.981735,0.0,8.28,90.0,0.283
2019-07-29 14:00:00+00:00,26.0,78.639854,0.0,8.669949,94.76356,0.283
2019-07-29 15:00:00+00:00,25.75,81.532524,0.0,8.707238,97.12492,0.283
2019-07-29 16:00:00+00:00,25.35,85.545135,0.0,6.849467,93.012726,0.283
2019-07-29 17:00:00+00:00,25.2,88.69551,0.0,7.9932976,97.76508,0.283
2019-07-29 18:00:00+00:00,25.05,91.67783,0.0,8.759178,99.46225,0.283
2019-07-29 19:00:00+00:00,25.0,93.62668,0.0,8.699793,114.44395,0.284
2019-07-29 20:00:00+00:00,24.7,95.89287,0.0,8.14587,135.0001,0.284
2019-07-29 21:00:00+00:00,24.45,97.04553,0.0,8.287822,145.6196,0.284
2019-07-29 22:00:00+00:00,24.25,97.626724,0.0,8.39657,149.03632,0.284
2019-07-29 23:00:00+00:00,24.05,97.91761,0.0,8.373386,154.5367,0.284
2019-07-30 00:00:00+00:00,25.05,93.62903,0.0,7.289444,159.77505,0.285
2019-07-30 01:00:00+00:00,26.8,84.92119,0.0,10.495713,149.03632,0.285
2019-07-30 02:00:00+00:00,28.3,77.0886,0.0,10.296251,143.53067,0.285
2019-07-30 03:00:00+00:00,29.55,68.3285,0.1,10.739832,140.44037,0.285
2019-07-30 04:00:00+00:00,30.4,63.513405,0.0,10.296251,143.53067,0.284
2019-07-30 05:00:00+00:00,31.05,60.09233,0.0,8.4963045,143.61555,0.283
2019-07-30 06:00:00+00:00,31.1,58.83708,0.0,7.8954163,136.8476,0.282
2019-07-30 07:00:00+00:00,31.0,57.92328,0.0,7.6367526,135.0001,0.281
2019-07-30 08:00:00+00:00,31.05,57.406414,0.0,6.989936,124.50858,0.28
2019-07-30 09:00:00+00:00,30.9,57.89978,0.0,6.28713,113.62939,0.28
2019-07-30 10:00:00+00:00,29.6,67.51624,0.0,5.1544156,102.09474,0.279
2019-07-30 11:00:00+00:00,28.05,74.535675,0.0,4.32,90.0,0.279
2019-07-30 12:00:00+00:00,26.6,86.18534,0.0,4.0249224,79.69521,0.269
2019-07-30 13:00:00+00:00,26.65,85.67431,0.0,5.8603754,79.380394,0.269
2019-07-30 14:00:00+00:00,25.95,88.22304,0.0,4.68,90.0,0.269
2019-07-30 15:00:00+00:00,25.95,84.32162,0.0,7.2,126.86999,0.269
2019-07-30 16:00:00+00:00,25.3,83.74089,0.0,9.931042,136.46873,0.27
2019-07-30 17:00:00+00:00,24.9,82.933464,0.0,9.931042,133.53127,0.27
2019-07-30 18:00:00+00:00,24.65,86.259575,0.0,9.726664,141.009,0.27
2019-07-30 19:00:00+00:00,24.15,89.15263,0.0,8.942214,139.89915,0.27
2019-07-30 20:00:00+00:00,23.8,89.67103,0.0,8.669949,138.36655,0.27
2019-07-30 21:00:00+00:00,23.25,91.01178,0.0,8.587338,146.97614,0.27
2019-07-30 22:00:00+00:00,23.0,91.83479,0.0,8.427383,160.0168,0.27
2019-07-30 23:00:00+00:00,22.7,92.948875,0.0,8.209263,164.74483,0.27
2019-07-31 00:00:00+00:00,23.65,89.93401,0.0,8.825508,168.23174,0.27
2019-07-31 01:00:00+00:00,25.75,81.2849,0.0,8.766573,160.82089,0.27
2019-07-31 02:00:00+00:00,27.7,71.811615,0.0,11.119281,150.9455,0.27
2019-07-31 03:00:00+00:00,29.4,61.578583,0.0,12.287555,148.17259,0.269
2019-07-31 04:00:00+00:00,30.7,53.73615,0.0,12.287555,148.17259,0.268
2019-07-31 05:00:00+00:00,31.75,49.226765,0.0,12.4811535,146.76828,0.267
2019-07-31 06:00:00+00:00,32.0,47.343445,0.0,11.384198,145.30478,0.266
2019-07-31 07:00:00+00:00,32.1,46.205032,0.0,10.630672,151.69934,0.264
2019-07-31 08:00:00+00:00,31.85,47.303905,0.0,7.968939,161.56496,0.264
2019-07-31 09:00:00+00:00,30.65,56.961105,0.0,6.28713,103.24053,0.263
2019-07-31 10:00:00+00:00,28.95,68.8363,0.0,10.08,90.0,0.263
2019-07-31 11:00:00+00:00,27.55,73.33151,0.0,7.342588,101.3099,0.263
2019-07-31 12:00:00+00:00,26.9,74.574196,0.0,8.654986,106.9276,0.26
2019-07-31 13:00:00+00:00,26.3,77.72993,0.0,8.766573,109.17911,0.26
2019-07-31 14:00:00+00:00,25.9,78.38611,0.0,9.387651,122.471176,0.26
2019-07-31 15:00:00+00:00,25.85,77.19023,0.0,9.693296,121.328636,0.261
2019-07-31 16:00:00+00:00,25.65,80.04341,0.0,9.585739,124.286934,0.261
2019-07-31 17:00:00+00:00,25.45,82.745285,0.0,10.703569,137.72638,0.261
2019-07-31 18:00:00+00:00,24.9,85.50003,0.0,9.931042,136.46873,0.261
2019-07-31 19:00:00+00:00,24.3,87.28444,0.0,9.290511,144.46223,0.261
2019-07-31 20:00:00+00:00,23.65,88.571075,0.0,8.534353,152.35411,0.261
2019-07-31 21:00:00+00:00,23.15,90.17376,0.0,9.085988,146.3099,0.261
2019-07-31 22:00:00+00:00,23.0,91.83479,0.0,9.220499,141.34016,0.261
2019-07-31 23:00:00+00:00,22.85,93.81249,0.0,8.587338,146.97614,0.262
2019-08-01 00:00:00+00:00,24.05,90.23673,0.0,8.049845,153.43501,0.267
2019-08-01 01:00:00+00:00,26.15,82.32727,0.0,8.534353,152.35411,0.267
2019-08-01 02:00:00+00:00,28.1,71.88249,0.0,10.086427,145.17545,0.267
2019-08-01 03:00:00+00:00,29.85,61.115368,0.0,10.086427,145.17545,0.266
2019-08-01 04:00:00+00:00,31.25,51.595474,0.0,10.233123,140.71062,0.265
2019-08-01 05:00:00+00:00,32.35,45.414795,0.0,9.686609,138.01286,0.264
2019-08-01 06:00:00+00:00,32.7,43.292694,0.0,9.422101,133.45189,0.262
2019-08-01 07:00:00+00:00,32.75,42.633602,0.0,8.942214,130.10085,0.261
2019-08-01 08:00:00+00:00,32.8,41.98381,0.0,8.161764,131.42357,0.26
2019-08-01 09:00:00+00:00,32.1,44.22704,0.0,10.383987,123.690094,0.259
2019-08-01 10:00:00+00:00,29.5,63.1271,0.0,13.358861,104.03627,0.259
2019-08-01 11:00:00+00:00,27.85,70.53744,0.0,9.693296,111.801476,0.259
2019-08-01 12:00:00+00:00,27.35,71.968796,0.0,10.8955765,97.59455,0.254
2019-08-01 13:00:00+00:00,26.5,75.88683,0.0,9.227524,110.55612,0.254
2019-08-01 14:00:00+00:00,25.95,78.632774,0.0,9.346143,105.64231,0.254
2019-08-01 15:00:00+00:00,25.7,80.29445,0.0,9.178235,115.55992,0.254
2019-08-01 16:00:00+00:00,25.55,81.01242,0.0,9.983106,115.64096,0.254
2019-08-01 17:00:00+00:00,25.4,83.24439,0.0,10.144082,117.47435,0.254
2019-08-01 18:00:00+00:00,25.1,86.564705,0.0,9.693296,121.328636,0.254
2019-08-01 19:00:00+00:00,24.75,88.659584,0.0,9.422101,133.45189,0.255
2019-08-01 20:00:00+00:00,24.3,89.43556,0.0,8.942214,139.89915,0.255
2019-08-01 21:00:00+00:00,23.9,91.33087,0.0,9.1641035,135.0001,0.255
2019-08-01 22:00:00+00:00,23.6,93.84622,0.0,8.669949,138.36655,0.255
2019-08-01 23:00:00+00:00,23.3,95.27012,0.0,8.4042845,170.13426,0.255
2019-08-02 00:00:00+00:00,24.2,90.24714,0.0,7.342588,191.30989,0.255
2019-08-02 01:00:00+00:00,26.15,81.33527,0.0,7.6367526,171.86998,0.254
2019-08-02 02:00:00+00:00,27.95,73.62209,0.0,9.565437,160.20103,0.254
2019-08-02 03:00:00+00:00,29.55,62.75335,0.1,11.298495,157.52052,0.254
2019-08-02 04:00:00+00:00,30.75,56.462856,0.0,11.269782,153.43501,0.253
2019-08-02 05:00:00+00:00,31.6,53.136936,0.0,10.948973,152.59251,0.252
2019-08-02 06:00:00+00:00,32.45,48.501385,0.0,10.636766,156.0375,0.251
2019-08-02 07:00:00+00:00,32.8,46.390694,0.0,9.511088,150.5242,0.25
2019-08-02 08:00:00+00:00,32.35,46.415565,0.0,9.290511,144.46223,0.249
2019-08-02 09:00:00+00:00,31.75,48.77078,0.0,8.707237,150.2552,0.248
2019-08-02 10:00:00+00:00,30.5,56.05677,0.0,6.696387,143.74608,0.248
2019-08-02 11:00:00+00:00,28.5,62.716667,0.0,9.826088,118.442825,0.248
2019-08-02 12:00:00+00:00,27.35,68.95024,0.0,11.503113,110.13639,0.246
2019-08-02 13:00:00+00:00,26.75,75.00596,0.0,10.028439,111.03758,0.246
2019-08-02 14:00:00+00:00,26.2,81.34156,0.0,9.904906,109.09359,0.246
2019-08-02 15:00:00+00:00,25.85,84.056076,0.0,9.028754,113.49858,0.246
2019-08-02 16:00:00+00:00,25.4,85.29123,0.0,8.534353,117.64589,0.246
2019-08-02 17:00:00+00:00,25.05,86.56005,0.0,8.891343,121.75944,0.246
2019-08-02 18:00:00+00:00,25.1,86.041016,0.0,9.693296,121.328636,0.246
2019-08-02 19:00:00+00:00,24.9,86.546005,0.0,9.726664,128.991,0.246
2019-08-02 20:00:00+00:00,24.7,87.58573,0.0,10.195057,132.13753,0.247
2019-08-02 21:00:00+00:00,24.65,87.84787,0.0,9.931042,133.53127,0.247
2019-08-02 22:00:00+00:00,24.4,89.44304,0.0,9.1641035,135.0001,0.247
2019-08-02 23:00:00+00:00,24.2,90.79686,0.0,8.942214,139.89915,0.247
2019-08-03 00:00:00+00:00,25.3,87.903175,0.0,8.39657,149.03632,0.247
2019-08-03 01:00:00+00:00,27.05,80.95845,0.0,7.24486,153.43501,0.247
2019-08-03 02:00:00+00:00,28.8,72.661,0.0,9.085988,146.3099,0.247
2019-08-03 03:00:00+00:00,30.3,61.590317,0.1,9.957108,139.39879,0.247
2019-08-03 04:00:00+00:00,31.2,56.397873,0.1,9.449572,130.36446,0.247
2019-08-03 05:00:00+00:00,32.0,53.56389,0.0,8.4963045,126.384445,0.246
2019-08-03 06:00:00+00:00,32.7,50.860027,0.0,8.209263,127.875046,0.245
2019-08-03 07:00:00+00:00,33.25,48.410976,0.0,8.78872,124.992096,0.244
2019-08-03 08:00:00+00:00,32.95,46.71872,0.0,10.24578,108.43504,0.243
2019-08-03 09:00:00+00:00,31.8,45.837845,0.0,11.542478,93.57626,0.242
2019-08-03 10:00:00+00:00,30.2,54.448635,0.0,10.08,90.0,0.242
2019-08-03 11:00:00+00:00,28.2,65.20916,0.0,9.47012,98.74608,0.242
2019-08-03 12:00:00+00:00,27.55,70.26715,0.0,9.659814,116.56499,0.237
2019-08-03 13:00:00+00:00,27.15,70.62453,0.0,9.885262,123.11135,0.237
2019-08-03 14:00:00+00:00,26.7,72.29545,0.0,9.339208,117.552734,0.237
2019-08-03 15:00:00+00:00,26.15,76.297134,0.0,8.209263,105.25517,0.237
2019-08-03 16:00:00+00:00,25.55,81.75615,0.0,8.64,90.0,0.237
2019-08-03 17:00:00+00:00,25.2,87.62917,0.0,7.928178,92.60251,0.237
2019-08-03 18:00:00+00:00,25.0,89.21769,0.0,8.557102,112.24908,0.237
2019-08-03 19:00:00+00:00,24.85,85.23518,0.0,9.1641035,135.0001,0.238
2019-08-03 20:00:00+00:00,24.5,81.62587,0.0,9.085988,146.3099,0.238
2019-08-03 21:00:00+00:00,24.05,83.60082,0.0,8.557102,157.75093,0.238
2019-08-03 22:00:00+00:00,23.7,87.230774,0.0,8.557102,157.75093,0.238
2019-08-03 23:00:00+00:00,23.65,90.20882,0.0,9.028754,156.50142,0.238
2019-08-04 00:00:00+00:00,24.75,88.391136,0.0,8.891344,158.62932,0.245
2019-08-04 01:00:00+00:00,26.7,81.158646,0.0,9.021574,151.38963,0.245
2019-08-04 02:00:00+00:00,28.35,71.70898,0.0,11.090103,144.24602,0.244
2019-08-04 03:00:00+00:00,29.9,60.568024,0.1,12.88981,144.09018,0.244
2019-08-04 04:00:00+00:00,30.7,56.105072,0.1,11.681987,146.3099,0.244
2019-08-04 05:00:00+00:00,31.15,54.180397,0.3,11.384198,145.30478,0.245
2019-08-04 06:00:00+00:00,30.7,56.973034,0.4,11.681987,146.3099,0.247
2019-08-04 07:00:00+00:00,30.6,59.443283,0.2,8.404285,136.73567,0.248
2019-08-04 08:00:00+00:00,30.8,58.053585,0.0,6.638072,139.39879,0.248
2019-08-04 09:00:00+00:00,31.55,54.780567,0.0,5.634891,153.43501,0.247
2019-08-04 10:00:00+00:00,30.3,62.155518,0.0,5.0142193,111.03758,0.247
2019-08-04 11:00:00+00:00,28.45,68.95013,0.0,7.92,90.0,0.246
2019-08-04 12:00:00+00:00,27.15,74.8424,0.0,5.4119864,93.814,0.238
2019-08-04 13:00:00+00:00,27.15,74.38828,0.0,6.9899354,101.88863,0.238
2019-08-04 14:00:00+00:00,26.95,75.49649,0.0,9.028754,113.49858,0.238
2019-08-04 15:00:00+00:00,26.85,80.445496,0.0,9.983106,115.64096,0.238
2019-08-04 16:00:00+00:00,26.55,80.406265,0.0,9.0,126.86999,0.238
2019-08-04 17:00:00+00:00,25.95,80.81746,0.0,8.287822,124.3804,0.238
2019-08-04 18:00:00+00:00,25.5,82.499855,0.0,7.9932966,125.837746,0.238
2019-08-04 19:00:00+00:00,25.1,85.00193,0.0,7.7043357,142.59457,0.238
2019-08-04 20:00:00+00:00,24.9,86.02163,0.0,7.8954163,155.77226,0.238
2019-08-04 21:00:00+00:00,24.6,87.57701,0.0,7.968939,161.56496,0.239
2019-08-04 22:00:00+00:00,24.45,88.635544,0.0,7.8954163,155.77226,0.239
2019-08-04 23:00:00+00:00,24.1,90.79027,0.0,7.42159,165.96373,0.239
2019-08-05 00:00:00+00:00,24.95,88.67556,0.0,8.654986,163.0724,0.241
2019-08-05 01:00:00+00:00,26.6,82.62995,0.0,9.83268,156.2505,0.241
2019-08-05 02:00:00+00:00,28.4,71.50081,0.0,11.119281,150.9455,0.241
2019-08-05 03:00:00+00:00,29.85,60.928654,0.0,10.990322,148.39255,0.24
2019-08-05 04:00:00+00:00,30.9,55.981224,0.1,9.504273,155.37645,0.24
2019-08-05 05:00:00+00:00,31.5,54.43348,0.1,8.209263,164.74483,0.24
2019-08-05 06:00:00+00:00,31.75,54.162094,0.2,6.28713,166.75948,0.24
2019-08-05 07:00:00+00:00,32.0,53.0737,0.2,5.3517847,160.34608,0.241
2019-08-05 08:00:00+00:00,31.35,55.406998,0.2,6.618519,135.0001,0.241
2019-08-05 09:00:00+00:00,30.6,58.900913,0.1,8.587338,123.02387,0.241
2019-08-05 10:00:00+00:00,29.75,64.346214,0.0,7.289445,122.90524,0.241
2019-08-05 11:00:00+00:00,28.1,72.5399,0.0,6.1305785,130.23628,0.241
2019-08-05 12:00:00+00:00,27.6,76.058365,0.0,8.654986,106.9276,0.24
2019-08-05 13:00:00+00:00,27.05,79.26565,0.0,9.565437,109.798965,0.24
2019-08-05 14:00:00+00:00,26.55,81.38546,0.0,8.654986,106.9276,0.24
2019-08-05 15:00:00+00:00,26.4,81.61331,0.0,9.028754,113.49858,0.24
2019-08-05 16:00:00+00:00,26.25,80.123276,0.0,9.0,126.86999,0.24
2019-08-05 17:00:00+00:00,26.1,81.08255,0.0,9.290511,125.537766,0.24
2019-08-05 18:00:00+00:00,25.6,84.539795,0.0,9.220499,128.65984,0.241
2019-08-05 19:00:00+00:00,25.45,84.267746,0.0,10.233123,140.71062,0.241
2019-08-05 20:00:00+00:00,24.95,84.9864,0.0,10.30883,155.22488,0.241
2019-08-05 21:00:00+00:00,24.5,84.16461,0.0,9.227524,159.44388,0.241
2019-08-05 22:00:00+00:00,24.15,83.8689,0.0,8.891344,158.62932,0.241
2019-08-05 23:00:00+00:00,23.85,84.87168,0.0,9.0,163.73972,0.241
2019-08-06 00:00:00+00:00,24.6,83.40723,0.0,9.9571085,167.4712,0.241
2019-08-06 01:00:00+00:00,25.85,78.378944,0.0,11.841756,160.46326,0.24
2019-08-06 02:00:00+00:00,27.4,70.45459,0.0,12.72283,154.8852,0.24
2019-08-06 03:00:00+00:00,29.0,62.825806,0.0,11.435313,151.8215,0.239
2019-08-06 04:00:00+00:00,30.6,55.73689,0.0,10.787993,154.2901,0.238
2019-08-06 05:00:00+00:00,32.0,50.059456,0.0,8.427383,160.0168,0.238
2019-08-06 06:00:00+00:00,31.05,53.823097,0.0,7.2,143.13002,0.237
2019-08-06 07:00:00+00:00,31.5,52.78603,0.0,6.763786,154.7989,0.236
2019-08-06 08:00:00+00:00,31.7,52.02937,0.0,7.628263,160.70985,0.236
2019-08-06 09:00:00+00:00,31.9,50.8122,0.0,6.638072,192.5288,0.235
2019-08-06 10:00:00+00:00,30.9,61.349678,0.0,3.0758414,159.44388,0.234
2019-08-06 11:00:00+00:00,28.95,63.007927,0.0,10.739833,103.57046,0.234
2019-08-06 12:00:00+00:00,27.95,65.96327,0.0,9.0645685,96.84268,0.234
2019-08-06 13:00:00+00:00,27.35,70.44536,0.0,9.028754,94.57384,0.234
2019-08-06 14:00:00+00:00,26.9,74.574196,0.0,8.049845,100.30479,0.234
2019-08-06 15:00:00+00:00,26.45,79.6651,0.0,7.754637,111.801476,0.234
2019-08-06 16:00:00+00:00,26.2,83.08396,0.0,9.021574,118.61037,0.234
2019-08-06 17:00:00+00:00,25.8,84.05062,0.0,8.217153,118.8107,0.234
2019-08-06 18:00:00+00:00,25.15,85.785164,0.0,7.4128532,119.05451,0.234
2019-08-06 19:00:00+00:00,24.7,87.05506,0.0,7.8954163,136.8476,0.234
2019-08-06 20:00:00+00:00,24.35,87.288895,0.0,7.5685663,154.65387,0.235
2019-08-06 21:00:00+00:00,24.1,86.20675,0.0,7.5170207,163.30067,0.235
2019-08-06 22:00:00+00:00,24.0,83.33878,0.0,8.209263,164.74483,0.235
2019-08-06 23:00:00+00:00,23.55,83.80207,0.0,9.107359,161.56496,0.235
2019-08-07 00:00:00+00:00,24.2,82.59759,0.0,8.654986,163.0724,0.237
2019-08-07 01:00:00+00:00,25.85,76.95441,0.0,9.659814,153.43501,0.236
2019-08-07 02:00:00+00:00,27.5,69.615875,0.0,11.298495,149.34941,0.236
2019-08-07 03:00:00+00:00,28.9,62.419464,0.0,10.883676,145.78424,0.235
2019-08-07 04:00:00+00:00,30.75,54.248604,0.0,10.464797,139.18501,0.235
2019-08-07 05:00:00+00:00,31.3,52.249958,0.0,7.386582,136.97493,0.234
2019-08-07 06:00:00+00:00,31.25,53.377407,0.0,5.692099,145.30478,0.233
2019-08-07 07:00:00+00:00,31.25,53.87267,0.0,8.373386,154.5367,0.232
2019-08-07 08:00:00+00:00,31.05,54.32267,0.0,9.387651,147.52882,0.232
2019-08-07 09:00:00+00:00,30.25,57.040844,0.0,9.931042,136.46873,0.231
2019-08-07 10:00:00+00:00,29.85,61.490314,0.0,4.8965297,143.97253,0.231
2019-08-07 11:00:00+00:00,28.65,65.30278,0.0,7.968939,108.43504,0.231
2019-08-07 12:00:00+00:00,27.7,68.59597,0.0,9.726665,87.87895,0.23
2019-08-07 13:00:00+00:00,26.55,74.06246,0.0,8.049845,100.30479,0.23
2019-08-07 14:00:00+00:00,25.95,78.393234,0.0,8.891344,111.3707,0.23
2019-08-07 15:00:00+00:00,25.55,81.01242,0.0,7.8625183,105.945465,0.23
2019-08-07 16:00:00+00:00,25.3,82.476074,0.0,8.891343,121.75944,0.23
2019-08-07 17:00:00+00:00,25.1,84.48652,0.0,6.638072,130.60121,0.23
2019-08-07 18:00:00+00:00,25.0,85.51006,0.0,8.209263,142.12495,0.23
2019-08-07 19:00:00+00:00,24.7,84.96045,0.0,7.7879906,146.3099,0.23
2019-08-07 20:00:00+00:00,24.4,83.38446,0.0,8.049845,153.43501,0.23
2019-08-07 21:00:00+00:00,24.1,82.58572,0.0,7.754637,158.19853,0.23
2019-08-07 22:00:00+00:00,24.0,80.81274,0.0,8.766573,160.82089,0.23
2019-08-07 23:00:00+00:00,23.7,81.2744,0.0,8.557102,165.37909,0.231
2019-08-08 00:00:00+00:00,24.25,81.34416,0.0,8.4042845,170.13426,0.231
2019-08-08 01:00:00+00:00,25.6,76.681046,0.0,9.565437,160.20103,0.231
2019-08-08 02:00:00+00:00,27.6,69.209785,0.0,12.783802,147.65259,0.231
2019-08-08 03:00:00+00:00,29.0,60.550186,0.0,13.104198,142.81522,0.23
2019-08-08 04:00:00+00:00,30.15,55.284904,0.0,11.681987,146.3099,0.23
2019-08-08 05:00:00+00:00,31.45,50.540257,0.0,10.587918,144.6887,0.229
2019-08-08 06:00:00+00:00,31.85,49.405525,0.0,8.049845,153.43501,0.228
2019-08-08 07:00:00+00:00,32.3,48.31252,0.0,7.42159,157.1663,0.227
2019-08-08 08:00:00+00:00,32.15,49.33053,0.0,6.638072,167.4712,0.227
2019-08-08 09:00:00+00:00,32.3,48.913982,0.0,3.8268526,138.81418,0.226
2019-08-08 10:00:00+00:00,30.35,57.947826,0.0,9.107359,108.43504,0.226
2019-08-08 11:00:00+00:00,28.6,67.11339,0.0,8.350138,97.43131,0.226
2019-08-08 12:00:00+00:00,27.75,69.87612,0.0,8.350138,82.56869,0.223
2019-08-08 13:00:00+00:00,26.85,76.87099,0.0,5.6920996,71.564964,0.223
2019-08-08 14:00:00+00:00,26.25,81.10162,0.5,5.4119864,93.814,0.227
2019-08-08 15:00:00+00:00,25.9,84.57165,0.3,8.766573,109.17911,0.229
2019-08-08 16:00:00+00:00,26.05,85.09988,0.0,10.966713,113.19862,0.229
2019-08-08 17:00:00+00:00,25.65,88.19825,0.0,8.766573,109.17911,0.23
2019-08-08 18:00:00+00:00,25.15,90.585625,0.0,7.653705,131.18582,0.23
2019-08-08 19:00:00+00:00,24.8,90.836235,0.0,7.4128532,150.9455,0.23
2019-08-08 20:00:00+00:00,24.45,90.81329,0.0,7.754637,158.19853,0.23
2019-08-08 21:00:00+00:00,24.35,88.62752,0.0,8.699793,155.55606,0.23
2019-08-08 22:00:00+00:00,24.0,87.792175,0.0,8.225035,156.80139,0.23
2019-08-08 23:00:00+00:00,23.65,88.84222,0.0,7.342588,168.69011,0.23
2019-08-09 00:00:00+00:00,24.2,87.54208,0.0,7.6367526,171.86998,0.229
2019-08-09 01:00:00+00:00,26.1,79.86019,0.0,8.699793,155.55606,0.229
2019-08-09 02:00:00+00:00,28.15,69.52589,0.0,10.233123,140.71062,0.228
2019-08-09 03:00:00+00:00,30.0,60.40549,0.0,9.693296,148.67137,0.228
2019-08-09 04:00:00+00:00,31.8,53.678642,0.0,9.255571,166.50426,0.227
2019-08-09 05:00:00+00:00,32.35,52.51409,0.0,7.6367526,171.86998,0.227
2019-08-09 06:00:00+00:00,32.3,52.9861,0.2,7.072878,165.2564,0.227
2019-08-09 07:00:00+00:00,32.2,55.10702,0.4,6.489992,183.17976,0.23
2019-08-09 08:00:00+00:00,31.55,57.00105,0.4,5.4119864,183.814,0.232
2019-08-09 09:00:00+00:00,31.55,56.827488,0.0,5.3517847,160.34608,0.231
2019-08-09 10:00:00+00:00,30.5,64.89522,0.1,5.1919937,146.3099,0.231
2019-08-09 11:00:00+00:00,29.35,64.26173,0.0,10.315115,119.24873,0.231
2019-08-09 12:00:00+00:00,27.75,70.51904,0.0,8.78872,124.992096,0.231
2019-08-09 13:00:00+00:00,26.85,77.810295,0.0,8.557102,104.62092,0.231
2019-08-09 14:00:00+00:00,26.5,79.43055,0.0,8.766573,109.17911,0.231
2019-08-09 15:00:00+00:00,26.25,81.84221,0.0,9.0,106.26028,0.231
2019-08-09 16:00:00+00:00,26.6,81.39168,0.0,10.495713,120.96369,0.231
2019-08-09 17:00:00+00:00,26.35,79.89375,0.0,10.383987,123.690094,0.231
2019-08-09 18:00:00+00:00,25.8,81.78696,0.0,10.691453,135.0001,0.231
2019-08-09 19:00:00+00:00,25.45,82.745285,0.0,10.383987,146.3099,0.231
2019-08-09 20:00:00+00:00,25.0,83.198524,0.0,10.685391,147.38077,0.231
2019-08-09 21:00:00+00:00,24.65,83.66825,0.0,11.435313,151.8215,0.231
2019-08-09 22:00:00+00:00,24.4,84.92922,0.0,10.630672,151.69934,0.231
2019-08-09 23:00:00+00:00,24.15,86.739914,0.0,9.360001,157.3801,0.231
2019-08-10 00:00:00+00:00,24.75,86.2691,0.0,9.83268,156.2505,0.232
2019-08-10 01:00:00+00:00,26.15,81.08891,0.0,11.808878,142.43134,0.231
2019-08-10 02:00:00+00:00,27.95,72.73434,0.0,13.246826,137.20262,0.231
2019-08-10 03:00:00+00:00,29.7,64.72831,0.0,11.212135,137.60262,0.23
2019-08-10 04:00:00+00:00,31.1,59.19656,0.0,9.504272,142.69597,0.23
2019-08-10 05:00:00+00:00,32.3,54.463326,0.0,8.0899935,147.72438,0.229
2019-08-10 06:00:00+00:00,33.35,50.0983,0.0,6.6087217,150.64235,0.228
2019-08-10 07:00:00+00:00,33.5,49.678898,0.0,5.506941,168.69011,0.227
2019-08-10 08:00:00+00:00,32.8,50.885498,0.1,4.6102495,141.34016,0.227
2019-08-10 09:00:00+00:00,31.8,56.36948,0.1,8.669949,94.76356,0.227
2019-08-10 10:00:00+00:00,29.4,69.340164,0.1,13.493999,80.78905,0.227
2019-08-10 11:00:00+00:00,28.35,72.58323,0.0,7.5170207,106.699326,0.227
2019-08-10 12:00:00+00:00,27.45,76.265724,0.0,9.422101,83.41815,0.228
2019-08-10 13:00:00+00:00,26.85,76.6377,0.0,7.5170207,106.699326,0.228
2019-08-10 14:00:00+00:00,26.3,80.86251,0.0,7.9932976,97.76508,0.228
2019-08-10 15:00:00+00:00,26.0,84.838135,0.0,7.5942073,95.44024,0.228
2019-08-10 16:00:00+00:00,25.6,90.343765,0.0,7.5170207,106.699326,0.228
2019-08-10 17:00:00+00:00,25.65,91.43877,0.0,8.287822,124.3804,0.228
2019-08-10 18:00:00+00:00,25.75,87.67667,0.0,8.913181,136.63654,0.228
2019-08-10 19:00:00+00:00,25.3,88.70345,0.0,8.209263,142.12495,0.229
2019-08-10 20:00:00+00:00,24.75,91.383514,0.0,7.7879906,146.3099,0.229
2019-08-10 21:00:00+00:00,24.4,93.035255,0.0,7.5170207,163.30067,0.229
2019-08-10 22:00:00+00:00,24.25,92.466354,0.0,7.2805495,171.46931,0.229
2019-08-10 23:00:00+00:00,24.05,92.17556,0.0,7.968939,161.56496,0.229
2019-08-11 00:00:00+00:00,24.85,88.936554,0.0,7.208994,177.13765,0.23
2019-08-11 01:00:00+00:00,26.7,80.66949,0.0,11.592895,154.23073,0.23
2019-08-11 02:00:00+00:00,28.35,71.92665,0.0,13.779114,146.7251,0.229
2019-08-11 03:00:00+00:00,30.1,63.44914,0.0,11.681987,146.3099,0.229
2019-08-11 04:00:00+00:00,31.6,56.839382,0.1,9.387651,147.52882,0.228
2019-08-11 05:00:00+00:00,32.15,54.26056,0.3,7.754637,158.19853,0.229
2019-08-11 06:00:00+00:00,32.3,53.148476,0.2,7.8954163,155.77226,0.23
2019-08-11 07:00:00+00:00,32.45,52.539154,0.1,6.792466,147.99466,0.23
2019-08-11 08:00:00+00:00,32.95,50.612694,0.0,7.145796,139.08571,0.229
2019-08-11 09:00:00+00:00,33.0,50.316162,0.0,6.989936,145.49142,0.229
2019-08-11 10:00:00+00:00,31.45,55.771614,0.0,9.6932955,105.06854,0.228
2019-08-11 11:00:00+00:00,29.15,65.60606,0.0,12.6462,94.89901,0.228
2019-08-11 12:00:00+00:00,28.1,68.88314,0.0,10.966713,113.19862,0.227
2019-08-11 13:00:00+00:00,27.75,70.51904,0.0,9.511088,119.4758,0.227
2019-08-11 14:00:00+00:00,27.75,69.45034,0.0,8.4963045,126.384445,0.227
2019-08-11 15:00:00+00:00,27.25,71.29437,0.0,9.339208,117.552734,0.227
2019-08-11 16:00:00+00:00,26.6,78.963776,0.0,9.107359,108.43504,0.227
2019-08-11 17:00:00+00:00,26.5,82.61818,0.0,9.826088,118.442825,0.227
2019-08-11 18:00:00+00:00,26.0,83.312805,0.0,9.220499,128.65984,0.227
2019-08-11 19:00:00+00:00,25.45,84.78065,0.0,8.669949,138.36655,0.227
2019-08-11 20:00:00+00:00,25.05,86.29778,0.0,9.021574,151.38963,0.227
2019-08-11 21:00:00+00:00,24.7,87.32005,0.0,8.557102,157.75093,0.227
2019-08-11 22:00:00+00:00,24.4,87.826515,0.0,8.557102,157.75093,0.227
2019-08-11 23:00:00+00:00,24.1,88.87771,0.0,8.225035,156.80139,0.227
2019-08-12 00:00:00+00:00,24.9,87.3378,0.0,8.825508,168.23174,0.228
2019-08-12 01:00:00+00:00,26.65,80.17633,0.0,9.565437,160.20103,0.227
2019-08-12 02:00:00+00:00,28.65,70.04385,0.0,10.587918,144.6887,0.227
2019-08-12 03:00:00+00:00,30.65,60.368282,0.0,10.739832,140.44037,0.226
2019-08-12 04:00:00+00:00,32.2,54.107338,0.0,9.0,143.13002,0.225
2019-08-12 05:00:00+00:00,33.4,50.26454,0.0,7.4128532,150.9455,0.225
2019-08-12 06:00:00+00:00,33.9,48.728607,0.0,6.763786,154.7989,0.224
2019-08-12 07:00:00+00:00,34.2,47.19196,0.0,5.5887027,165.06853,0.223
2019-08-12 08:00:00+00:00,33.95,47.708225,0.0,4.73506,171.25392,0.222
2019-08-12 09:00:00+00:00,31.9,54.69868,0.1,8.905908,104.03627,0.222
2019-08-12 10:00:00+00:00,30.2,65.42435,0.0,10.1376915,96.11541,0.222
2019-08-12 11:00:00+00:00,29.2,69.51238,0.0,8.12197,102.80426,0.222
2019-08-12 12:00:00+00:00,28.5,71.086464,0.0,11.792404,102.33907,0.222
2019-08-12 13:00:00+00:00,27.9,71.19428,0.0,9.659814,116.56499,0.222
2019-08-12 14:00:00+00:00,27.35,73.96986,0.0,8.854829,116.56499,0.222
2019-08-12 15:00:00+00:00,27.15,73.26347,0.0,9.107359,108.43504,0.222
2019-08-12 16:00:00+00:00,26.85,79.47834,0.0,9.3876505,94.39862,0.222
2019-08-12 17:00:00+00:00,26.6,86.44433,0.0,9.346143,105.64231,0.222
2019-08-12 18:00:00+00:00,26.4,86.16623,0.0,9.085988,123.6901,0.222
2019-08-12 19:00:00+00:00,26.05,86.132675,0.0,9.1641035,135.0001,0.222
2019-08-12 20:00:00+00:00,25.65,86.61605,0.0,9.387651,147.52882,0.222
2019-08-12 21:00:00+00:00,25.4,86.33108,0.0,9.511088,150.5242,0.222
2019-08-12 22:00:00+00:00,25.25,85.53511,0.0,9.693296,148.67137,0.222
2019-08-12 23:00:00+00:00,24.7,88.11924,0.0,8.217153,151.1893,0.222
2019-08-13 00:00:00+00:00,25.6,85.311516,0.0,8.049845,169.6952,0.222
2019-08-13 01:00:00+00:00,27.05,80.22914,0.0,8.209263,164.74483,0.222
2019-08-13 02:00:00+00:00,28.8,70.711334,0.0,11.792404,148.73633,0.221
2019-08-13 03:00:00+00:00,30.35,64.2775,0.0,9.290511,144.46223,0.221
2019-08-13 04:00:00+00:00,31.9,58.133984,0.0,8.714677,141.7098,0.22
2019-08-13 05:00:00+00:00,33.1,54.328312,0.0,6.638072,130.60121,0.219
2019-08-13 06:00:00+00:00,33.2,54.683235,0.0,6.1305785,130.23628,0.219
2019-08-13 07:00:00+00:00,33.45,53.758705,0.0,6.638072,139.39879,0.218
2019-08-13 08:00:00+00:00,32.25,58.92397,0.2,5.8603754,132.5104,0.219
2019-08-13 09:00:00+00:00,31.0,62.8769,0.0,8.311245,107.650215,0.219
2019-08-13 10:00:00+00:00,29.75,72.172264,0.0,5.3517847,132.27362,0.219
2019-08-13 11:00:00+00:00,28.5,81.87081,0.0,1.835647,191.30989,0.219
2019-08-13 12:00:00+00:00,26.9,94.27027,0.0,2.968636,165.96373,0.219
2019-08-13 13:00:00+00:00,27.25,87.54361,0.0,5.0911684,135.0001,0.219
2019-08-13 14:00:00+00:00,27.05,83.43161,0.0,6.9247384,117.89718,0.219
2019-08-13 15:00:00+00:00,26.45,81.61946,0.0,6.849467,93.012726,0.219
2019-08-13 16:00:00+00:00,25.9,84.827705,0.0,5.8603754,79.380394,0.219
2019-08-13 17:00:00+00:00,25.5,91.15535,0.0,6.87779,83.99109,0.219
2019-08-13 18:00:00+00:00,25.6,93.374405,0.0,7.628263,109.290146,0.219
2019-08-13 19:00:00+00:00,25.5,91.15535,0.0,7.729527,117.75845,0.219
2019-08-13 20:00:00+00:00,25.25,88.165054,0.0,8.404285,133.26433,0.219
2019-08-13 21:00:00+00:00,24.9,86.546005,0.0,8.287822,145.6196,0.219
2019-08-13 22:00:00+00:00,24.75,86.79539,0.0,8.707237,150.2552,0.219
2019-08-13 23:00:00+00:00,24.5,88.370674,0.0,8.534353,152.35411,0.219
2019-08-14 00:00:00+00:00,25.2,86.83681,0.0,6.924738,171.02745,0.221
2019-08-14 01:00:00+00:00,27.0,79.73938,0.0,8.707237,150.2552,0.221
2019-08-14 02:00:00+00:00,28.95,70.95281,0.0,9.504272,142.69597,0.22
2019-08-14 03:00:00+00:00,30.7,62.43228,0.0,8.913181,136.63654,0.22
2019-08-14 04:00:00+00:00,31.6,58.595722,0.0,8.913181,133.36346,0.219
2019-08-14 05:00:00+00:00,31.85,57.94613,0.1,7.928177,129.47243,0.219
2019-08-14 06:00:00+00:00,32.3,56.146893,0.0,8.0899935,122.27562,0.219
2019-08-14 07:00:00+00:00,32.05,57.119625,0.2,7.8625183,105.945465,0.219
2019-08-14 08:00:00+00:00,32.15,56.79732,0.0,7.2359104,84.2895,0.219
2019-08-14 09:00:00+00:00,29.75,67.54577,0.3,7.24486,116.56499,0.22
2019-08-14 10:00:00+00:00,29.45,71.257355,0.1,2.52,180.0,0.221
2019-08-14 11:00:00+00:00,27.95,81.5595,0.0,4.73506,98.74608,0.221
2019-08-14 12:00:00+00:00,27.55,79.813286,0.0,5.8603754,132.5104,0.216
2019-08-14 13:00:00+00:00,27.35,75.78936,0.0,8.854829,116.56499,0.216
2019-08-14 14:00:00+00:00,26.8,75.472694,0.0,7.289445,122.90524,0.216
2019-08-14 15:00:00+00:00,26.4,77.508194,0.0,6.6185193,112.38018,0.216
2019-08-14 16:00:00+00:00,26.15,80.11002,0.0,9.021574,118.61037,0.216
2019-08-14 17:00:00+00:00,26.0,83.06092,0.0,8.404285,136.73567,0.216
2019-08-14 18:00:00+00:00,25.4,85.032974,0.0,5.991594,147.26479,0.216
2019-08-14 19:00:00+00:00,24.95,86.02647,0.0,6.9247384,152.10283,0.216
2019-08-14 20:00:00+00:00,24.5,86.50839,0.0,8.049845,153.43501,0.216
2019-08-14 21:00:00+00:00,24.2,87.00967,0.0,7.968939,161.56496,0.216
2019-08-14 22:00:00+00:00,23.95,88.32544,0.0,7.69592,169.21574,0.216
2019-08-14 23:00:00+00:00,23.85,89.67466,0.0,7.69592,169.21574,0.216
2019-08-15 00:00:00+00:00,24.85,87.33337,0.0,6.638072,167.4712,0.215
2019-08-15 01:00:00+00:00,26.65,81.39797,0.0,7.8954163,155.77226,0.215
2019-08-15 02:00:00+00:00,28.55,72.17999,0.0,8.854829,153.43501,0.215
2019-08-15 03:00:00+00:00,30.35,62.355843,0.0,8.699793,155.55606,0.214
2019-08-15 04:00:00+00:00,31.85,50.48671,0.1,10.00256,149.74365,0.214
2019-08-15 05:00:00+00:00,32.6,46.62627,0.1,9.178235,138.17992,0.214
2019-08-15 06:00:00+00:00,33.45,44.03898,0.0,7.8954163,133.1524,0.213
2019-08-15 07:00:00+00:00,33.75,43.982826,0.0,6.439876,116.56499,0.212
2019-08-15 08:00:00+00:00,33.65,44.504513,0.0,7.8625183,105.945465,0.212
2019-08-15 09:00:00+00:00,31.55,52.313007,0.0,12.849528,101.3099,0.211
2019-08-15 10:00:00+00:00,30.25,60.462097,0.0,10.661107,101.68935,0.211
2019-08-15 11:00:00+00:00,29.15,62.858475,0.0,10.829959,105.42222,0.211
2019-08-15 12:00:00+00:00,28.4,63.082226,0.0,11.4862,122.1957,0.209
2019-08-15 13:00:00+00:00,27.9,65.1466,0.0,11.681987,123.690094,0.209
2019-08-15 14:00:00+00:00,27.45,68.96943,0.0,10.636766,113.962494,0.209
2019-08-15 15:00:00+00:00,27.0,73.01455,0.0,9.983106,115.64096,0.209
2019-08-15 16:00:00+00:00,26.7,77.78841,0.0,9.178235,115.55992,0.209
2019-08-15 17:00:00+00:00,26.4,80.87534,0.0,8.891343,121.75944,0.209
2019-08-15 18:00:00+00:00,26.0,82.30931,0.0,9.1641035,135.0001,0.209
2019-08-15 19:00:00+00:00,25.8,82.28531,0.0,9.504272,142.69597,0.209
2019-08-15 20:00:00+00:00,25.45,82.99736,0.0,9.19939,149.42085,0.209
2019-08-15 21:00:00+00:00,24.9,85.50003,0.0,9.19939,149.42085,0.209
2019-08-15 22:00:00+00:00,24.55,87.572685,0.0,8.209263,164.74483,0.209
2019-08-15 23:00:00+00:00,24.15,90.24368,0.0,7.2359104,185.7105,0.209
2019-08-16 00:00:00+00:00,25.2,86.83681,0.0,6.9899354,191.88864,0.209
2019-08-16 01:00:00+00:00,26.8,79.47154,0.0,8.707238,172.87508,0.209
2019-08-16 02:00:00+00:00,28.9,67.377975,0.0,9.339208,152.44728,0.209
2019-08-16 03:00:00+00:00,30.95,55.99327,0.0,9.726664,141.009,0.208
2019-08-16 04:00:00+00:00,32.6,48.09273,0.0,9.726664,141.009,0.208
2019-08-16 05:00:00+00:00,33.45,44.72761,0.0,7.9932966,144.16226,0.207
2019-08-16 06:00:00+00:00,34.4,41.376034,0.0,8.209263,142.12495,0.206
2019-08-16 07:00:00+00:00,35.0,39.771946,0.0,9.673221,135.0001,0.205
2019-08-16 08:00:00+00:00,34.15,41.825943,0.0,11.753877,117.34979,0.205
2019-08-16 09:00:00+00:00,31.85,52.22768,0.0,13.905509,111.25058,0.205
2019-08-16 10:00:00+00:00,31.4,54.242077,0.0,8.39657,120.96369,0.204
2019-08-16 11:00:00+00:00,29.85,60.002514,0.0,7.9036193,120.0685,0.204
2019-08-16 12:00:00+00:00,29.2,63.06216,0.0,8.891344,111.3707,0.201
2019-08-16 13:00:00+00:00,28.1,68.463745,0.0,7.9036193,120.0685,0.201
2019-08-16 14:00:00+00:00,27.4,71.977646,0.0,7.968939,108.43504,0.201
2019-08-16 15:00:00+00:00,26.75,75.695045,0.0,4.452954,75.96373,0.201
2019-08-16 16:00:00+00:00,26.6,77.06739,0.1,1.1384199,251.56496,0.201
2019-08-16 17:00:00+00:00,24.5,90.54191,0.5,4.3349743,274.76355,0.205
2019-08-16 18:00:00+00:00,24.05,96.45351,2.0,4.8965297,233.97253,0.224
2019-08-16 19:00:00+00:00,23.45,100.0,2.4,6.9153743,231.34016,0.257
2019-08-16 20:00:00+00:00,23.45,100.0,0.6,2.9024127,187.12492,0.265
2019-08-16 21:00:00+00:00,23.55,97.02584,0.1,3.96,180.0,0.265
2019-08-16 22:00:00+00:00,23.65,97.32173,0.0,3.6179552,174.2895,0.265
2019-08-16 23:00:00+00:00,23.55,97.614395,0.0,5.815978,248.19853,0.265
2019-08-17 00:00:00+00:00,24.65,96.17986,0.0,4.3349743,184.76355,0.238
2019-08-17 01:00:00+00:00,25.7,91.99171,0.1,5.815978,201.80147,0.239
2019-08-17 02:00:00+00:00,26.55,87.48282,0.1,7.42159,165.96373,0.239
2019-08-17 03:00:00+00:00,28.5,78.989555,0.0,9.178235,138.17992,0.239
2019-08-17 04:00:00+00:00,30.35,66.05111,0.0,11.988594,131.34769,0.238
2019-08-17 05:00:00+00:00,31.85,57.770424,0.0,9.885262,123.11135,0.237
2019-08-17 06:00:00+00:00,31.9,58.84329,0.0,12.229406,132.61403,0.236
2019-08-17 07:00:00+00:00,32.3,52.9861,0.0,9.686609,131.98714,0.235
2019-08-17 08:00:00+00:00,32.35,52.033512,0.0,9.686609,131.98714,0.234
2019-08-17 09:00:00+00:00,31.75,54.32826,0.0,7.928177,129.47243,0.234
2019-08-17 10:00:00+00:00,30.8,59.308083,0.0,6.6185193,112.38018,0.233
2019-08-17 11:00:00+00:00,29.15,65.8063,0.0,8.707238,97.12492,0.233
2019-08-17 12:00:00+00:00,28.5,68.75009,0.0,11.252519,97.35229,0.222
2019-08-17 13:00:00+00:00,27.55,76.97641,0.0,9.693296,111.801476,0.222
2019-08-17 14:00:00+00:00,27.2,77.62595,0.0,9.83268,113.749504,0.222
2019-08-17 15:00:00+00:00,26.8,78.51431,0.0,10.24578,108.43504,0.222
2019-08-17 16:00:00+00:00,26.4,83.10695,0.0,9.6932955,105.06854,0.222
2019-08-17 17:00:00+00:00,26.25,84.3538,0.0,9.693296,111.801476,0.222
2019-08-17 18:00:00+00:00,26.15,84.343094,0.0,10.805998,119.98155,0.222
2019-08-17 19:00:00+00:00,25.75,86.62535,0.0,9.290511,125.537766,0.222
2019-08-17 20:00:00+00:00,25.25,90.04791,0.0,8.913181,133.36346,0.222
2019-08-17 21:00:00+00:00,24.8,93.33602,0.0,8.913181,136.63654,0.222
2019-08-17 22:00:00+00:00,24.5,95.31149,0.0,8.654987,135.0001,0.222
2019-08-17 23:00:00+00:00,24.1,97.037895,0.0,8.161764,138.57643,0.222
2019-08-18 00:00:00+00:00,25.1,92.23441,0.0,7.42159,140.90616,0.222
2019-08-18 01:00:00+00:00,27.3,79.77973,0.0,12.538134,129.17365,0.222
2019-08-18 02:00:00+00:00,29.0,69.26459,0.0,10.086427,124.82456,0.221
2019-08-18 03:00:00+00:00,30.45,56.390766,0.0,11.923557,118.88649,0.22
2019-08-18 04:00:00+00:00,31.65,48.593513,0.0,13.708391,113.198616,0.22
2019-08-18 05:00:00+00:00,32.6,41.275055,0.0,14.917212,109.74693,0.219
2019-08-18 06:00:00+00:00,33.0,38.24557,0.0,15.844089,111.317986,0.218
2019-08-18 07:00:00+00:00,32.75,39.907875,0.0,16.394829,109.23077,0.217
2019-08-18 08:00:00+00:00,31.95,45.87783,0.0,15.484185,107.592514,0.216
2019-08-18 09:00:00+00:00,31.1,51.080288,0.0,14.799459,108.43504,0.216
2019-08-18 10:00:00+00:00,29.85,58.008343,0.0,12.849528,101.3099,0.215
2019-08-18 11:00:00+00:00,27.85,65.94272,0.0,9.72,90.0,0.215
2019-08-18 12:00:00+00:00,26.5,71.37776,0.0,10.853866,84.2895,0.215
2019-08-18 13:00:00+00:00,25.75,78.364624,0.0,9.6932955,74.931465,0.215
2019-08-18 14:00:00+00:00,25.35,83.238625,0.0,9.346143,74.3577,0.215
2019-08-18 15:00:00+00:00,24.9,86.80923,0.0,7.8625183,74.054535,0.215
2019-08-18 16:00:00+00:00,24.55,89.99833,0.0,7.5685663,87.27374,0.215
2019-08-18 17:00:00+00:00,24.5,89.99477,0.0,8.28,90.0,0.215
2019-08-18 18:00:00+00:00,24.5,88.10249,0.0,9.085988,123.6901,0.215
2019-08-18 19:00:00+00:00,24.15,84.64351,0.0,9.220499,141.34016,0.215
2019-08-18 20:00:00+00:00,23.7,81.02374,0.0,9.290511,144.46223,0.215
2019-08-18 21:00:00+00:00,23.3,81.98139,0.0,8.587338,146.97614,0.215
2019-08-18 22:00:00+00:00,23.05,84.52606,0.0,8.39657,149.03632,0.215
2019-08-18 23:00:00+00:00,22.75,87.41419,0.0,8.225035,156.80139,0.215
2019-08-19 00:00:00+00:00,23.85,84.61162,0.0,8.049845,169.6952,0.215
2019-08-19 01:00:00+00:00,26.0,77.448975,0.0,7.968939,161.56496,0.215
2019-08-19 02:00:00+00:00,28.25,69.33321,0.0,8.217153,151.1893,0.215
2019-08-19 03:00:00+00:00,30.3,58.83135,0.0,7.7879906,146.3099,0.214
2019-08-19 04:00:00+00:00,31.7,49.673542,0.0,7.386582,136.97493,0.213
2019-08-19 05:00:00+00:00,32.35,47.142193,0.0,6.696387,126.25393,0.213
2019-08-19 06:00:00+00:00,33.15,44.37072,0.0,5.315336,118.30067,0.212
2019-08-19 07:00:00+00:00,33.5,43.104008,0.0,5.937272,104.03627,0.211
2019-08-19 08:00:00+00:00,32.95,45.15207,0.0,9.178235,101.3099,0.21
2019-08-19 09:00:00+00:00,31.1,56.029465,0.1,12.074766,100.30479,0.211
2019-08-19 10:00:00+00:00,30.1,59.87597,0.0,10.144082,117.47435,0.21
2019-08-19 11:00:00+00:00,28.75,63.938156,0.0,8.557102,112.24908,0.21
2019-08-19 12:00:00+00:00,28.0,68.23542,0.0,9.659814,116.56499,0.204
2019-08-19 13:00:00+00:00,27.4,70.23934,0.0,8.534353,117.64589,0.204
2019-08-19 14:00:00+00:00,27.05,73.694786,0.0,10.00256,120.256355,0.204
2019-08-19 15:00:00+00:00,26.85,78.28373,0.0,10.829959,105.42222,0.204
2019-08-19 16:00:00+00:00,26.35,83.857185,0.0,9.255571,103.49575,0.204
2019-08-19 17:00:00+00:00,26.4,83.10695,0.0,9.449572,107.74477,0.204
2019-08-19 18:00:00+00:00,26.15,83.582146,0.0,8.891344,111.3707,0.204
2019-08-19 19:00:00+00:00,25.7,85.83919,0.0,8.557102,112.24908,0.204
2019-08-19 20:00:00+00:00,25.4,87.6465,0.0,8.699793,114.44395,0.204
2019-08-19 21:00:00+00:00,25.0,90.03025,0.0,8.0899935,122.27562,0.204
2019-08-19 22:00:00+00:00,24.75,91.65988,0.0,7.386582,136.97493,0.204
2019-08-19 23:00:00+00:00,24.35,93.87967,0.0,7.9036193,149.9315,0.204
2019-08-20 00:00:00+00:00,25.25,89.236725,0.0,7.69592,169.21574,0.206
2019-08-20 01:00:00+00:00,27.25,79.77301,0.0,9.387651,147.52882,0.206
2019-08-20 02:00:00+00:00,29.25,68.68534,0.0,11.019764,128.36752,0.205
2019-08-20 03:00:00+00:00,30.9,58.79075,0.0,11.681987,123.690094,0.205
2019-08-20 04:00:00+00:00,32.45,52.861614,0.0,11.792404,121.26367,0.204
2019-08-20 05:00:00+00:00,33.45,47.871094,0.0,12.24,118.072395,0.203
2019-08-20 06:00:00+00:00,33.6,45.32522,0.0,14.007655,115.906456,0.203
2019-08-20 07:00:00+00:00,33.1,43.808376,0.0,14.494192,104.38144,0.202
2019-08-20 08:00:00+00:00,32.95,43.22492,0.0,14.408997,102.99462,0.201
2019-08-20 09:00:00+00:00,31.95,47.330276,0.0,15.745627,100.53913,0.201
2019-08-20 10:00:00+00:00,31.05,50.43742,0.0,14.145756,104.743614,0.2
2019-08-20 11:00:00+00:00,29.5,56.33576,0.0,11.792404,102.33907,0.2
2019-08-20 12:00:00+00:00,28.5,63.29835,0.0,10.8955765,82.40546,0.203
2019-08-20 13:00:00+00:00,27.5,74.44572,0.0,9.47012,81.25392,0.203
2019-08-20 14:00:00+00:00,27.0,78.780716,0.0,10.495713,84.093956,0.203
2019-08-20 15:00:00+00:00,26.95,78.29804,0.0,10.8955765,97.59455,0.203
2019-08-20 16:00:00+00:00,27.05,76.43576,0.0,11.27553,106.699326,0.203
2019-08-20 17:00:00+00:00,26.7,74.99787,0.0,9.693296,121.328636,0.203
2019-08-20 18:00:00+00:00,26.15,75.36916,0.0,8.714677,128.2902,0.203
2019-08-20 19:00:00+00:00,25.6,78.343124,0.0,8.714677,128.2902,0.203
2019-08-20 20:00:00+00:00,25.1,82.956726,0.0,8.404285,133.26433,0.203
2019-08-20 21:00:00+00:00,24.65,86.259575,0.0,7.10031,149.53453,0.203
2019-08-20 22:00:00+00:00,24.45,87.03238,0.0,7.2,180.0,0.203
2019-08-20 23:00:00+00:00,24.3,87.01879,0.0,6.924738,188.97255,0.203
2019-08-21 00:00:00+00:00,25.15,82.96254,0.0,6.8399997,180.0,0.204
2019-08-21 01:00:00+00:00,26.65,78.49303,0.0,6.9899354,168.11136,0.204
2019-08-21 02:00:00+00:00,28.9,69.666824,0.0,9.422101,133.45189,0.203
2019-08-21 03:00:00+00:00,30.3,61.21603,0.1,9.220499,128.65984,0.204
2019-08-21 04:00:00+00:00,30.75,58.041832,0.1,8.669949,131.63345,0.204
2019-08-21 05:00:00+00:00,31.95,52.736584,0.1,8.14587,135.0001,0.204
2019-08-21 06:00:00+00:00,33.1,49.575977,0.1,8.435069,129.80553,0.203
2019-08-21 07:00:00+00:00,33.55,47.457558,0.0,7.2,126.86999,0.203
2019-08-21 08:00:00+00:00,33.8,45.518654,0.0,7.10031,120.46546,0.202
2019-08-21 09:00:00+00:00,33.3,46.236294,0.0,6.725354,105.52418,0.202
2019-08-21 10:00:00+00:00,31.35,51.620884,0.0,12.682018,96.519714,0.201
2019-08-21 11:00:00+00:00,29.1,59.462807,0.0,10.829959,105.42222,0.201
2019-08-21 12:00:00+00:00,27.7,69.22881,0.0,4.379589,170.53775,0.197
2019-08-21 13:00:00+00:00,27.35,78.118774,0.0,5.3999996,143.13002,0.197
2019-08-21 14:00:00+00:00,27.3,73.51258,0.0,4.510787,118.61037,0.197
2019-08-21 15:00:00+00:00,27.2,73.048874,0.0,8.587338,123.02387,0.197
2019-08-21 16:00:00+00:00,26.6,80.656555,0.0,7.5170207,106.699326,0.197
2019-08-21 17:00:00+00:00,26.2,85.88807,0.0,6.924738,98.97255,0.197
2019-08-21 18:00:00+00:00,25.95,87.6939,0.0,6.792466,122.00535,0.197
2019-08-21 19:00:00+00:00,25.65,86.61605,0.0,6.9153743,128.65984,0.197
2019-08-21 20:00:00+00:00,25.3,87.109245,0.0,7.145796,130.91429,0.197
2019-08-21 21:00:00+00:00,25.0,88.14427,0.0,7.7043357,142.59457,0.197
2019-08-21 22:00:00+00:00,24.8,86.80002,0.0,8.707237,150.2552,0.197
2019-08-21 23:00:00+00:00,24.65,86.259575,0.0,8.557102,157.75093,0.197
2019-08-22 00:00:00+00:00,25.75,82.52955,0.0,9.227524,159.44388,0.203
2019-08-22 01:00:00+00:00,27.05,77.603935,0.0,11.609651,150.2552,0.203
2019-08-22 02:00:00+00:00,28.85,67.9858,0.0,10.137692,163.49556,0.202
2019-08-22 03:00:00+00:00,30.1,59.510303,0.0,10.30883,155.22488,0.202
2019-08-22 04:00:00+00:00,31.1,56.546776,0.0,9.585739,145.71307,0.201
2019-08-22 05:00:00+00:00,32.3,52.9861,0.0,9.290511,144.46223,0.201
2019-08-22 06:00:00+00:00,33.05,49.259624,0.0,9.504272,142.69597,0.2
2019-08-22 07:00:00+00:00,33.65,46.186184,0.0,8.209263,127.875046,0.2
2019-08-22 08:00:00+00:00,33.25,46.509674,0.1,9.957108,130.60121,0.2
2019-08-22 09:00:00+00:00,32.05,50.694054,0.1,10.495713,120.96369,0.2
2019-08-22 10:00:00+00:00,31.1,56.201447,0.0,10.028439,111.03758,0.2
2019-08-22 11:00:00+00:00,29.9,60.568024,0.0,10.24578,108.43504,0.2
2019-08-22 12:00:00+00:00,28.95,64.96685,0.0,11.165805,110.77233,0.193
2019-08-22 13:00:00+00:00,28.75,64.92504,0.0,13.049689,114.44395,0.193
2019-08-22 14:00:00+00:00,28.25,70.610825,0.0,12.181625,108.970505,0.193
2019-08-22 15:00:00+00:00,27.85,72.71705,0.0,11.269782,116.56499,0.193
2019-08-22 16:00:00+00:00,27.4,73.08313,0.0,11.592894,126.15828,0.193
2019-08-22 17:00:00+00:00,26.85,74.11234,0.0,10.948973,133.66785,0.193
2019-08-22 18:00:00+00:00,26.15,76.5307,0.0,10.514218,141.95291,0.193
2019-08-22 19:00:00+00:00,25.6,78.58314,0.0,9.659814,153.43501,0.193
2019-08-22 20:00:00+00:00,25.1,80.95476,0.0,9.360001,157.3801,0.193
2019-08-22 21:00:00+00:00,24.7,83.164,0.0,8.766573,160.82089,0.193
2019-08-22 22:00:00+00:00,24.35,85.44462,0.0,8.311245,162.3498,0.193
2019-08-22 23:00:00+00:00,24.05,88.06475,0.0,7.5685663,177.27374,0.193
2019-08-23 00:00:00+00:00,25.05,85.2556,0.0,8.350138,172.56868,0.194
2019-08-23 01:00:00+00:00,26.85,78.0467,0.0,10.24578,161.56496,0.194
2019-08-23 02:00:00+00:00,28.7,67.749855,0.0,11.304229,142.76509,0.193
2019-08-23 03:00:00+00:00,30.3,59.01184,0.0,11.753876,130.0302,0.193
2019-08-23 04:00:00+00:00,31.65,52.016758,0.0,12.4811535,123.23173,0.193
2019-08-23 05:00:00+00:00,32.65,47.95736,0.0,12.55879,117.29949,0.192
2019-08-23 06:00:00+00:00,32.9,45.703045,0.0,12.979984,109.440125,0.191
2019-08-23 07:00:00+00:00,32.25,49.052372,0.1,13.237039,112.38018,0.192
2019-08-23 08:00:00+00:00,32.5,45.73871,0.0,12.181625,108.970505,0.191
2019-08-23 09:00:00+00:00,32.05,47.50405,0.0,12.303366,110.55613,0.191
2019-08-23 10:00:00+00:00,30.85,52.460102,0.0,10.829959,105.42222,0.19
2019-08-23 11:00:00+00:00,29.0,58.891216,0.0,9.0645685,96.84268,0.19
2019-08-23 12:00:00+00:00,27.75,67.769936,0.0,11.013882,78.6901,0.194
2019-08-23 13:00:00+00:00,26.8,78.27658,0.0,8.654986,73.07241,0.194
2019-08-23 14:00:00+00:00,26.2,82.83304,0.0,7.8954163,65.77226,0.194
2019-08-23 15:00:00+00:00,25.85,86.113464,0.0,7.4128532,60.94549,0.194
2019-08-23 16:00:00+00:00,25.55,89.79853,0.0,7.754637,68.19853,0.194
2019-08-23 17:00:00+00:00,25.35,92.248344,0.0,7.172949,72.47434,0.194
2019-08-23 18:00:00+00:00,25.25,93.63819,0.0,7.771331,103.39252,0.194
2019-08-23 19:00:00+00:00,25.25,91.68969,0.0,8.913181,136.63654,0.194
2019-08-23 20:00:00+00:00,25.15,88.959984,0.0,8.714677,141.7098,0.194
2019-08-23 21:00:00+00:00,24.7,89.46548,0.0,7.7879906,146.3099,0.195
2019-08-23 22:00:00+00:00,24.25,90.800125,0.0,7.9036193,149.9315,0.195
2019-08-23 23:00:00+00:00,23.85,93.29003,0.0,7.4128532,150.9455,0.195
2019-08-24 00:00:00+00:00,24.75,88.92872,0.0,7.6367526,171.86998,0.194
2019-08-24 01:00:00+00:00,26.7,78.73859,0.0,11.113451,155.09526,0.194
2019-08-24 02:00:00+00:00,28.75,66.735115,0.0,10.00256,149.74365,0.193
2019-08-24 03:00:00+00:00,30.9,52.961815,0.0,10.086427,145.17545,0.193
2019-08-24 04:00:00+00:00,32.6,42.592995,0.0,9.387651,147.52882,0.192
2019-08-24 05:00:00+00:00,33.65,37.34663,0.0,8.78872,145.0079,0.192
2019-08-24 06:00:00+00:00,34.4,34.58789,0.0,7.7043357,142.59457,0.191
2019-08-24 07:00:00+00:00,34.85,33.20148,0.0,7.145796,139.08571,0.191
2019-08-24 08:00:00+00:00,35.0,32.926517,0.0,6.297428,149.03632,0.19
2019-08-24 09:00:00+00:00,34.05,34.823174,0.0,8.4963045,126.384445,0.19
2019-08-24 10:00:00+00:00,30.7,50.977875,0.0,15.111424,102.38075,0.189
2019-08-24 11:00:00+00:00,29.4,55.101128,0.0,12.43434,112.109505,0.189
2019-08-24 12:00:00+00:00,28.85,57.236412,0.0,11.841756,109.53674,0.189
2019-08-24 13:00:00+00:00,27.9,63.3637,0.0,7.172949,107.52566,0.189
2019-08-24 14:00:00+00:00,26.55,74.51684,0.0,4.3349743,48.366554,0.189
2019-08-24 15:00:00+00:00,26.6,79.20369,0.0,4.6102495,51.34017,0.189
2019-08-24 16:00:00+00:00,26.35,83.857185,0.0,4.510787,61.389645,0.189
2019-08-24 17:00:00+00:00,26.25,85.12032,0.0,6.12,90.0,0.189
2019-08-24 18:00:00+00:00,26.3,83.346886,0.0,6.489992,123.6901,0.189
2019-08-24 19:00:00+00:00,26.05,84.33239,0.0,6.696387,143.74608,0.189
2019-08-24 20:00:00+00:00,25.8,84.05062,0.0,7.24486,153.43501,0.189
2019-08-24 21:00:00+00:00,25.65,82.51771,0.0,8.311245,162.3498,0.189
2019-08-24 22:00:00+00:00,25.5,81.50132,0.0,7.6367526,171.86998,0.189
2019-08-24 23:00:00+00:00,24.95,83.44695,0.0,6.489992,176.82024,0.189
2019-08-25 00:00:00+00:00,25.45,81.24702,0.0,7.2805495,188.53069,0.188
2019-08-25 01:00:00+00:00,27.0,74.81807,0.0,9.47012,171.25392,0.188
2019-08-25 02:00:00+00:00,27.7,71.593216,0.0,8.905908,165.96373,0.188
2019-08-25 03:00:00+00:00,29.2,64.22998,0.0,7.5942082,148.57048,0.187
2019-08-25 04:00:00+00:00,30.65,57.66406,0.0,7.5942082,148.57048,0.187
2019-08-25 05:00:00+00:00,30.65,56.961105,0.0,7.2,143.13002,0.187
2019-08-25 06:00:00+00:00,30.8,55.44342,0.0,6.1305785,139.76372,0.186
2019-08-25 07:00:00+00:00,30.15,58.257595,0.0,2.52,90.0,0.186
2019-08-25 08:00:00+00:00,30.25,59.00025,0.0,2.3051248,38.65983,0.186
2019-08-25 09:00:00+00:00,29.95,62.458416,0.0,2.7416782,23.198618,0.186
2019-08-25 10:00:00+00:00,29.5,64.293434,0.0,4.39436,34.9921,0.185
2019-08-25 11:00:00+00:00,28.35,66.450874,0.0,7.5942073,84.55976,0.185
2019-08-25 12:00:00+00:00,27.25,66.43152,0.0,8.311245,85.03035,0.185
2019-08-25 13:00:00+00:00,27.4,64.84127,0.0,6.9899354,78.11137,0.185
2019-08-25 14:00:00+00:00,26.55,69.43607,0.0,5.95906,64.98315,0.185
2019-08-25 15:00:00+00:00,26.8,70.99481,0.0,7.8625183,74.054535,0.185
2019-08-25 16:00:00+00:00,26.6,79.44424,0.0,7.968939,71.564964,0.185
2019-08-25 17:00:00+00:00,26.55,84.13225,0.0,8.473393,77.735245,0.185
2019-08-25 18:00:00+00:00,26.6,83.8847,0.0,9.885262,100.491425,0.185
2019-08-25 19:00:00+00:00,26.4,83.10695,0.0,7.172949,107.52566,0.185
2019-08-25 20:00:00+00:00,26.15,84.343094,0.0,6.830519,108.43504,0.185
2019-08-25 21:00:00+00:00,26.05,85.35703,0.0,5.904439,127.568665,0.185
2019-08-25 22:00:00+00:00,25.55,89.52866,0.0,2.968636,194.03627,0.185
2019-08-25 23:00:00+00:00,24.2,93.30701,2.9,9.746631,265.76367,0.214
2019-08-26 00:00:00+00:00,24.75,89.46919,1.1,5.904439,232.43134,0.19
2019-08-26 01:00:00+00:00,25.15,89.76959,0.3,6.489992,289.44012,0.192
2019-08-26 02:00:00+00:00,26.05,88.762886,0.2,1.9386592,291.80148,0.194
2019-08-26 03:00:00+00:00,27.95,80.58839,0.0,0.0,270.0,0.194
2019-08-26 04:00:00+00:00,29.2,75.396935,0.0,1.484318,75.96373,0.194
2019-08-26 05:00:00+00:00,30.75,68.14938,0.0,2.5455842,81.86999,0.194
2019-08-26 06:00:00+00:00,31.8,60.262077,0.1,5.0911684,98.13002,0.193
2019-08-26 07:00:00+00:00,29.9,63.98766,0.2,9.9571085,77.4712,0.194
2019-08-26 08:00:00+00:00,30.65,61.294064,0.1,4.8965297,53.972538,0.194
2019-08-26 09:00:00+00:00,31.2,57.26672,0.1,3.7585104,73.300674,0.194
2019-08-26 10:00:00+00:00,30.0,62.851135,0.0,4.3498964,65.55606,0.194
2019-08-26 11:00:00+00:00,27.55,84.74505,0.1,3.671294,101.3099,0.195
2019-08-26 12:00:00+00:00,26.0,99.40972,0.0,2.5959969,56.309914,0.209
2019-08-26 13:00:00+00:00,26.1,94.51815,0.0,5.506941,78.6901,0.209
2019-08-26 14:00:00+00:00,25.95,88.75499,0.0,4.1046314,74.74483,0.209
2019-08-26 15:00:00+00:00,25.65,89.26709,0.0,5.495161,58.392544,0.209
2019-08-26 16:00:00+00:00,25.25,91.965866,0.0,6.1305785,49.76371,0.209
2019-08-26 17:00:00+00:00,25.25,92.79875,0.0,6.1094027,44.999897,0.209
2019-08-26 18:00:00+00:00,25.25,94.20153,0.0,5.95906,64.98315,0.209
2019-08-26 19:00:00+00:00,24.25,96.1686,1.1,2.5959969,213.6901,0.217
2019-08-26 20:00:00+00:00,24.05,97.91761,0.2,6.379216,163.61038,0.219
2019-08-26 21:00:00+00:00,23.7,97.32269,0.0,3.319036,192.5288,0.219
2019-08-26 22:00:00+00:00,23.8,97.61881,0.0,5.8603754,222.5104,0.218
2019-08-26 23:00:00+00:00,23.45,97.612595,1.5,5.3517847,250.34608,0.238
2019-08-27 00:00:00+00:00,25.25,92.520386,1.0,4.6102495,218.65984,0.276
2019-08-27 01:00:00+00:00,25.9,87.95393,0.0,8.64,180.0,0.276
2019-08-27 02:00:00+00:00,27.15,82.69452,0.0,6.28713,203.6294,0.275
2019-08-27 03:00:00+00:00,28.25,78.71857,0.1,7.628263,160.70985,0.275
2019-08-27 04:00:00+00:00,30.15,68.23838,0.2,4.6938252,175.60138,0.274
2019-08-27 05:00:00+00:00,28.7,74.41707,0.4,3.319036,257.4712,0.275
2019-08-27 06:00:00+00:00,28.55,77.58982,3.9,5.815978,21.801476,0.318
2019-08-27 07:00:00+00:00,27.05,87.78795,8.4,7.208994,87.13766,0.402
2019-08-27 08:00:00+00:00,26.9,92.06006,0.8,3.096837,35.537766,0.391
2019-08-27 09:00:00+00:00,26.95,91.51763,0.4,3.7585104,16.699326,0.382
2019-08-27 10:00:00+00:00,26.85,94.828156,0.1,1.484318,345.9637,0.374
2019-08-27 11:00:00+00:00,25.85,99.40908,0.3,2.4149535,243.43501,0.369
2019-08-27 12:00:00+00:00,26.0,92.56054,0.3,5.0528407,265.91446,0.33
2019-08-27 13:00:00+00:00,25.65,93.097755,0.2,1.8,180.0,0.329
2019-08-27 14:00:00+00:00,24.25,100.0,3.3,5.04,90.0,0.363
2019-08-27 15:00:00+00:00,24.2,100.0,0.4,3.0758414,20.556128,0.362
2019-08-27 16:00:00+00:00,24.3,97.04227,0.0,3.8773184,21.801476,0.357
2019-08-27 17:00:00+00:00,23.8,100.0,3.7,1.609969,206.56499,0.401
2019-08-27 18:00:00+00:00,23.75,100.0,4.4,1.835647,191.30989,0.418
2019-08-27 19:00:00+00:00,23.6,100.0,1.8,2.7416782,156.80138,0.412
2019-08-27 20:00:00+00:00,23.0,100.0,4.4,5.3517847,199.65392,0.423
2019-08-27 21:00:00+00:00,22.7,100.0,0.1,7.8954163,223.1524,0.399
2019-08-27 22:00:00+00:00,22.6,100.0,0.1,2.8799999,180.0,0.389
2019-08-27 23:00:00+00:00,22.7,96.712105,0.0,5.1544156,167.90526,0.382
2019-08-28 00:00:00+00:00,23.75,97.91291,0.0,4.73506,171.25392,0.375
2019-08-28 01:00:00+00:00,24.8,93.055336,0.0,7.9526596,185.19434,0.369
2019-08-28 02:00:00+00:00,25.25,93.35765,0.3,6.9899354,191.88864,0.366
2019-08-28 03:00:00+00:00,25.6,95.63401,0.5,7.42159,194.03627,0.365
2019-08-28 04:00:00+00:00,26.55,92.04021,0.6,5.00128,210.25635,0.364
2019-08-28 05:00:00+00:00,26.75,93.984985,0.7,3.671294,258.6901,0.365
2019-08-28 06:00:00+00:00,26.25,90.11816,8.0,4.8965297,306.02747,0.423
2019-08-28 07:00:00+00:00,26.25,92.29812,2.4,3.096837,324.46225,0.408
2019-08-28 08:00:00+00:00,26.2,94.52215,0.4,4.829907,206.56499,0.397
2019-08-28 09:00:00+00:00,26.45,93.41479,0.2,3.8268526,138.81418,0.39
2019-08-28 10:00:00+00:00,26.5,88.26828,0.0,5.495161,148.39255,0.383
2019-08-28 11:00:00+00:00,25.35,96.48718,0.0,2.8116899,230.19447,0.378
2019-08-28 12:00:00+00:00,24.6,98.51474,0.0,3.6,180.0,0.366
2019-08-28 13:00:00+00:00,24.8,97.92913,0.0,6.12,180.0,0.362
2019-08-28 14:00:00+00:00,24.65,97.92681,0.0,6.489992,160.55988,0.359
2019-08-28 15:00:00+00:00,24.35,98.808,0.0,6.5693827,170.53775,0.356
2019-08-28 16:00:00+00:00,24.15,99.10353,0.0,5.5887027,165.06853,0.353
2019-08-28 17:00:00+00:00,24.0,98.80488,0.0,5.1544156,167.90526,0.351
2019-08-28 18:00:00+00:00,23.9,98.210754,0.0,5.4119864,176.186,0.349
2019-08-28 19:00:00+00:00,23.85,97.619705,0.0,6.130579,176.6336,0.347
2019-08-28 20:00:00+00:00,23.75,97.61793,0.0,6.87779,173.99109,0.345
2019-08-28 21:00:00+00:00,23.65,97.61617,0.0,7.2359104,174.2895,0.343
2019-08-28 22:00:00+00:00,23.6,97.3207,0.0,6.87779,186.00891,0.341
2019-08-28 23:00:00+00:00,23.55,97.31975,0.0,7.208994,182.86235,0.34
2019-08-29 00:00:00+00:00,23.9,97.32668,0.0,7.42159,194.03627,0.339
2019-08-29 01:00:00+00:00,24.9,91.66889,0.0,9.3876505,175.60138,0.338
2019-08-29 02:00:00+00:00,26.2,86.66707,0.0,11.165805,159.22766,0.336
2019-08-29 03:00:00+00:00,27.25,80.01391,0.0,12.245293,155.69547,0.335
2019-08-29 04:00:00+00:00,28.85,71.79758,0.1,13.363711,152.74475,0.333
2019-08-29 05:00:00+00:00,30.2,64.24586,0.0,12.783802,147.65259,0.331
2019-08-29 06:00:00+00:00,31.05,62.697872,0.0,11.113451,155.09526,0.329
2019-08-29 07:00:00+00:00,31.5,60.9276,0.0,10.630672,151.69934,0.326
2019-08-29 08:00:00+00:00,31.4,61.460594,0.0,10.587918,144.6887,0.324
2019-08-29 09:00:00+00:00,30.3,64.26696,0.0,11.480557,131.18582,0.323
2019-08-29 10:00:00+00:00,28.8,72.88053,0.0,9.511088,119.4758,0.321
2019-08-29 11:00:00+00:00,27.7,77.46508,0.0,9.422101,133.45189,0.321
2019-08-29 12:00:00+00:00,27.5,78.376465,0.0,10.787993,115.70991,0.315
2019-08-29 13:00:00+00:00,26.95,81.68122,0.0,9.290511,125.537766,0.314
2019-08-29 14:00:00+00:00,26.55,83.62687,0.0,8.404285,136.73567,0.314
2019-08-29 15:00:00+00:00,26.2,85.11522,0.0,6.989936,145.49142,0.313
2019-08-29 16:00:00+00:00,25.65,87.66808,0.0,7.7879906,146.3099,0.313
2019-08-29 17:00:00+00:00,25.25,89.236725,0.0,7.289445,147.09476,0.312
2019-08-29 18:00:00+00:00,25.0,90.57556,0.0,7.289444,159.77505,0.312
2019-08-29 19:00:00+00:00,24.65,91.93124,0.0,7.5942073,174.55975,0.311
2019-08-29 20:00:00+00:00,24.5,90.81656,0.0,6.924738,171.02745,0.311
2019-08-29 21:00:00+00:00,24.35,89.16798,0.0,8.557102,157.75093,0.31
2019-08-29 22:00:00+00:00,24.6,85.992424,0.0,9.885262,146.88864,0.31
2019-08-29 23:00:00+00:00,24.45,85.7159,0.0,8.654986,163.0724,0.309
2019-08-30 00:00:00+00:00,24.5,88.10249,0.0,8.427383,160.0168,0.309
2019-08-30 01:00:00+00:00,26.0,79.60408,0.0,8.707238,172.87508,0.308
2019-08-30 02:00:00+00:00,27.6,67.11903,0.0,11.298495,157.52052,0.307
2019-08-30 03:00:00+00:00,29.55,55.481297,0.0,13.217443,150.64235,0.305
2019-08-30 04:00:00+00:00,31.0,49.03155,0.0,15.072783,139.84407,0.303
2019-08-30 05:00:00+00:00,32.25,43.035717,0.0,15.530151,135.9391,0.301
2019-08-30 06:00:00+00:00,32.9,42.807972,0.0,14.291592,139.08571,0.3
2019-08-30 07:00:00+00:00,33.05,43.658615,0.0,13.608762,142.52374,0.298
2019-08-30 08:00:00+00:00,32.85,46.54793,0.0,13.392774,143.74608,0.296
2019-08-30 09:00:00+00:00,31.95,49.892178,0.0,14.529915,138.01286,0.295
2019-08-30 10:00:00+00:00,30.4,58.49514,0.0,9.885262,123.11135,0.294
2019-08-30 11:00:00+00:00,28.3,65.23,0.0,11.874544,104.03627,0.293
2019-08-30 12:00:00+00:00,27.4,64.44153,0.0,10.948973,117.40749,0.289
2019-08-30 13:00:00+00:00,26.4,67.29352,0.0,9.19939,120.57915,0.289
2019-08-30 14:00:00+00:00,26.2,69.58421,0.0,10.464797,116.56499,0.289
2019-08-30 15:00:00+00:00,26.2,71.104065,0.0,10.587918,125.311295,0.289
2019-08-30 16:00:00+00:00,25.75,72.79865,0.0,10.182337,135.0001,0.289
2019-08-30 17:00:00+00:00,25.15,73.82783,0.0,9.449572,139.63554,0.288
2019-08-30 18:00:00+00:00,24.45,76.03215,0.0,9.085988,146.3099,0.288
2019-08-30 19:00:00+00:00,23.9,78.82638,0.0,9.085988,146.3099,0.288
2019-08-30 20:00:00+00:00,23.6,81.261696,0.0,8.854829,153.43501,0.288
2019-08-30 21:00:00+00:00,23.1,84.531425,0.0,8.209263,164.74483,0.288
2019-08-30 22:00:00+00:00,22.55,87.39644,0.0,8.707238,172.87508,0.288
2019-08-30 23:00:00+00:00,22.1,89.82183,0.0,9.0,180.0,0.287
2019-08-31 00:00:00+00:00,23.0,87.167725,0.0,9.422101,173.41815,0.288
2019-08-31 01:00:00+00:00,25.35,78.06751,0.0,9.6932955,164.93146,0.288
2019-08-31 02:00:00+00:00,27.55,69.20027,0.0,12.7279215,151.2603,0.287
2019-08-31 03:00:00+00:00,29.2,60.409336,0.0,14.336861,141.1155,0.286
2019-08-31 04:00:00+00:00,30.6,53.38,0.0,14.003028,133.95847,0.284
2019-08-31 05:00:00+00:00,31.7,48.60656,0.0,13.276144,130.60121,0.283
2019-08-31 06:00:00+00:00,32.45,45.44147,0.0,14.186923,125.70678,0.281
2019-08-31 07:00:00+00:00,32.85,42.928585,0.0,13.896187,126.57312,0.28
2019-08-31 08:00:00+00:00,32.75,41.838634,0.0,11.808878,127.568665,0.279
2019-08-31 09:00:00+00:00,31.05,53.32754,0.0,13.75558,96.00892,0.278
2019-08-31 10:00:00+00:00,29.55,60.488792,0.0,11.966954,105.7087,0.277
2019-08-31 11:00:00+00:00,28.55,63.69951,0.0,10.931203,107.241554,0.277
2019-08-31 12:00:00+00:00,28.25,61.892876,0.0,11.753877,117.34979,0.274
2019-08-31 13:00:00+00:00,27.25,66.43152,0.0,10.137692,106.50443,0.274
2019-08-31 14:00:00+00:00,26.3,79.40323,0.0,8.647496,92.385895,0.274
2019-08-31 15:00:00+00:00,25.85,84.56633,0.0,8.64,90.0,0.274
2019-08-31 16:00:00+00:00,25.55,84.79113,0.0,8.350138,97.43131,0.274
2019-08-31 17:00:00+00:00,25.25,86.31678,0.0,8.225035,113.198616,0.274
2019-08-31 18:00:00+00:00,24.7,90.55537,0.0,7.10031,149.53453,0.274
2019-08-31 19:00:00+00:00,24.3,90.803444,0.0,8.089993,159.14546,0.274
2019-08-31 20:00:00+00:00,23.9,86.98236,0.0,8.311245,162.3498,0.274
2019-08-31 21:00:00+00:00,23.4,86.1392,0.0,7.5170207,163.30067,0.274
2019-08-31 22:00:00+00:00,23.0,87.167725,0.0,7.771331,166.60748,0.273
2019-08-31 23:00:00+00:00,22.85,87.96311,0.0,7.771331,166.60748,0.273
2019-09-01 00:00:00+00:00,23.85,85.656166,0.0,7.5685663,154.65387,0.279
2019-09-01 01:00:00+00:00,26.0,77.2127,0.0,8.049845,153.43501,0.278
2019-09-01 02:00:00+00:00,28.1,68.88314,0.0,8.373386,154.5367,0.278
2019-09-01 03:00:00+00:00,30.05,59.681442,0.0,8.089993,159.14546,0.276
2019-09-01 04:00:00+00:00,31.55,53.452137,0.0,8.766573,160.82089,0.275
2019-09-01 05:00:00+00:00,32.65,48.853992,0.0,8.225035,156.80139,0.274
2019-09-01 06:00:00+00:00,33.6,44.629223,0.0,7.4128532,150.9455,0.272
2019-09-01 07:00:00+00:00,34.2,42.1004,0.0,6.489992,146.3099,0.271
2019-09-01 08:00:00+00:00,33.65,42.47814,0.0,7.653705,131.18582,0.27
2019-09-01 09:00:00+00:00,31.7,52.673912,0.0,12.849528,101.3099,0.269
2019-09-01 10:00:00+00:00,29.55,56.87347,0.0,13.138765,99.46225,0.268
2019-09-01 11:00:00+00:00,28.45,59.12867,0.0,9.779817,96.340096,0.268
2019-09-01 12:00:00+00:00,27.95,61.444252,0.0,9.47012,98.74608,0.266
2019-09-01 13:00:00+00:00,26.65,71.62443,0.0,3.8268526,221.18582,0.266
2019-09-01 14:00:00+00:00,27.65,63.70239,0.0,1.0182338,315.0001,0.266
2019-09-01 15:00:00+00:00,26.1,76.289406,0.0,3.8268526,48.814175,0.266
2019-09-01 16:00:00+00:00,25.3,81.4763,0.0,4.5536795,71.564964,0.266
2019-09-01 17:00:00+00:00,25.6,85.311516,0.0,7.072878,75.25639,0.266
2019-09-01 18:00:00+00:00,25.45,90.06203,0.0,7.9526596,95.19434,0.266
2019-09-01 19:00:00+00:00,25.2,91.41122,0.0,7.9036193,120.0685,0.266
2019-09-01 20:00:00+00:00,24.9,92.22325,0.0,7.42159,140.90616,0.266
2019-09-01 21:00:00+00:00,24.7,91.38045,0.0,8.0899935,147.72438,0.266
2019-09-01 22:00:00+00:00,24.35,91.08237,0.0,8.534353,152.35411,0.266
2019-09-01 23:00:00+00:00,24.0,92.1727,0.0,7.8625183,164.05453,0.266
2019-09-02 00:00:00+00:00,25.1,87.62048,0.0,6.5693827,170.53775,0.267
2019-09-02 01:00:00+00:00,26.9,79.96731,0.0,8.225035,156.80139,0.266
2019-09-02 02:00:00+00:00,28.95,70.31197,0.0,9.290511,144.46223,0.266
2019-09-02 03:00:00+00:00,30.85,59.50066,0.0,10.691453,135.0001,0.265
2019-09-02 04:00:00+00:00,32.55,51.2919,0.0,11.200571,135.0001,0.263
2019-09-02 05:00:00+00:00,33.65,46.758987,0.0,11.966954,133.7812,0.262
2019-09-02 06:00:00+00:00,34.15,44.226368,0.0,11.480557,131.18582,0.261
2019-09-02 07:00:00+00:00,33.85,45.251762,0.0,11.983188,122.73522,0.26
2019-09-02 08:00:00+00:00,32.8,48.892933,0.0,13.37825,113.80595,0.259
2019-09-02 09:00:00+00:00,31.35,53.238186,0.0,14.917212,109.74693,0.258
2019-09-02 10:00:00+00:00,30.25,57.216587,0.0,13.570615,111.801476,0.258
2019-09-02 11:00:00+00:00,28.8,60.87925,0.0,11.525623,104.47034,0.257
2019-09-02 12:00:00+00:00,28.2,64.21461,0.0,10.390226,104.03627,0.259
2019-09-02 13:00:00+00:00,27.0,71.90678,0.0,8.707238,97.12492,0.259
2019-09-02 14:00:00+00:00,26.35,77.26498,0.0,8.28,90.0,0.259
2019-09-02 15:00:00+00:00,26.0,81.563644,0.0,7.6367526,81.86999,0.259
2019-09-02 16:00:00+00:00,25.75,88.20651,0.0,6.849467,86.98728,0.259
2019-09-02 17:00:00+00:00,25.55,93.652,0.0,6.725354,105.52418,0.259
2019-09-02 18:00:00+00:00,25.5,95.9168,0.0,5.634891,116.56499,0.259
2019-09-02 19:00:00+00:00,25.55,95.34729,0.0,7.8954163,114.22774,0.259
2019-09-02 20:00:00+00:00,25.35,93.6428,0.0,7.7043357,127.40543,0.259
2019-09-02 21:00:00+00:00,25.05,93.06786,0.0,7.653705,138.81418,0.259
2019-09-02 22:00:00+00:00,24.8,93.33602,0.0,6.989936,145.49142,0.259
2019-09-02 23:00:00+00:00,24.55,94.172005,0.0,5.6920996,161.56496,0.259
2019-09-03 00:00:00+00:00,25.75,90.35403,0.0,5.5887027,194.93147,0.259
2019-09-03 01:00:00+00:00,27.35,81.976326,0.0,8.287822,177.5105,0.259
2019-09-03 02:00:00+00:00,28.4,76.4115,0.0,8.891343,148.24057,0.258
2019-09-03 03:00:00+00:00,29.85,69.21605,0.0,10.464797,153.43501,0.258
2019-09-03 04:00:00+00:00,31.25,62.36332,0.1,8.766573,160.82089,0.258
2019-09-03 05:00:00+00:00,32.35,56.67267,0.0,11.246759,140.19447,0.257
2019-09-03 06:00:00+00:00,33.05,53.49723,0.0,10.799999,143.13002,0.256
2019-09-03 07:00:00+00:00,33.45,49.21187,0.0,9.957108,139.39879,0.255
2019-09-03 08:00:00+00:00,33.9,47.695183,0.0,9.686609,131.98714,0.254
2019-09-03 09:00:00+00:00,33.15,48.534035,0.0,11.165805,110.77233,0.253
2019-09-03 10:00:00+00:00,31.15,57.95849,0.0,11.966953,96.91113,0.253
2019-09-03 11:00:00+00:00,29.55,63.71864,0.0,11.177405,104.93147,0.252
2019-09-03 12:00:00+00:00,29.1,64.80002,0.0,10.483357,105.945465,0.251
2019-09-03 13:00:00+00:00,28.45,67.70068,0.0,6.3690495,132.70937,0.251
2019-09-03 14:00:00+00:00,27.95,70.127045,0.0,4.8433046,138.01286,0.251
2019-09-03 15:00:00+00:00,26.95,78.29804,0.0,5.991594,122.73522,0.251
2019-09-03 16:00:00+00:00,27.1,76.44343,0.0,6.725354,105.52418,0.251
2019-09-03 17:00:00+00:00,26.6,78.485886,0.0,8.287822,124.3804,0.251
2019-09-03 18:00:00+00:00,26.4,78.696365,0.0,9.957108,130.60121,0.251
2019-09-03 19:00:00+00:00,25.9,81.0571,0.0,10.182337,135.0001,0.251
2019-09-03 20:00:00+00:00,25.15,86.04587,0.0,8.714677,141.7098,0.251
2019-09-03 21:00:00+00:00,24.75,88.92872,0.0,9.931042,136.46873,0.251
2019-09-03 22:00:00+00:00,24.55,90.81987,0.0,9.178235,138.17992,0.251
2019-09-03 23:00:00+00:00,24.2,93.30701,0.0,8.287822,145.6196,0.251
2019-09-04 00:00:00+00:00,25.65,88.998825,0.0,8.707237,150.2552,0.252
2019-09-04 01:00:00+00:00,27.3,82.21689,0.0,8.39657,149.03632,0.252
2019-09-04 02:00:00+00:00,29.2,69.934044,0.0,9.085988,146.3099,0.251
2019-09-04 03:00:00+00:00,30.9,58.07703,0.0,9.19939,149.42085,0.25
2019-09-04 04:00:00+00:00,32.5,48.965908,0.0,8.4963045,143.61555,0.249
2019-09-04 05:00:00+00:00,33.75,42.903763,0.0,8.404285,133.26433,0.248
2019-09-04 06:00:00+00:00,34.55,38.91277,0.0,7.7043357,127.40543,0.247
2019-09-04 07:00:00+00:00,34.85,38.030987,0.0,7.9036193,120.0685,0.246
2019-09-04 08:00:00+00:00,33.9,38.250576,0.0,10.636766,113.962494,0.245
2019-09-04 09:00:00+00:00,32.75,37.099293,0.0,10.538843,97.853226,0.244
2019-09-04 10:00:00+00:00,30.85,46.16121,0.0,9.0,90.0,0.244
2019-09-04 11:00:00+00:00,28.6,61.970554,0.0,9.793058,107.10281,0.243
2019-09-04 12:00:00+00:00,28.35,63.26588,0.0,11.592895,115.76928,0.24
2019-09-04 13:00:00+00:00,27.65,64.89386,0.0,9.826088,118.442825,0.24
2019-09-04 14:00:00+00:00,27.1,67.433304,0.0,8.707237,119.74479,0.24
2019-09-04 15:00:00+00:00,26.65,72.95434,0.0,6.151683,110.55613,0.24
2019-09-04 16:00:00+00:00,26.2,79.87363,0.0,5.154415,65.22488,0.24
2019-09-04 17:00:00+00:00,26.0,85.0947,0.0,5.0142193,68.96242,0.24
2019-09-04 18:00:00+00:00,25.95,86.64389,0.0,6.87779,96.00892,0.24
2019-09-04 19:00:00+00:00,25.55,86.345314,0.0,8.0899935,122.27562,0.24
2019-09-04 20:00:00+00:00,25.15,88.959984,0.0,8.161764,131.42357,0.24
2019-09-04 21:00:00+00:00,24.8,91.11105,0.0,8.161764,131.42357,0.241
2019-09-04 22:00:00+00:00,24.3,93.311874,0.0,8.161764,131.42357,0.241
2019-09-04 23:00:00+00:00,24.0,95.00674,0.0,8.587338,146.97614,0.241
2019-09-05 00:00:00+00:00,24.55,89.72595,0.0,9.0,180.0,0.241
2019-09-05 01:00:00+00:00,26.45,81.61946,0.0,9.504273,155.37645,0.241
2019-09-05 02:00:00+00:00,28.5,71.086464,0.0,9.220499,141.34016,0.241
2019-09-05 03:00:00+00:00,30.4,60.866188,0.0,8.217153,151.1893,0.24
2019-09-05 04:00:00+00:00,31.95,50.98192,0.0,7.729527,152.24155,0.239
2019-09-05 05:00:00+00:00,33.1,43.53614,0.0,7.289445,147.09476,0.238
2019-09-05 06:00:00+00:00,34.1,38.91193,0.0,7.145796,139.08571,0.237
2019-09-05 07:00:00+00:00,34.4,37.670406,0.0,6.4096174,141.84273,0.236
2019-09-05 08:00:00+00:00,34.45,37.68409,0.0,7.127636,135.0001,0.235
2019-09-05 09:00:00+00:00,32.55,46.180775,0.0,12.522619,108.43504,0.235
2019-09-05 10:00:00+00:00,30.45,51.873356,0.0,11.090103,103.13403,0.234
2019-09-05 11:00:00+00:00,28.9,53.6206,0.0,10.931203,107.241554,0.234
2019-09-05 12:00:00+00:00,27.65,57.306335,0.0,11.043261,109.025696,0.232
2019-09-05 13:00:00+00:00,26.75,62.137096,0.0,7.8954163,114.22774,0.232
2019-09-05 14:00:00+00:00,26.35,67.28347,0.0,6.297428,120.963684,0.232
2019-09-05 15:00:00+00:00,26.8,64.313835,0.0,4.379589,80.53775,0.232
2019-09-05 16:00:00+00:00,25.15,77.56047,0.0,4.896529,72.89719,0.232
